Student_ID,Marital Status,Application mode,Application order,Course,Daytime/evening attendance,Previous qualification,Previous qualification (grade),Nacionality,Mother's qualification,Father's qualification,Mother's occupation,Father's occupation,Admission grade,Displaced,Educational special needs,Debtor,Tuition fees up to date,Gender,Scholarship holder,Age at enrollment,International,Curricular units 1st sem (credited),Curricular units 1st sem (enrolled),Curricular units 1st sem (evaluations),Curricular units 1st sem (approved),Curricular units 1st sem (grade),Curricular units 1st sem (without evaluations),Curricular units 2nd sem (credited),Curricular units 2nd sem (enrolled),Curricular units 2nd sem (evaluations),Curricular units 2nd sem (approved),Curricular units 2nd sem (grade),Curricular units 2nd sem (without evaluations),Unemployment rate,Inflation rate,GDP,academic_momentum,engagement_ratio,financial_stress_index,early_performance_score,Cluster,Target,Risk_Status,Risk_Score,trajectory_deteriorating
1,1,1,1,9238,1,1,138.0,1,1,19,4,7,123.0,1,0,1,0,0,0,18,0,0,6,9,5,11.4,0,0,6,14,2,13.5,0,8.9,1.4,3.51,2.1,0.2857142857142857,3,8.142857142857144,0,Dropout,AT RISK,49.4,False
2,1,18,1,9238,1,1,137.0,1,19,38,5,8,137.4,1,0,0,1,0,0,18,0,0,6,10,1,12.0,0,0,6,14,2,11.0,0,10.8,1.4,1.74,-1.0,0.2857142857142857,1,1.7142857142857142,0,Enrolled,AT RISK,76.4,False
3,1,1,1,9238,1,1,151.0,1,19,38,9,9,157.0,1,0,1,1,0,1,18,0,0,6,8,5,11.6,0,0,6,12,4,11.0,0,7.6,2.6,0.32,-0.5999999999999996,0.5714285714285714,1,8.285714285714286,0,Enrolled,AT RISK,64.7,False
4,1,1,1,9147,1,1,143.0,1,1,1,4,6,138.8,0,0,0,0,1,0,18,0,0,5,9,3,11.33333333,0,0,5,8,2,13.5,0,8.9,1.4,3.51,2.16666667,0.3333333333333333,2,5.666666665,0,Enrolled,AT RISK,61.1,False
5,1,1,1,9991,0,1,130.0,1,2,37,3,9,131.4,0,0,0,1,1,0,34,0,0,5,6,5,12.4,0,0,5,9,5,13.42857143,0,13.9,-0.3,0.79,1.0285714299999995,0.8333333333333334,1,10.333333333333334,0,Graduate,AT RISK,19.4,False
6,1,17,1,9773,1,1,120.0,1,1,38,5,5,121.4,0,0,0,0,0,0,20,0,0,6,7,4,13.0,0,0,6,7,5,13.8,0,12.4,0.5,1.79,0.8000000000000007,0.7142857142857143,2,7.428571428571428,0,Dropout,AT RISK,72.0,False
7,1,1,1,9773,1,1,127.0,1,1,19,7,7,121.8,1,0,0,1,0,1,20,0,0,6,11,4,14.0,0,0,6,12,3,11.0,0,9.4,-0.8,-3.12,-3.0,0.4285714285714285,0,8.0,0,Enrolled,AT RISK,74.9,False
8,1,39,1,9991,0,1,130.0,1,38,38,9,9,120.0,0,0,0,1,0,0,27,0,0,5,12,5,10.6,0,0,5,10,5,11.0,0,9.4,-0.8,-3.12,0.4000000000000003,0.8333333333333334,1,8.833333333333334,0,Dropout,AT RISK,34.0,False
9,1,17,1,9070,1,1,127.0,1,1,1,3,4,130.2,1,0,0,1,1,0,19,0,0,6,6,5,11.4,0,0,6,8,1,10.0,0,10.8,1.4,1.74,-1.4000000000000004,0.1428571428571428,1,8.142857142857144,0,Enrolled,AT RISK,79.2,True
10,1,39,1,9254,1,1,160.0,1,19,37,7,10,100.0,0,0,0,1,1,0,26,0,0,6,7,6,12.0,0,0,6,8,5,10.8,0,12.7,3.7,-1.7,-1.1999999999999993,0.7142857142857143,1,10.285714285714285,0,Enrolled,AT RISK,66.9,True
11,1,1,2,9773,1,1,142.0,1,38,38,9,9,132.9,1,0,0,1,1,0,18,0,0,6,8,6,12.33333333,0,0,6,11,3,12.33333333,0,10.8,1.4,1.74,0.0,0.4285714285714285,1,10.571428568571427,0,Graduate,AT RISK,84.3,True
12,1,17,3,9147,1,1,120.0,1,19,19,4,7,115.5,1,0,1,1,1,0,18,0,0,5,8,3,10.33333333,0,0,5,11,3,10.85714286,0,10.8,1.4,1.74,0.5238095299999994,0.5,2,5.166666665,0,Dropout,AT RISK,73.0,False
13,1,17,1,9254,1,1,120.0,1,19,19,4,4,125.5,0,0,0,1,1,0,18,0,0,5,6,5,12.0,0,0,5,8,3,11.33333333,0,12.7,3.7,-1.7,-0.6666666699999997,0.5,1,10.0,0,Enrolled,AT RISK,91.0,True
14,1,39,1,9670,1,1,120.0,1,1,19,4,5,100.0,0,0,0,1,0,1,25,0,0,5,7,4,10.5,0,0,5,7,5,11.6,0,9.4,-0.8,-3.12,1.0999999999999996,0.8333333333333334,0,7.0,0,Graduate,AT RISK,70.3,False
15,1,17,2,9853,1,1,133.1,1,19,1,9,3,107.0,1,0,0,1,0,0,20,0,0,7,12,6,11.66666667,0,0,7,10,3,13.0,0,16.2,0.3,-0.92,1.3333333300000003,0.375,1,8.7500000025,0,Enrolled,AT RISK,76.9,True
16,1,17,2,9147,1,1,123.0,1,1,38,4,7,115.3,1,0,0,1,0,1,18,0,0,5,9,3,13.0,0,0,5,11,3,11.0,0,8.9,1.4,3.51,-2.0,0.5,0,6.5,0,Enrolled,AT RISK,81.9,False
17,1,17,1,9238,1,1,154.0,1,19,37,9,7,140.4,1,0,0,1,0,1,20,0,0,6,13,2,10.0,0,0,6,12,4,10.75,0,7.6,2.6,0.32,0.75,0.5714285714285714,0,2.8571428571428568,0,Enrolled,AT RISK,71.2,False
18,1,17,1,9147,1,1,120.0,1,19,19,3,3,113.4,0,0,0,1,0,0,20,0,0,5,11,3,10.33333333,0,0,5,10,3,10.66666667,0,12.4,0.5,1.79,0.3333333399999993,0.5,1,5.166666665,0,Enrolled,AT RISK,94.2,False
19,1,17,1,9254,1,1,133.1,1,1,1,4,5,131.0,1,0,0,1,0,0,21,0,0,6,12,3,11.0,0,0,6,12,2,11.0,0,9.4,-0.8,-3.12,0.0,0.2857142857142857,1,4.714285714285714,0,Dropout,AT RISK,84.8,False
20,1,1,1,9670,1,1,117.0,1,1,38,3,9,109.3,0,0,1,0,0,1,19,0,0,6,7,5,12.0,0,0,6,9,4,12.5,0,12.4,0.5,1.79,0.5,0.5714285714285714,2,8.571428571428571,0,Dropout,AT RISK,59.3,True
21,1,17,1,9670,1,1,120.0,1,19,19,5,5,113.0,1,0,0,1,0,0,20,0,0,5,7,4,12.2,0,0,5,5,4,11.5,0,7.6,2.6,0.32,-0.6999999999999993,0.6666666666666666,1,8.133333333333333,0,Graduate,AT RISK,94.2,False
22,1,17,1,9254,1,1,113.0,1,1,37,9,10,117.2,1,0,0,1,0,0,20,0,0,6,8,5,11.2,0,0,6,12,3,11.66666667,0,7.6,2.6,0.32,0.4666666700000004,0.4285714285714285,1,8.0,0,Dropout,AT RISK,89.9,False
23,1,17,1,9853,1,1,138.0,1,38,38,7,6,124.7,1,0,0,1,0,0,18,0,0,6,11,3,12.33333333,0,0,6,10,5,10.83333333,0,9.4,-0.8,-3.12,-1.5,0.7142857142857143,1,5.2857142842857145,0,Enrolled,AT RISK,86.3,False
24,1,43,1,9853,1,1,115.0,1,3,37,2,5,108.7,1,0,0,1,0,0,21,0,0,6,10,3,12.66666667,0,0,6,12,3,10.0,0,9.4,-0.8,-3.12,-2.66666667,0.4285714285714285,1,5.42857143,0,Dropout,AT RISK,72.4,False
25,1,1,1,9853,1,1,129.0,1,38,37,6,6,138.1,0,0,0,1,0,0,19,0,0,6,8,6,12.0,0,0,6,10,4,11.5,0,7.6,2.6,0.32,-0.5,0.5714285714285714,1,10.285714285714285,0,Dropout,AT RISK,89.5,True
26,1,1,3,9238,1,1,125.0,1,19,1,9,10,123.6,1,0,0,1,0,0,20,0,0,6,10,4,11.0,0,0,6,9,6,11.83333333,0,9.4,-0.8,-3.12,0.8333333300000003,0.8571428571428571,1,6.285714285714286,0,Graduate,AT RISK,81.1,False
27,1,17,3,9238,1,1,125.0,1,19,19,7,8,121.5,0,0,0,1,0,0,19,0,0,6,10,5,11.66666667,0,0,6,12,4,11.0,0,13.9,-0.3,0.79,-0.6666666699999997,0.5714285714285714,1,8.333333335714286,0,Graduate,AT RISK,93.5,False
28,1,43,1,9238,1,1,125.0,1,19,19,4,8,117.0,1,0,0,1,0,0,21,0,0,6,13,3,12.0,0,0,6,12,2,11.33333333,0,16.2,0.3,-0.92,-0.6666666699999997,0.2857142857142857,1,5.142857142857142,0,Dropout,AT RISK,82.1,False
29,1,17,2,9254,1,1,125.0,1,37,37,9,8,122.6,1,0,1,0,0,0,20,0,0,6,8,4,11.75,0,0,6,6,6,13.16666667,0,11.1,0.6,2.02,1.4166666699999997,0.8571428571428571,3,6.7142857142857135,0,Dropout,AT RISK,53.9,False
30,1,1,1,9670,1,1,131.0,1,37,37,9,9,123.0,1,0,0,1,0,1,18,0,0,5,6,3,11.66666667,0,0,5,6,4,13.5,0,7.6,2.6,0.32,1.8333333300000003,0.6666666666666666,0,5.833333335,0,Enrolled,AT RISK,75.2,False
31,1,39,1,9853,1,1,130.0,1,37,19,9,5,102.5,0,0,0,1,0,0,27,0,0,6,9,5,13.2,0,0,6,10,5,12.0,0,7.6,2.6,0.32,-1.1999999999999993,0.7142857142857143,1,9.428571428571429,0,Graduate,AT RISK,74.9,True
32,1,18,2,9147,1,1,132.0,1,3,3,5,7,119.1,1,0,1,0,0,0,20,0,0,5,9,3,10.0,0,0,5,9,3,10.57142857,0,10.8,1.4,1.74,0.5714285700000001,0.5,3,5.0,0,Dropout,AT RISK,58.0,False
33,1,17,2,9238,1,1,128.0,1,19,37,9,8,116.5,0,0,0,1,0,1,18,0,0,6,11,5,11.14285714,0,0,6,11,4,11.25,0,16.2,0.3,-0.92,0.1071428599999997,0.5714285714285714,0,7.959183671428572,0,Graduate,AT RISK,86.6,False
34,1,1,1,9238,1,1,132.0,1,34,34,0,0,119.1,1,0,0,1,0,0,18,0,0,6,9,4,11.0,0,0,6,9,4,10.75,0,7.6,2.6,0.32,-0.25,0.5714285714285714,1,6.285714285714286,0,Graduate,AT RISK,86.5,False
35,1,43,1,9773,1,1,122.0,1,1,1,4,5,126.9,0,0,0,1,0,0,21,0,0,6,8,6,11.71428571,0,0,6,7,6,12.0,0,7.6,2.6,0.32,0.2857142899999996,0.8571428571428571,1,10.040816322857143,0,Graduate,AT RISK,81.3,False
36,1,1,1,9147,1,1,133.0,1,38,38,7,7,147.0,0,0,0,1,0,1,18,0,0,5,7,4,13.0,0,0,5,8,3,12.33333333,0,9.4,-0.8,-3.12,-0.6666666699999997,0.5,0,8.666666666666666,0,Graduate,AT RISK,77.9,True
37,1,1,3,9254,1,1,115.0,1,1,1,3,3,117.5,1,0,0,1,0,0,18,0,0,6,9,4,11.25,0,0,6,13,2,12.5,0,9.4,-0.8,-3.12,1.25,0.2857142857142857,1,6.428571428571428,0,Dropout,AT RISK,75.2,False
38,1,1,2,9254,1,1,140.0,1,1,37,4,5,123.6,1,0,0,1,0,0,18,0,0,6,10,6,12.85714286,0,0,6,6,3,12.66666667,0,12.7,3.7,-1.7,-0.19047619,0.4285714285714285,1,11.020408165714285,0,Graduate,AT RISK,85.9,False
39,1,1,1,9254,1,1,123.0,1,1,37,9,9,132.1,0,0,0,1,0,1,21,0,0,6,9,5,11.0,0,0,6,8,5,12.0,0,15.5,2.8,-4.06,1.0,0.7142857142857143,0,7.857142857142858,0,Graduate,AT RISK,80.2,False
40,1,1,3,9254,1,1,121.0,1,19,37,4,7,116.8,1,0,0,1,0,0,21,0,0,6,8,6,11.33333333,0,0,6,8,4,12.25,0,11.1,0.6,2.02,0.9166666699999996,0.5714285714285714,1,9.714285711428571,0,Graduate,AT RISK,91.6,False
41,1,17,1,9147,1,1,136.0,1,1,1,4,4,124.1,0,0,0,1,0,0,18,0,0,5,8,5,12.4,0,0,5,6,5,10.8,0,8.9,1.4,3.51,-1.5999999999999996,0.8333333333333334,1,10.333333333333334,0,Graduate,AT RISK,83.7,False
42,1,1,2,9773,1,1,146.0,1,3,1,1,3,149.2,1,0,0,1,0,0,18,0,0,6,11,4,12.25,0,0,6,10,3,11.66666667,0,9.4,-0.8,-3.12,-0.5833333300000003,0.4285714285714285,1,7.0,0,Graduate,AT RISK,77.4,False
43,1,1,2,9147,1,1,121.0,1,1,19,9,9,113.7,1,0,0,0,0,0,20,0,0,5,10,2,10.0,0,0,5,12,1,13.0,0,7.6,2.6,0.32,3.0,0.1666666666666666,2,3.333333333333333,0,Dropout,AT RISK,52.4,False
44,1,17,1,9147,1,1,122.0,1,12,19,4,8,117.8,1,0,0,1,0,0,20,0,0,5,10,5,13.5,0,0,5,8,5,12.33333333,0,13.9,-0.3,0.79,-1.1666666699999997,0.8333333333333334,1,11.25,0,Graduate,AT RISK,90.9,False
45,1,42,1,9853,1,1,120.0,1,37,38,3,3,113.7,0,0,0,1,0,0,20,0,0,6,8,5,11.0,0,0,6,10,3,10.66666667,0,12.7,3.7,-1.7,-0.3333333300000003,0.4285714285714285,1,7.857142857142858,0,Dropout,AT RISK,83.6,False
46,1,1,1,9070,1,1,130.0,1,38,37,3,6,135.6,1,0,0,1,0,1,19,0,0,6,9,5,12.0,0,0,6,10,2,11.33333333,0,8.9,1.4,3.51,-0.6666666699999997,0.2857142857142857,0,8.571428571428571,0,Dropout,AT RISK,82.4,False
47,1,1,2,9085,1,1,117.0,1,38,37,9,9,113.5,1,0,0,1,0,1,21,0,0,5,7,4,12.0,0,0,5,5,5,12.2,0,10.8,1.4,1.74,0.1999999999999993,0.8333333333333334,0,8.0,0,Graduate,AT RISK,78.4,False
48,1,51,1,9670,1,1,136.0,1,19,19,5,5,122.0,0,0,1,0,0,0,18,0,0,5,6,2,12.5,0,0,5,6,4,10.25,0,9.4,-0.8,-3.12,-2.25,0.6666666666666666,3,4.166666666666666,0,Dropout,AT RISK,43.5,False
49,1,1,1,9670,1,1,119.0,1,1,19,4,10,115.5,1,0,0,1,0,0,19,0,0,6,8,4,11.0,0,0,6,9,4,11.0,0,10.8,1.4,1.74,0.0,0.5714285714285714,1,6.285714285714286,0,Enrolled,AT RISK,97.9,False
50,1,17,1,9853,1,1,133.1,1,34,34,0,0,118.9,1,0,0,1,0,0,21,0,0,6,12,3,11.33333333,0,0,6,10,3,11.33333333,0,7.6,2.6,0.32,0.0,0.4285714285714285,1,4.857142855714286,0,Dropout,AT RISK,81.4,False
51,1,1,1,9254,1,1,121.0,1,19,19,5,8,117.5,1,0,0,1,0,0,18,0,0,6,7,6,10.57142857,0,0,6,11,3,11.66666667,0,16.2,0.3,-0.92,1.0952380999999995,0.4285714285714285,1,9.061224488571428,0,Graduate,AT RISK,90.2,True
52,1,1,1,9238,1,1,134.0,1,1,1,9,6,130.9,0,0,1,1,0,0,18,0,0,6,10,6,11.85714286,0,0,6,9,5,11.0,0,13.9,-0.3,0.79,-0.8571428599999997,0.7142857142857143,2,10.163265308571429,0,Graduate,AT RISK,73.4,False
53,1,1,1,9853,1,1,132.0,1,2,19,4,4,125.0,1,0,0,1,0,0,18,0,0,6,9,5,12.6,0,0,6,8,5,11.4,0,9.4,-0.8,-3.12,-1.1999999999999993,0.7142857142857143,1,9.0,0,Enrolled,AT RISK,89.6,False
54,1,1,1,9254,1,1,117.0,1,19,19,9,9,116.3,1,0,0,1,0,0,24,0,0,6,9,4,12.6,0,0,6,6,4,11.5,0,12.7,3.7,-1.7,-1.0999999999999996,0.5714285714285714,1,7.199999999999999,0,Dropout,AT RISK,89.3,False
55,1,1,1,9773,1,1,146.0,1,37,38,9,7,128.5,0,0,1,1,0,0,19,0,0,6,13,3,12.66666667,0,0,6,12,2,10.0,0,10.8,1.4,1.74,-2.66666667,0.2857142857142857,2,5.42857143,0,Dropout,AT RISK,61.4,False
56,1,17,1,9085,1,1,134.0,1,19,37,2,7,131.2,0,0,0,1,0,0,19,0,0,5,8,1,11.0,0,0,5,6,5,11.2,0,7.6,2.6,0.32,0.1999999999999993,0.8333333333333334,1,1.8333333333333333,0,Enrolled,AT RISK,77.6,False
57,1,1,1,9238,1,1,135.0,1,38,38,5,7,121.0,0,0,0,1,0,0,19,0,0,6,13,3,10.33333333,0,0,6,12,3,10.33333333,0,7.6,2.6,0.32,0.0,0.4285714285714285,1,4.428571427142857,0,Enrolled,AT RISK,85.7,False
58,1,1,1,9238,1,1,124.0,1,34,34,0,0,129.3,0,0,0,1,0,0,19,0,0,6,8,6,11.5,0,0,6,7,6,11.16666667,0,7.6,2.6,0.32,-0.3333333300000003,0.8571428571428571,1,9.857142857142856,0,Graduate,AT RISK,78.1,False
59,1,17,1,9853,1,1,134.0,1,1,19,4,5,122.5,1,0,0,1,0,0,22,0,0,6,10,5,13.16666667,0,0,6,8,5,12.4,0,15.5,2.8,-4.06,-0.7666666699999993,0.7142857142857143,1,9.404761907142856,0,Enrolled,AT RISK,88.5,False
60,1,39,1,9500,1,1,150.0,1,1,19,5,3,140.0,0,1,0,1,0,0,26,0,0,7,11,5,11.2,0,0,8,13,5,12.14,0,16.2,0.3,-0.92,0.9400000000000012,0.5555555555555556,1,7.0,0,Enrolled,AT RISK,19.5,False
61,1,17,2,9085,1,1,120.0,1,1,1,9,10,115.0,0,0,0,0,0,0,20,0,0,5,8,2,10.5,0,0,5,8,2,12.33333333,0,7.6,2.6,0.32,1.8333333300000003,0.3333333333333333,2,3.5,0,Dropout,AT RISK,60.1,False
62,1,17,1,9670,1,1,124.0,1,37,19,5,8,114.2,1,0,1,1,0,0,18,0,0,6,6,5,11.8,0,0,6,9,4,13.71428571,0,10.8,1.4,1.74,1.91428571,0.5714285714285714,2,8.428571428571429,0,Dropout,AT RISK,75.6,False
63,1,17,1,9254,1,1,136.0,1,37,37,7,7,121.7,1,0,0,1,0,0,20,0,0,6,13,3,10.33333333,0,0,6,12,3,10.33333333,0,10.8,1.4,1.74,0.0,0.4285714285714285,1,4.428571427142857,0,Enrolled,AT RISK,90.6,False
64,1,1,1,9773,1,1,120.0,1,38,37,9,9,114.8,1,1,0,1,0,0,19,0,0,6,11,4,12.25,0,0,6,11,3,11.0,0,7.6,2.6,0.32,-1.25,0.4285714285714285,1,7.0,0,Enrolled,AT RISK,30.3,False
65,1,1,1,9853,1,1,133.1,1,19,19,9,9,97.0,1,0,0,1,0,0,23,0,0,6,9,5,11.6,0,0,6,9,3,11.0,0,12.7,3.7,-1.7,-0.5999999999999996,0.4285714285714285,1,8.285714285714286,0,Dropout,AT RISK,85.1,False
66,1,17,1,9147,1,1,116.0,1,38,2,9,2,112.2,1,0,0,1,0,0,20,0,0,5,8,3,11.33333333,0,0,5,12,2,10.66666667,0,10.8,1.4,1.74,-0.6666666600000006,0.3333333333333333,1,5.666666665,0,Enrolled,AT RISK,84.5,False
67,1,17,1,9670,1,1,121.0,1,19,38,4,10,114.4,0,0,0,1,0,0,19,0,0,6,10,5,11.5,0,0,6,9,4,14.6,0,11.1,0.6,2.02,3.1,0.5714285714285714,1,8.214285714285715,0,Graduate,AT RISK,83.2,False
68,1,17,1,9254,1,1,122.0,1,19,19,5,5,118.2,0,0,0,1,0,1,20,0,0,6,10,4,11.25,0,0,6,6,6,10.5,0,12.4,0.5,1.79,-0.75,0.8571428571428571,0,6.428571428571428,0,Enrolled,AT RISK,88.3,False
69,1,43,1,9130,1,1,127.0,1,19,38,4,5,120.7,1,0,1,1,0,0,18,0,0,5,11,1,12.0,0,0,5,9,3,12.0,0,12.7,3.7,-1.7,0.0,0.5,2,2.0,0,Enrolled,AT RISK,65.3,False
70,1,17,1,9670,1,1,123.0,1,19,19,1,1,114.6,0,0,0,1,0,0,18,0,0,5,5,4,11.0,0,0,5,5,4,11.0,0,9.4,-0.8,-3.12,0.0,0.6666666666666666,1,7.333333333333333,0,Graduate,AT RISK,78.9,False
71,1,1,3,9147,1,1,131.0,1,19,38,9,7,132.4,1,0,0,1,0,0,19,0,0,5,5,5,11.8,0,0,5,8,4,11.25,0,9.4,-0.8,-3.12,-0.5500000000000007,0.6666666666666666,1,9.833333333333334,0,Enrolled,AT RISK,81.0,True
72,1,43,1,9853,1,1,140.0,1,37,19,9,8,122.3,0,0,0,1,0,0,22,0,0,6,9,5,13.6,0,0,6,8,5,12.0,0,12.7,3.7,-1.7,-1.5999999999999996,0.7142857142857143,1,9.714285714285714,0,Dropout,AT RISK,80.6,False
73,1,17,1,9238,1,1,144.0,1,3,1,2,3,126.9,0,0,0,1,0,0,19,0,0,6,8,5,10.6,0,0,6,11,4,10.5,0,15.5,2.8,-4.06,-0.0999999999999996,0.5714285714285714,1,7.571428571428571,0,Graduate,AT RISK,85.5,False
74,1,17,1,9238,1,1,148.0,1,1,1,4,9,129.8,0,0,0,1,0,0,20,0,0,6,11,5,10.6,0,0,6,11,4,10.4,0,15.5,2.8,-4.06,-0.1999999999999993,0.5714285714285714,1,7.571428571428571,0,Enrolled,AT RISK,85.1,False
75,1,1,1,9670,1,1,142.0,1,38,19,7,10,128.4,0,0,0,1,0,0,23,0,0,6,11,6,11.875,0,0,6,9,5,12.83333333,0,11.1,0.6,2.02,0.9583333300000004,0.7142857142857143,1,10.178571428571429,0,Dropout,AT RISK,87.8,False
76,1,1,1,9670,1,1,122.0,1,1,19,3,5,116.8,1,0,0,1,0,0,21,0,0,5,8,4,11.5,0,0,5,5,5,12.8,0,7.6,2.6,0.32,1.3000000000000007,0.8333333333333334,1,7.666666666666666,0,Graduate,AT RISK,86.9,False
77,1,17,1,9254,1,1,122.0,1,1,19,4,3,130.4,1,0,0,1,0,0,18,0,0,6,10,5,11.8,0,0,6,10,5,12.2,0,11.1,0.6,2.02,0.3999999999999986,0.7142857142857143,1,8.428571428571429,0,Graduate,AT RISK,100.0,False
78,1,39,2,9670,1,1,140.0,1,34,34,0,0,100.0,0,0,0,1,0,0,28,0,0,5,6,4,12.5,0,0,5,7,4,11.75,0,7.6,2.6,0.32,-0.75,0.6666666666666666,1,8.333333333333332,0,Graduate,AT RISK,63.6,False
79,1,17,2,9853,1,1,138.0,1,1,1,9,4,123.0,1,0,0,1,0,0,23,0,0,6,10,5,12.8,0,0,6,9,3,11.66666667,0,10.8,1.4,1.74,-1.133333330000001,0.4285714285714285,1,9.142857142857144,0,Dropout,AT RISK,90.6,False
80,1,17,2,9853,1,1,118.0,1,37,37,9,9,112.1,1,0,0,1,0,0,23,0,0,6,11,4,11.25,0,0,6,10,5,10.2,0,7.6,2.6,0.32,-1.0500000000000007,0.7142857142857143,1,6.428571428571428,0,Dropout,AT RISK,85.1,False
81,1,1,1,9130,1,1,154.0,1,3,3,2,2,137.2,1,0,1,1,1,0,18,0,0,6,11,5,13.625,0,0,6,9,4,11.75,0,16.2,0.3,-0.92,-1.875,0.5714285714285714,2,9.732142857142858,0,Dropout,AT RISK,62.5,False
82,1,17,1,9147,1,1,126.0,1,37,37,4,7,116.9,0,0,0,1,1,1,19,0,0,5,12,3,11.66666667,0,0,5,10,3,11.66666667,0,12.7,3.7,-1.7,0.0,0.5,0,5.833333335,0,Enrolled,AT RISK,84.3,False
83,1,43,1,9991,0,1,150.0,1,3,3,4,4,100.0,1,0,0,1,1,0,24,0,0,5,10,4,11.5,0,0,5,11,5,11.28571429,0,13.9,-0.3,0.79,-0.2142857100000004,0.8333333333333334,1,7.666666666666666,0,Graduate,AT RISK,36.4,False
84,1,17,1,9254,1,1,127.0,1,3,19,4,4,116.9,0,0,0,1,1,0,21,0,0,6,7,5,11.0,0,0,6,7,5,12.4,0,15.5,2.8,-4.06,1.4000000000000004,0.7142857142857143,1,7.857142857142858,0,Graduate,AT RISK,87.5,False
85,1,18,3,9773,1,1,128.0,1,19,1,9,9,122.1,1,0,0,1,1,0,19,0,0,6,9,4,12.5,0,0,6,6,6,11.33333333,0,10.8,1.4,1.74,-1.1666666699999997,0.8571428571428571,1,7.142857142857142,0,Dropout,AT RISK,82.0,False
86,1,1,1,9147,1,1,117.0,1,19,19,5,7,118.4,0,0,0,1,1,0,20,0,0,5,8,5,10.0,0,0,5,10,2,12.0,0,7.6,2.6,0.32,2.0,0.3333333333333333,1,8.333333333333334,0,Enrolled,AT RISK,86.2,False
87,1,1,2,9147,1,1,133.0,1,19,1,5,10,121.8,0,0,0,1,1,0,20,0,0,5,9,4,10.2,0,0,5,6,3,11.0,0,15.5,2.8,-4.06,0.8000000000000007,0.5,1,6.799999999999999,0,Enrolled,AT RISK,82.3,False
88,1,1,1,9670,1,1,133.1,1,38,19,5,6,138.0,0,0,1,1,1,0,22,0,0,6,8,6,12.625,0,0,6,11,2,14.5,0,11.1,0.6,2.02,1.875,0.2857142857142857,2,10.821428571428571,0,Enrolled,AT RISK,65.2,True
89,1,17,2,9147,1,1,125.0,1,19,38,9,7,116.3,1,0,0,1,1,0,19,0,0,5,8,5,13.25,0,0,5,8,5,11.0,0,13.9,-0.3,0.79,-2.25,0.8333333333333334,1,11.041666666666668,0,Graduate,AT RISK,83.1,True
90,1,17,1,9147,1,1,130.0,1,19,1,7,4,117.8,1,0,0,1,1,0,20,0,0,5,8,3,11.0,0,0,5,11,3,12.0,0,10.8,1.4,1.74,1.0,0.5,1,5.5,0,Enrolled,AT RISK,96.3,False
91,1,39,1,9991,0,1,139.0,1,1,1,4,10,140.7,0,0,0,1,1,0,25,0,0,5,13,1,10.0,0,0,5,8,2,11.33333333,0,12.4,0.5,1.79,1.3333333300000003,0.3333333333333333,1,1.6666666666666663,0,Dropout,AT RISK,27.0,False
92,1,39,1,9003,1,1,120.0,1,3,4,2,2,120.0,0,0,0,1,1,0,27,0,0,6,10,5,13.0,0,0,6,13,5,11.5,0,16.2,0.3,-0.92,-1.5,0.7142857142857143,1,9.285714285714286,0,Graduate,AT RISK,69.1,False
93,1,1,1,9147,1,1,148.0,1,37,38,9,8,133.0,1,0,0,1,0,0,18,0,0,5,10,4,12.0,0,0,5,9,4,12.8,0,13.9,-0.3,0.79,0.8000000000000007,0.6666666666666666,1,8.0,0,Graduate,AT RISK,88.6,False
94,1,1,3,9254,1,1,122.0,1,37,37,9,3,124.5,1,0,0,1,0,0,19,0,0,6,12,6,11.66666667,0,0,6,14,3,12.0,0,7.6,2.6,0.32,0.3333333300000003,0.4285714285714285,1,10.000000002857142,0,Graduate,AT RISK,77.9,False
95,1,1,1,9500,1,1,133.0,1,3,19,2,8,126.7,0,0,0,1,0,0,19,0,0,7,12,4,12.45,0,0,7,11,5,11.7,0,16.2,0.3,-0.92,-0.75,0.625,1,6.225,0,Enrolled,AT RISK,86.6,False
96,1,17,1,9670,1,1,155.0,1,1,19,4,8,134.7,1,0,0,1,0,0,20,0,0,6,8,5,13.4,0,0,6,10,4,13.0,0,12.7,3.7,-1.7,-0.4000000000000003,0.5714285714285714,1,9.571428571428571,0,Enrolled,AT RISK,87.7,True
97,1,17,1,9003,1,1,119.0,1,37,37,4,6,113.2,0,0,1,1,0,0,20,0,0,6,8,6,13.33333333,0,0,6,8,5,14.0,0,11.1,0.6,2.02,0.6666666699999997,0.7142857142857143,2,11.428571425714283,0,Enrolled,AT RISK,71.2,False
98,1,17,1,9853,1,1,133.1,1,38,12,7,0,111.5,0,0,0,0,0,1,20,0,0,6,10,4,12.0,0,0,6,14,3,10.0,0,7.6,2.6,0.32,-2.0,0.4285714285714285,1,6.857142857142857,0,Dropout,AT RISK,60.9,False
99,1,17,3,9147,1,1,118.0,1,1,19,5,7,118.0,0,0,0,1,0,0,20,0,0,5,11,4,11.0,0,0,5,7,5,13.2,0,12.4,0.5,1.79,2.1999999999999997,0.8333333333333334,1,7.333333333333333,0,Enrolled,AT RISK,83.0,False
100,1,17,2,9147,1,1,116.0,1,1,38,4,3,114.6,1,0,0,1,0,0,19,0,0,5,15,2,10.75,0,0,5,11,2,10.0,0,13.9,-0.3,0.79,-0.75,0.3333333333333333,1,3.583333333333333,0,Dropout,AT RISK,72.8,False
101,1,1,1,9853,1,1,133.1,1,19,19,9,8,132.0,1,0,0,1,0,0,21,0,0,6,8,5,12.0,0,0,6,9,5,10.8,0,12.7,3.7,-1.7,-1.1999999999999993,0.7142857142857143,1,8.571428571428571,0,Dropout,AT RISK,91.1,True
102,1,1,1,9773,1,1,134.0,1,19,37,9,9,131.6,1,1,0,1,0,0,19,0,0,6,10,5,11.8,0,0,6,10,5,12.0,0,10.8,1.4,1.74,0.1999999999999993,0.7142857142857143,1,8.428571428571429,0,Graduate,AT RISK,34.0,False
103,1,1,2,9853,1,1,117.0,1,1,38,4,9,109.7,1,0,0,1,0,0,19,0,0,6,9,5,12.2,0,0,6,10,4,13.0,0,9.4,-0.8,-3.12,0.8000000000000007,0.5714285714285714,1,8.714285714285714,0,Enrolled,AT RISK,86.3,False
104,1,39,1,9991,0,1,120.0,1,38,1,9,4,123.2,0,0,0,1,0,0,27,0,0,5,9,3,10.66666667,0,0,5,7,4,11.4,0,10.8,1.4,1.74,0.7333333300000007,0.6666666666666666,1,5.333333335,0,Enrolled,AT RISK,37.3,False
105,1,17,3,9238,1,1,121.0,1,1,1,4,5,117.2,0,0,0,1,0,0,19,0,0,6,11,5,11.2,0,0,6,13,5,11.6,0,15.5,2.8,-4.06,0.4000000000000003,0.7142857142857143,1,8.0,0,Graduate,AT RISK,80.9,False
106,1,1,1,9147,1,1,129.0,1,37,38,4,9,121.0,1,0,0,1,0,0,18,0,0,5,8,2,10.5,0,0,5,7,3,12.33333333,0,7.6,2.6,0.32,1.8333333300000003,0.5,1,3.5,0,Enrolled,AT RISK,81.8,False
107,1,1,1,9147,1,1,130.0,1,19,37,9,9,131.8,1,0,0,1,0,1,19,0,0,5,8,2,10.5,0,0,5,11,3,13.33333333,0,7.6,2.6,0.32,2.8333333300000003,0.5,0,3.5,0,Enrolled,AT RISK,71.9,False
108,1,1,1,9238,1,1,135.0,1,37,1,3,5,121.0,0,0,0,1,0,0,21,0,0,6,11,5,11.2,0,0,6,15,1,10.0,0,7.6,2.6,0.32,-1.1999999999999993,0.1428571428571428,1,8.0,0,Enrolled,AT RISK,74.0,False
109,1,1,1,9670,1,1,117.0,1,1,38,5,1,113.5,1,0,0,1,0,0,20,0,0,5,6,4,11.5,0,0,5,5,4,10.75,0,9.4,-0.8,-3.12,-0.75,0.6666666666666666,1,7.666666666666666,0,Graduate,AT RISK,80.3,False
110,1,1,1,9773,1,1,125.0,1,19,38,3,5,115.9,0,0,0,1,0,0,19,0,0,6,13,4,11.75,0,0,6,10,4,11.0,0,10.8,1.4,1.74,-0.75,0.5714285714285714,1,6.7142857142857135,0,Graduate,AT RISK,95.4,False
111,1,1,1,9238,1,1,135.0,1,37,19,5,10,121.0,0,0,1,1,0,0,18,0,0,6,10,5,10.6,0,0,6,14,2,10.0,0,7.6,2.6,0.32,-0.5999999999999996,0.2857142857142857,2,7.571428571428571,0,Enrolled,AT RISK,67.9,False
112,1,43,1,9070,1,1,141.0,1,1,19,5,10,127.0,0,0,0,1,0,0,20,0,0,6,6,5,12.4,0,0,6,9,5,12.4,0,12.7,3.7,-1.7,0.0,0.7142857142857143,1,8.857142857142858,0,Graduate,AT RISK,84.6,False
113,1,17,2,9773,1,1,126.0,1,37,38,5,5,129.5,1,0,1,0,0,0,18,0,0,6,9,5,12.2,0,0,6,9,4,11.75,0,10.8,1.4,1.74,-0.4499999999999993,0.5714285714285714,3,8.714285714285714,0,Dropout,AT RISK,60.2,False
114,1,17,1,9853,1,1,147.0,1,37,37,9,9,142.8,1,0,0,1,0,0,23,0,0,6,11,2,10.0,0,0,6,15,2,11.0,0,7.6,2.6,0.32,1.0,0.2857142857142857,1,2.8571428571428568,0,Dropout,AT RISK,65.4,False
115,1,1,1,9853,1,1,133.0,1,37,19,7,7,126.7,1,0,0,1,0,0,18,0,0,6,9,5,11.83333333,0,0,6,6,4,12.0,0,15.5,2.8,-4.06,0.1666666699999996,0.5714285714285714,1,8.45238095,0,Enrolled,AT RISK,87.8,False
116,1,1,1,9254,1,1,140.0,1,19,19,9,3,130.0,0,0,0,1,1,0,21,0,0,6,8,6,12.57142857,0,0,6,10,4,13.0,0,12.7,3.7,-1.7,0.4285714299999998,0.5714285714285714,1,10.775510202857143,0,Enrolled,AT RISK,88.5,True
117,1,1,1,9147,1,1,143.0,1,3,1,5,5,152.1,1,0,1,1,1,0,18,0,0,5,15,4,13.33333333,0,0,5,6,2,13.5,0,13.9,-0.3,0.79,0.1666666699999996,0.3333333333333333,2,8.888888886666667,0,Dropout,AT RISK,57.0,False
118,1,1,1,9254,1,1,154.0,1,3,1,2,1,137.2,0,0,0,1,1,0,20,0,0,6,12,3,10.0,0,0,6,9,5,10.8,0,15.5,2.8,-4.06,0.8000000000000007,0.7142857142857143,1,4.285714285714286,0,Enrolled,AT RISK,70.7,False
119,1,43,1,9670,1,1,142.0,1,38,1,8,10,138.5,1,0,0,1,1,0,18,0,0,6,16,5,13.8,0,0,6,7,5,12.4,0,13.9,-0.3,0.79,-1.4000000000000004,0.7142857142857143,1,9.857142857142858,0,Enrolled,AT RISK,66.0,False
120,1,1,1,9254,1,1,115.0,1,19,1,3,7,113.6,0,0,0,1,1,0,23,0,0,6,10,6,13.0,0,0,6,9,6,12.0,0,11.1,0.6,2.02,-1.0,0.8571428571428571,1,11.142857142857142,0,Enrolled,AT RISK,83.8,False
121,1,43,1,9670,1,1,141.0,1,3,2,2,2,133.3,1,0,0,1,1,0,18,0,0,6,13,4,13.75,0,0,6,8,5,11.2,0,13.9,-0.3,0.79,-2.5500000000000007,0.7142857142857143,1,7.857142857142857,0,Enrolled,AT RISK,72.1,False
122,1,1,1,9773,1,1,120.0,1,19,37,9,9,118.3,0,0,1,0,1,1,18,0,0,6,11,5,12.16666667,0,0,6,15,3,12.0,0,13.9,-0.3,0.79,-0.1666666699999996,0.4285714285714285,2,8.690476192857142,0,Dropout,AT RISK,52.5,False
123,1,1,1,9254,1,1,132.0,1,1,19,6,6,124.7,1,0,0,1,1,0,21,0,0,6,9,6,12.0,0,0,6,8,5,11.6,0,13.9,-0.3,0.79,-0.4000000000000003,0.7142857142857143,1,10.285714285714285,0,Graduate,AT RISK,95.6,False
124,1,17,2,9670,1,1,110.0,1,3,3,4,10,115.6,1,0,0,1,1,0,21,0,0,6,10,6,11.875,0,0,6,8,5,12.0,0,11.1,0.6,2.02,0.125,0.7142857142857143,1,10.178571428571429,0,Graduate,AT RISK,87.7,False
125,1,39,1,9991,0,1,150.0,1,1,19,4,8,123.0,0,0,0,1,1,0,27,0,0,5,8,4,11.5,0,0,5,9,3,10.33333333,0,12.7,3.7,-1.7,-1.1666666699999997,0.5,1,7.666666666666666,0,Dropout,AT RISK,35.9,False
126,1,1,2,9670,1,1,130.0,1,38,37,5,5,123.4,1,0,0,1,0,0,21,0,0,5,5,4,11.75,0,0,5,5,3,13.33333333,0,9.4,-0.8,-3.12,1.5833333300000003,0.5,1,7.833333333333333,0,Graduate,AT RISK,80.6,False
127,1,1,1,9254,1,1,111.0,1,1,1,3,3,112.4,1,0,0,1,1,0,20,0,0,6,10,6,12.33333333,0,0,6,9,4,13.0,0,12.4,0.5,1.79,0.6666666699999997,0.5714285714285714,1,10.571428568571427,0,Graduate,AT RISK,87.3,False
128,1,17,1,9670,1,1,113.0,1,1,1,5,4,106.7,1,0,1,1,0,0,20,0,0,6,10,2,11.66666667,0,0,6,10,4,10.5,0,15.5,2.8,-4.06,-1.1666666699999997,0.5714285714285714,2,3.333333334285714,0,Dropout,AT RISK,66.4,False
129,1,1,1,9238,1,1,121.0,1,1,1,1,1,115.1,1,0,0,1,0,0,19,0,0,6,10,6,10.83333333,0,0,6,7,6,12.14285714,0,11.1,0.6,2.02,1.30952381,0.8571428571428571,1,9.285714282857144,0,Graduate,AT RISK,80.3,False
130,1,17,2,9147,1,1,118.0,1,19,1,9,3,113.5,1,0,1,1,0,0,20,0,0,5,10,2,11.5,0,0,5,8,3,10.0,0,11.1,0.6,2.02,-1.5,0.5,2,3.833333333333333,0,Enrolled,AT RISK,70.2,False
131,1,1,1,9130,1,1,143.0,1,3,3,2,10,141.3,0,0,1,0,0,0,23,0,0,6,10,6,14.0,0,0,6,11,4,13.0,0,11.1,0.6,2.02,-1.0,0.5714285714285714,3,12.0,0,Enrolled,AT RISK,47.4,True
132,1,51,1,9147,1,1,130.0,1,1,1,4,4,120.0,0,0,0,1,0,0,21,0,0,5,9,5,12.8,0,0,5,11,3,12.66666667,0,11.1,0.6,2.02,-0.133333330000001,0.5,1,10.666666666666668,0,Enrolled,AT RISK,85.2,False
133,1,1,1,9147,1,1,142.0,1,19,19,9,9,127.0,1,0,0,1,0,1,18,0,0,5,10,5,12.0,0,0,5,8,4,11.6,0,13.9,-0.3,0.79,-0.4000000000000003,0.6666666666666666,0,10.0,0,Graduate,AT RISK,85.8,False
134,1,1,3,9119,1,1,133.0,1,3,1,3,4,121.8,1,0,0,1,1,0,18,0,0,5,9,4,12.0,0,0,5,10,2,11.0,0,8.9,1.4,3.51,-1.0,0.3333333333333333,1,8.0,0,Enrolled,AT RISK,81.4,False
135,1,17,3,9119,1,1,138.0,1,3,3,3,4,125.4,1,1,0,1,1,0,19,0,0,5,10,3,13.33333333,0,0,5,9,4,10.75,0,8.9,1.4,3.51,-2.5833333300000003,0.6666666666666666,1,6.666666665,0,Dropout,AT RISK,25.7,False
136,1,17,1,9147,1,1,116.0,1,3,1,3,4,115.7,0,0,0,0,1,0,22,0,0,5,10,4,11.5,0,0,5,11,4,14.0,0,8.9,1.4,3.51,2.5,0.6666666666666666,2,7.666666666666666,0,Enrolled,AT RISK,64.5,False
137,1,1,1,9238,1,1,143.0,1,38,34,9,9,133.6,1,0,0,1,0,0,18,0,0,6,9,5,11.4,0,0,6,8,5,10.8,0,9.4,-0.8,-3.12,-0.5999999999999996,0.7142857142857143,1,8.142857142857144,0,Graduate,AT RISK,87.2,False
138,1,17,1,9147,1,1,118.0,1,19,19,9,9,122.2,0,0,0,1,0,0,19,0,0,5,11,3,10.66666667,0,0,5,9,4,10.25,0,11.1,0.6,2.02,-0.4166666699999997,0.6666666666666666,1,5.333333335,0,Graduate,AT RISK,94.0,False
139,1,1,1,9085,1,1,122.0,1,1,1,2,5,113.3,1,0,0,1,0,0,18,0,0,5,9,4,14.25,0,0,5,8,5,12.71428571,0,10.8,1.4,1.74,-1.5357142899999996,0.8333333333333334,1,9.5,0,Enrolled,AT RISK,84.0,False
140,1,5,2,9853,1,1,122.0,1,19,19,4,5,112.6,1,0,0,1,0,0,22,0,0,6,10,5,12.6,0,0,6,9,4,11.25,0,12.7,3.7,-1.7,-1.3499999999999996,0.5714285714285714,1,9.0,0,Enrolled,AT RISK,93.4,False
141,1,1,1,9773,1,1,108.0,1,34,38,0,3,105.9,0,0,0,1,1,0,20,0,0,6,11,4,10.75,0,0,6,13,2,10.0,0,7.6,2.6,0.32,-0.75,0.2857142857142857,1,6.142857142857142,0,Dropout,AT RISK,71.9,False
142,1,18,2,9119,1,1,136.0,1,1,2,5,4,122.7,1,0,0,1,1,0,18,0,0,5,7,5,12.6,0,0,5,9,3,13.25,0,13.9,-0.3,0.79,0.6500000000000004,0.5,1,10.5,0,Dropout,AT RISK,88.2,True
143,1,39,1,9670,1,1,133.1,1,38,19,9,8,122.9,0,0,1,0,1,0,25,0,0,6,7,3,14.0,0,0,6,9,2,14.5,0,13.9,-0.3,0.79,0.5,0.2857142857142857,3,6.0,0,Dropout,AT RISK,44.4,True
144,1,1,1,9556,1,1,135.0,1,1,1,1,1,131.5,0,0,0,1,1,1,21,0,0,7,14,5,11.2,0,0,8,11,6,11.58333333,0,16.2,0.3,-0.92,0.383333330000001,0.6666666666666666,0,7.0,0,Enrolled,AT RISK,64.4,False
145,1,17,1,9070,1,1,119.0,1,38,19,9,9,115.2,0,0,0,1,1,1,21,0,0,6,8,4,11.5,0,0,6,7,5,11.0,0,15.5,2.8,-4.06,-0.5,0.7142857142857143,0,6.571428571428571,0,Dropout,AT RISK,78.9,False
146,1,1,2,9670,1,1,135.0,1,19,19,7,10,121.4,0,0,0,1,1,0,19,0,0,5,7,3,12.33333333,0,0,5,5,5,11.6,0,9.4,-0.8,-3.12,-0.7333333300000007,0.8333333333333334,1,6.166666665,0,Graduate,AT RISK,81.4,False
147,1,1,3,9773,1,1,145.0,1,38,38,9,5,133.1,0,0,0,1,0,1,20,0,0,6,9,4,13.0,0,0,6,13,4,11.25,0,10.8,1.4,1.74,-1.75,0.5714285714285714,0,7.428571428571428,0,Graduate,AT RISK,75.3,False
148,1,1,1,9254,1,1,112.0,1,38,19,9,5,113.8,1,0,0,1,0,0,21,0,0,6,10,6,10.83333333,0,0,6,10,4,11.0,0,7.6,2.6,0.32,0.1666666699999996,0.5714285714285714,1,9.285714282857144,0,Enrolled,AT RISK,91.7,False
149,1,17,1,9147,1,1,114.0,1,19,19,9,7,107.7,0,0,0,1,0,0,19,0,0,5,7,2,10.0,0,0,5,11,2,14.0,0,10.8,1.4,1.74,4.0,0.3333333333333333,1,3.333333333333333,0,Dropout,AT RISK,67.0,False
150,1,43,2,9238,1,1,118.0,1,38,38,5,5,110.0,0,0,0,1,0,1,19,0,0,6,8,6,11.42857143,0,0,6,11,5,11.2,0,10.8,1.4,1.74,-0.2285714300000005,0.7142857142857143,0,9.795918368571428,0,Graduate,AT RISK,81.2,True
151,1,17,2,9238,1,1,145.0,1,19,38,7,6,128.6,1,0,0,1,0,1,19,0,0,6,12,5,11.71428571,0,0,6,11,6,11.0,0,12.7,3.7,-1.7,-0.7142857100000004,0.8571428571428571,0,8.367346935714286,0,Graduate,AT RISK,82.1,False
152,1,1,1,9085,1,1,128.0,1,19,1,5,4,135.7,1,0,0,1,0,0,20,0,0,5,7,4,12.75,0,0,5,5,5,13.4,0,10.8,1.4,1.74,0.6500000000000004,0.8333333333333334,1,8.5,0,Graduate,AT RISK,86.9,False
153,1,39,1,9991,0,1,130.0,1,37,37,9,9,120.2,1,0,0,1,1,0,30,0,0,5,7,5,11.0,0,0,5,5,5,11.6,0,7.6,2.6,0.32,0.5999999999999996,0.8333333333333334,1,9.166666666666668,0,Graduate,AT RISK,27.8,False
154,1,1,1,9130,1,1,133.0,1,3,1,2,4,126.0,0,0,0,1,1,0,18,0,0,5,7,3,13.66666667,0,0,5,5,5,13.2,0,7.6,2.6,0.32,-0.4666666700000004,0.8333333333333334,1,6.833333335,0,Graduate,AT RISK,78.4,False
155,1,1,1,9773,1,1,121.0,1,1,3,3,7,113.0,1,0,0,1,1,1,18,0,0,6,7,6,11.66666667,0,0,6,12,5,10.2,0,12.4,0.5,1.79,-1.4666666700000004,0.7142857142857143,0,10.000000002857142,0,Graduate,AT RISK,76.8,True
156,1,39,1,9119,1,1,150.0,1,1,38,3,5,120.0,0,0,0,1,1,0,24,0,0,5,6,3,10.66666667,0,0,5,9,2,10.5,0,15.5,2.8,-4.06,-0.1666666699999996,0.3333333333333333,1,5.333333335,0,Enrolled,AT RISK,71.5,False
157,1,43,1,9670,1,1,130.0,1,34,34,0,0,114.8,0,0,0,1,1,0,25,0,0,5,5,4,13.75,0,0,5,5,4,14.75,0,7.6,2.6,0.32,1.0,0.6666666666666666,1,9.166666666666666,0,Graduate,AT RISK,61.8,False
158,1,17,3,9119,1,1,120.0,1,1,19,9,3,116.9,1,0,1,0,1,0,18,0,0,5,10,3,12.0,0,0,5,8,3,10.33333333,0,8.9,1.4,3.51,-1.6666666699999997,0.5,3,6.0,0,Enrolled,AT RISK,49.1,False
159,1,1,1,9147,1,1,128.0,1,1,1,2,10,116.5,0,0,0,1,1,0,19,0,0,5,8,2,10.0,0,0,5,8,1,16.0,0,7.6,2.6,0.32,6.0,0.1666666666666666,1,3.333333333333333,0,Dropout,AT RISK,41.6,False
160,1,1,1,9238,1,1,127.0,1,2,2,3,4,115.8,1,0,0,1,1,0,19,0,0,6,11,3,12.0,0,0,6,12,2,10.0,0,11.1,0.6,2.02,-2.0,0.2857142857142857,1,5.142857142857142,0,Dropout,AT RISK,82.2,False
161,1,17,2,9147,1,1,122.0,1,19,19,7,7,116.1,1,0,0,1,0,1,19,0,0,5,8,5,11.2,0,0,5,5,3,11.0,0,12.4,0.5,1.79,-0.1999999999999993,0.5,0,9.333333333333334,0,Graduate,AT RISK,88.0,False
162,1,43,2,9500,1,1,120.0,1,41,3,2,2,112.7,0,0,0,1,0,0,21,0,0,8,12,6,11.68,0,0,8,12,6,11.68,0,10.8,1.4,1.74,0.0,0.6666666666666666,1,7.786666666666666,0,Graduate,AT RISK,67.9,False
163,1,1,2,9147,1,1,132.0,1,1,19,4,3,126.4,1,0,0,1,0,1,18,0,0,5,13,3,10.6,0,0,5,12,3,10.5,0,13.9,-0.3,0.79,-0.0999999999999996,0.5,0,5.3,0,Graduate,AT RISK,79.3,False
164,1,1,1,9853,1,1,120.0,1,19,37,5,7,115.1,0,0,0,1,0,1,18,0,0,6,11,4,12.0,0,0,6,8,4,10.75,0,15.5,2.8,-4.06,-1.25,0.5714285714285714,0,6.857142857142857,0,Enrolled,AT RISK,80.7,False
165,1,1,1,9853,1,1,124.0,1,3,1,2,5,121.6,0,0,0,1,0,0,18,0,0,6,9,5,12.33333333,0,0,6,10,5,10.6,0,15.5,2.8,-4.06,-1.733333330000001,0.7142857142857143,1,8.809523807142858,0,Enrolled,AT RISK,81.5,False
166,1,1,2,9670,1,1,111.0,1,19,19,9,9,114.2,1,0,0,1,0,0,18,0,0,6,9,4,13.2,0,0,6,10,5,12.8,0,12.4,0.5,1.79,-0.3999999999999986,0.7142857142857143,1,7.542857142857142,0,Graduate,AT RISK,91.6,False
167,1,1,1,9853,1,1,145.0,1,38,37,5,5,142.2,0,0,0,1,0,0,19,0,0,6,9,4,12.5,0,0,6,9,5,12.5,0,9.4,-0.8,-3.12,0.0,0.7142857142857143,1,7.142857142857142,0,Enrolled,AT RISK,85.7,False
168,1,17,1,9254,1,1,158.0,1,37,37,5,9,138.1,1,0,0,1,0,0,19,0,0,6,8,4,12.5,0,0,6,11,1,14.0,0,7.6,2.6,0.32,1.5,0.1428571428571428,1,7.142857142857142,0,Dropout,AT RISK,73.2,False
169,1,51,1,9070,1,1,117.0,1,5,1,2,10,120.0,1,0,0,1,0,0,21,0,0,6,7,5,12.2,0,0,6,7,4,12.6,0,8.9,1.4,3.51,0.4000000000000003,0.5714285714285714,1,8.714285714285714,0,Enrolled,AT RISK,80.0,False
170,1,17,2,9853,1,1,114.0,1,1,1,4,0,108.8,1,0,0,1,0,0,18,0,0,7,11,5,11.4,0,0,7,9,6,13.33333333,0,13.9,-0.3,0.79,1.93333333,0.75,1,7.125,0,Enrolled,AT RISK,71.8,False
171,1,17,1,9130,1,1,130.0,1,1,1,4,5,123.8,0,0,0,1,0,0,18,0,0,5,7,4,12.0,0,0,5,6,5,12.0,0,7.6,2.6,0.32,0.0,0.8333333333333334,1,8.0,0,Graduate,AT RISK,89.4,False
172,1,17,3,9238,1,1,143.0,1,37,38,0,7,126.9,1,0,0,1,0,0,18,0,0,6,14,5,11.0,0,0,6,6,6,11.66666667,0,7.6,2.6,0.32,0.6666666699999997,0.8571428571428571,1,7.857142857142858,0,Graduate,AT RISK,73.1,False
173,1,1,1,9853,1,1,125.0,1,37,37,9,9,114.9,1,0,1,0,0,0,21,0,0,6,8,3,13.66666667,0,0,6,7,3,10.66666667,0,15.5,2.8,-4.06,-3.0,0.4285714285714285,3,5.857142858571428,0,Dropout,AT RISK,44.1,False
174,1,1,1,9254,1,1,130.0,1,37,38,9,9,133.9,1,0,0,1,0,0,18,0,0,6,10,5,12.2,0,0,6,8,4,11.25,0,9.4,-0.8,-3.12,-0.9499999999999992,0.5714285714285714,1,8.714285714285714,0,Graduate,AT RISK,89.6,False
175,1,1,2,9853,1,1,121.0,1,38,38,7,5,120.0,1,0,0,1,0,0,18,0,0,6,10,3,12.0,0,0,6,8,4,10.25,0,10.8,1.4,1.74,-1.75,0.5714285714285714,1,5.142857142857142,0,Enrolled,AT RISK,89.2,False
176,1,1,1,9238,1,1,128.0,1,19,19,0,5,120.3,1,0,0,1,0,0,19,0,0,6,12,2,13.0,0,0,6,8,5,11.6,0,7.6,2.6,0.32,-1.4000000000000004,0.7142857142857143,1,3.714285714285714,0,Graduate,AT RISK,84.8,False
177,1,39,1,9991,0,1,120.0,1,38,38,3,3,140.0,0,0,0,1,0,0,25,0,0,5,11,3,10.66666667,0,0,5,11,3,11.33333333,0,15.5,2.8,-4.06,0.6666666600000006,0.5,1,5.333333335,0,Enrolled,AT RISK,34.9,False
178,1,1,1,9238,1,1,125.0,1,37,38,9,9,125.0,1,0,1,0,0,1,19,0,0,6,8,5,10.6,0,0,6,8,5,11.0,0,10.8,1.4,1.74,0.4000000000000003,0.7142857142857143,2,7.571428571428571,0,Graduate,AT RISK,60.9,False
179,1,1,1,9254,1,1,145.0,1,1,38,4,9,131.7,1,0,0,1,0,1,21,0,0,6,8,6,12.16666667,0,0,6,11,3,11.66666667,0,10.8,1.4,1.74,-0.5,0.4285714285714285,0,10.428571431428573,0,Dropout,AT RISK,84.7,True
180,1,16,2,9147,1,1,132.0,1,37,37,9,9,122.6,1,0,0,1,0,1,20,0,0,5,8,3,12.0,0,0,5,9,4,12.625,0,10.8,1.4,1.74,0.625,0.6666666666666666,0,6.0,0,Enrolled,AT RISK,88.5,False
181,1,17,3,9147,1,1,112.0,1,1,19,3,5,107.8,1,0,0,1,0,0,19,0,0,5,7,3,10.33333333,0,0,5,11,3,14.42857143,0,10.8,1.4,1.74,4.0952381,0.5,1,5.166666665,0,Enrolled,AT RISK,67.0,False
182,1,1,1,9147,1,1,118.0,1,1,2,10,10,117.3,1,0,0,1,0,0,19,0,0,5,9,4,12.25,0,0,5,10,4,12.0,0,8.9,1.4,3.51,-0.25,0.6666666666666666,1,8.166666666666666,0,Enrolled,AT RISK,88.8,False
183,1,17,1,9254,1,1,123.0,1,38,37,9,7,120.6,1,0,0,0,0,0,19,0,0,6,9,3,11.66666667,0,0,6,15,1,10.0,0,10.8,1.4,1.74,-1.6666666699999997,0.1428571428571428,2,5.000000001428571,0,Dropout,AT RISK,59.8,False
184,1,43,2,9773,1,1,132.0,1,19,19,0,0,127.1,0,0,0,1,1,0,23,0,0,6,9,6,12.33333333,0,0,6,11,5,13.0,0,7.6,2.6,0.32,0.6666666699999997,0.7142857142857143,1,10.571428568571427,0,Graduate,AT RISK,74.4,True
185,1,1,1,9670,1,1,135.0,1,19,37,5,7,121.4,0,0,0,1,1,0,21,0,0,5,7,4,11.5,0,0,5,6,4,11.75,0,9.4,-0.8,-3.12,0.25,0.6666666666666666,1,7.666666666666666,0,Graduate,AT RISK,90.7,False
186,1,1,1,9147,1,1,117.0,1,38,19,5,7,118.1,0,0,0,1,1,0,19,0,0,5,6,5,11.2,0,0,5,5,5,13.2,0,12.4,0.5,1.79,2.0,0.8333333333333334,1,9.333333333333334,0,Graduate,AT RISK,80.0,False
187,1,42,1,9119,1,1,144.0,1,34,34,0,0,119.5,0,0,0,1,1,0,18,0,0,5,6,1,10.0,0,0,5,7,1,12.0,0,10.8,1.4,1.74,2.0,0.1666666666666666,1,1.6666666666666663,0,Dropout,AT RISK,55.3,False
188,1,39,1,9991,0,1,130.0,1,1,1,4,10,115.2,0,0,0,1,1,0,24,0,0,5,5,4,12.0,0,0,5,6,5,12.66666667,0,12.4,0.5,1.79,0.6666666699999997,0.8333333333333334,1,8.0,0,Enrolled,AT RISK,36.5,False
189,1,18,1,9670,1,1,140.0,1,1,37,9,9,130.2,1,0,0,1,1,0,22,0,0,6,11,4,13.0,0,0,6,11,4,12.6,0,12.7,3.7,-1.7,-0.4000000000000003,0.5714285714285714,1,7.428571428571428,0,Graduate,AT RISK,89.5,False
190,1,17,1,9147,1,1,140.0,1,37,37,9,7,132.3,1,0,0,1,0,0,20,0,0,5,9,1,10.0,0,0,5,10,1,11.0,0,7.6,2.6,0.32,1.0,0.1666666666666666,1,1.6666666666666663,0,Dropout,AT RISK,70.4,False
191,1,17,1,9254,1,1,128.0,1,19,1,5,7,120.7,1,0,1,1,0,0,18,0,0,6,8,6,11.66666667,0,0,6,10,4,11.5,0,13.9,-0.3,0.79,-0.1666666699999996,0.5714285714285714,2,10.000000002857142,0,Graduate,AT RISK,80.1,True
192,1,42,1,9853,1,1,120.0,1,1,37,5,5,113.9,1,0,0,1,0,0,21,0,0,6,8,4,12.25,0,0,6,13,3,10.33333333,0,12.7,3.7,-1.7,-1.91666667,0.4285714285714285,1,7.0,0,Dropout,AT RISK,80.5,False
193,1,17,1,9238,1,1,123.0,1,1,1,9,9,113.2,0,0,0,1,0,1,20,0,0,6,11,4,10.75,0,0,6,13,5,11.5,0,15.5,2.8,-4.06,0.75,0.7142857142857143,0,6.142857142857142,0,Enrolled,AT RISK,77.0,False
194,1,1,1,9147,1,1,160.0,1,9,19,4,3,151.3,0,0,0,1,0,0,23,0,0,5,8,3,10.66666667,0,0,5,8,5,11.6,0,7.6,2.6,0.32,0.93333333,0.8333333333333334,1,5.333333335,0,Graduate,AT RISK,74.2,False
195,1,17,1,9238,1,1,145.0,1,38,38,5,7,138.0,1,0,0,1,0,0,20,0,0,6,11,5,11.2,0,0,6,6,6,12.0,0,9.4,-0.8,-3.12,0.8000000000000007,0.8571428571428571,1,8.0,0,Graduate,AT RISK,84.1,False
196,1,1,1,9238,1,1,120.0,1,19,38,5,6,112.3,0,0,0,1,0,1,22,0,0,6,10,5,10.71428571,0,0,6,10,5,12.2,0,12.7,3.7,-1.7,1.4857142899999989,0.7142857142857143,0,7.653061221428572,0,Graduate,AT RISK,85.8,False
197,1,1,1,9238,1,1,122.0,1,1,19,4,4,127.3,1,0,1,1,0,0,20,0,0,6,6,6,12.16666667,0,0,6,7,6,11.66666667,0,9.4,-0.8,-3.12,-0.5,0.8571428571428571,2,10.428571431428573,0,Graduate,AT RISK,69.5,False
198,1,39,1,9991,0,1,133.1,1,19,38,7,4,125.7,0,0,0,1,0,0,26,0,0,5,9,2,12.0,0,0,5,9,3,11.0,0,10.8,1.4,1.74,-1.0,0.5,1,4.0,0,Dropout,AT RISK,40.2,False
199,1,1,2,9853,1,1,124.0,1,38,37,5,3,118.1,1,0,0,0,0,0,18,0,0,6,11,3,13.0,0,0,6,10,5,11.8,0,9.4,-0.8,-3.12,-1.1999999999999993,0.7142857142857143,2,5.571428571428571,0,Dropout,AT RISK,66.5,False
200,1,17,3,9670,1,1,123.0,1,38,38,7,8,118.8,1,1,0,1,0,1,18,0,0,6,10,5,12.0,0,0,6,11,5,12.33333333,0,11.1,0.6,2.02,0.3333333300000003,0.7142857142857143,0,8.571428571428571,0,Graduate,AT RISK,28.2,False
201,1,1,1,9238,1,1,126.0,1,38,38,7,8,126.7,1,0,0,1,0,0,19,0,0,6,11,4,12.75,0,0,6,7,6,11.33333333,0,7.6,2.6,0.32,-1.4166666699999997,0.8571428571428571,1,7.285714285714286,0,Graduate,AT RISK,88.5,False
202,1,43,1,9147,1,1,131.0,1,19,38,9,9,129.7,1,0,0,1,0,0,19,0,0,5,5,5,12.6,0,0,5,6,4,12.4,0,16.2,0.3,-0.92,-0.1999999999999993,0.6666666666666666,1,10.5,0,Graduate,AT RISK,79.1,False
203,1,1,1,9670,1,1,124.0,1,19,37,5,7,119.1,0,0,0,1,1,1,20,0,0,5,7,4,11.0,0,0,5,7,4,11.5,0,9.4,-0.8,-3.12,0.5,0.6666666666666666,0,7.333333333333333,0,Graduate,AT RISK,84.7,False
204,1,1,1,9773,1,1,120.0,1,36,37,0,0,126.7,1,0,0,1,1,0,20,0,0,6,9,5,12.6,0,0,6,11,4,11.5,0,7.6,2.6,0.32,-1.0999999999999996,0.5714285714285714,1,9.0,0,Graduate,AT RISK,81.3,False
205,1,18,1,9254,1,1,118.0,1,38,38,5,5,123.3,1,0,0,1,1,0,26,0,0,6,10,4,10.0,0,0,6,11,3,12.0,0,9.4,-0.8,-3.12,2.0,0.4285714285714285,1,5.7142857142857135,0,Enrolled,AT RISK,79.7,False
206,1,1,1,9670,1,1,127.0,1,19,1,5,7,118.3,1,0,0,1,0,0,18,0,0,6,7,6,12.33333333,0,0,6,10,3,12.0,0,13.9,-0.3,0.79,-0.3333333300000003,0.4285714285714285,1,10.571428568571427,0,Enrolled,AT RISK,91.9,True
207,1,43,1,9254,1,1,130.0,1,1,19,5,7,130.0,0,0,0,1,0,1,19,0,0,6,11,4,12.0,0,0,6,14,3,11.0,0,10.8,1.4,1.74,-1.0,0.4285714285714285,0,6.857142857142857,0,Dropout,AT RISK,82.6,False
208,1,17,2,9853,1,1,131.0,1,1,38,4,8,121.9,1,0,0,1,0,0,19,0,0,6,10,5,12.6,0,0,6,7,5,11.2,0,10.8,1.4,1.74,-1.4000000000000004,0.7142857142857143,1,9.0,0,Graduate,AT RISK,93.3,False
209,1,17,3,9147,1,1,125.0,1,3,38,2,10,118.7,1,0,0,1,0,0,18,0,0,5,16,4,10.66666667,0,0,5,11,2,12.0,0,13.9,-0.3,0.79,1.3333333300000003,0.3333333333333333,1,7.111111113333333,0,Enrolled,AT RISK,70.1,False
210,1,1,1,9238,1,1,107.0,1,19,37,7,7,103.5,1,0,0,1,0,0,20,0,0,6,13,3,11.2,0,0,6,9,4,12.0,0,16.2,0.3,-0.92,0.8000000000000007,0.5714285714285714,1,4.8,0,Enrolled,AT RISK,84.1,False
211,1,17,2,9853,1,1,126.0,1,1,19,2,10,126.0,1,0,0,1,0,0,19,0,0,6,9,5,13.0,0,0,6,8,5,10.4,0,7.6,2.6,0.32,-2.6,0.7142857142857143,1,9.285714285714286,0,Enrolled,AT RISK,82.3,True
212,1,17,1,9147,1,1,147.0,1,37,37,9,6,142.8,1,0,1,0,0,1,19,0,0,5,5,5,12.8,0,0,5,5,4,12.0,0,11.1,0.6,2.02,-0.8000000000000007,0.6666666666666666,2,10.666666666666668,0,Enrolled,AT RISK,51.3,False
213,1,17,1,9070,1,1,122.0,1,1,1,4,8,123.8,1,0,1,0,0,1,18,0,0,6,6,6,11.83333333,0,0,6,8,6,11.0,0,12.7,3.7,-1.7,-0.8333333300000003,0.8571428571428571,2,10.14285714,0,Dropout,AT RISK,53.3,False
214,1,1,1,9238,1,1,108.0,1,1,38,5,8,105.9,0,0,0,1,0,1,20,0,0,6,11,5,10.6,0,0,6,9,5,11.16666667,0,11.1,0.6,2.02,0.56666667,0.7142857142857143,0,7.571428571428571,0,Enrolled,AT RISK,83.4,False
215,1,1,1,9147,1,1,140.0,1,19,19,7,3,120.0,1,0,0,1,1,0,21,0,0,5,8,3,10.0,0,0,5,10,4,11.0,0,12.7,3.7,-1.7,1.0,0.6666666666666666,1,5.0,0,Dropout,AT RISK,88.9,False
216,1,1,1,9773,1,1,130.0,1,1,38,3,5,128.6,1,0,0,1,1,0,19,0,0,6,8,5,12.0,0,0,6,8,5,12.4,0,9.4,-0.8,-3.12,0.4000000000000003,0.7142857142857143,1,8.571428571428571,0,Graduate,AT RISK,89.5,False
217,1,17,1,9147,1,1,136.0,1,1,1,9,3,122.7,1,0,0,1,1,0,18,0,0,5,6,5,12.0,0,0,5,7,4,12.5,0,15.5,2.8,-4.06,0.5,0.6666666666666666,1,10.0,0,Enrolled,AT RISK,80.7,False
218,1,17,1,9254,1,1,118.0,1,11,34,5,0,122.2,1,0,0,1,0,0,22,0,0,6,10,4,10.5,0,0,6,14,1,11.0,0,7.6,2.6,0.32,0.5,0.1428571428571428,1,6.0,0,Dropout,AT RISK,76.6,False
219,1,15,1,9147,1,1,150.0,1,38,1,9,1,150.0,0,0,0,1,1,0,19,0,0,5,5,5,10.6,0,0,5,8,5,11.6,0,12.4,0.5,1.79,1.0,0.8333333333333334,1,8.833333333333334,0,Graduate,AT RISK,71.3,False
220,1,1,2,9773,1,1,122.0,1,37,37,9,9,126.9,1,0,0,1,0,1,19,0,0,6,11,4,11.0,0,0,6,11,3,11.66666667,0,9.4,-0.8,-3.12,0.6666666699999997,0.4285714285714285,0,6.285714285714286,0,Enrolled,AT RISK,80.2,False
221,1,39,1,9130,1,1,114.0,1,38,38,9,10,120.0,0,0,0,1,0,0,24,0,0,6,9,6,12.57142857,0,0,6,10,5,12.83333333,0,11.1,0.6,2.02,0.2619047600000002,0.7142857142857143,1,10.775510202857143,0,Dropout,AT RISK,81.0,True
222,1,1,3,9147,1,1,127.0,1,1,38,5,7,123.5,1,0,0,1,0,1,19,0,0,5,5,5,11.6,0,0,5,11,3,12.66666667,0,9.4,-0.8,-3.12,1.06666667,0.5,0,9.666666666666666,0,Enrolled,AT RISK,74.8,True
223,1,1,1,9254,1,1,143.0,1,2,37,1,1,133.2,1,0,0,1,0,0,19,0,0,6,9,5,13.4,0,0,6,16,2,13.5,0,10.8,1.4,1.74,0.0999999999999996,0.2857142857142857,1,9.571428571428571,0,Enrolled,AT RISK,72.5,True
224,1,43,1,9991,0,1,140.0,1,1,1,6,6,100.0,0,0,0,1,1,0,34,0,0,5,5,5,13.8,0,0,5,6,5,13.83333333,0,9.4,-0.8,-3.12,0.0333333299999996,0.8333333333333334,1,11.500000000000002,0,Graduate,AT RISK,11.4,False
225,1,17,3,9119,1,1,138.0,1,1,19,4,3,125.4,1,0,0,1,1,1,18,0,0,5,9,4,12.25,0,0,5,9,3,12.33333333,0,8.9,1.4,3.51,0.0833333300000003,0.5,0,8.166666666666666,0,Dropout,AT RISK,81.4,False
226,1,17,1,9130,1,1,132.0,1,2,1,4,1,127.8,0,0,0,1,1,0,18,0,0,6,9,6,12.0,0,0,6,10,5,12.16666667,0,11.1,0.6,2.02,0.1666666699999996,0.7142857142857143,1,10.285714285714285,0,Dropout,AT RISK,88.4,True
227,1,1,1,9147,1,1,123.0,1,1,19,4,5,117.8,0,0,0,1,1,0,20,0,0,5,9,5,12.0,0,0,5,9,4,13.0,0,8.9,1.4,3.51,1.0,0.6666666666666666,1,10.0,0,Enrolled,AT RISK,92.6,False
228,1,39,1,9670,1,1,120.0,1,38,37,7,7,140.0,0,0,0,1,1,0,24,0,0,6,15,4,10.5,0,0,6,16,4,12.5,0,15.5,2.8,-4.06,2.0,0.5714285714285714,1,6.0,0,Dropout,AT RISK,61.2,False
229,1,1,3,9670,1,1,121.0,1,3,19,2,8,122.4,1,0,0,1,1,0,19,0,0,5,7,3,11.66666667,0,0,5,5,4,12.0,0,9.4,-0.8,-3.12,0.3333333300000003,0.6666666666666666,1,5.833333335,0,Enrolled,AT RISK,78.8,False
230,1,51,1,9119,1,1,140.0,1,1,19,4,4,150.0,0,0,0,1,1,0,23,0,0,5,7,2,13.0,0,0,5,11,1,10.0,0,8.9,1.4,3.51,-3.0,0.1666666666666666,1,4.333333333333333,0,Dropout,AT RISK,57.3,False
231,1,17,2,9254,1,1,135.0,1,19,19,4,3,135.0,1,0,0,1,1,0,20,0,0,6,8,6,11.83333333,0,0,6,9,5,10.4,0,7.6,2.6,0.32,-1.43333333,0.7142857142857143,1,10.14285714,0,Enrolled,AT RISK,90.5,True
232,1,17,1,9147,1,1,120.0,1,3,38,3,7,124.2,1,0,0,1,1,0,18,0,0,5,13,5,12.0,0,0,5,9,4,11.4,0,13.9,-0.3,0.79,-0.5999999999999996,0.6666666666666666,1,10.0,0,Enrolled,AT RISK,89.4,False
233,1,17,1,9119,1,1,131.0,1,1,3,9,10,123.7,1,0,0,1,1,0,20,0,0,5,7,4,12.0,0,0,5,8,2,12.5,0,10.8,1.4,1.74,0.5,0.3333333333333333,1,8.0,0,Enrolled,AT RISK,89.1,False
234,1,18,2,9238,1,1,121.0,1,19,1,4,3,121.4,1,0,0,1,0,1,19,0,0,6,8,4,10.75,0,0,6,11,5,11.5,0,15.5,2.8,-4.06,0.75,0.7142857142857143,0,6.142857142857142,0,Graduate,AT RISK,82.5,False
235,1,17,1,9670,1,1,133.1,1,1,37,4,9,96.0,1,0,0,1,0,1,25,0,0,6,8,6,11.28571429,0,0,6,10,5,12.2,0,15.5,2.8,-4.06,0.9142857099999996,0.7142857142857143,0,9.67346939142857,0,Enrolled,AT RISK,71.6,True
236,1,1,1,9670,1,1,125.0,1,19,1,7,4,122.6,0,0,0,1,1,0,21,0,0,5,7,5,11.16666667,0,0,5,5,4,11.0,0,9.4,-0.8,-3.12,-0.1666666699999996,0.6666666666666666,1,9.305555558333332,0,Dropout,AT RISK,85.2,False
237,1,17,1,9773,1,1,112.0,1,1,1,5,1,111.7,0,0,1,0,1,0,19,0,0,6,6,6,12.5,0,0,6,10,4,12.6,0,15.5,2.8,-4.06,0.0999999999999996,0.5714285714285714,3,10.714285714285714,0,Dropout,AT RISK,45.9,True
238,1,39,1,9119,1,1,120.0,1,37,37,9,9,98.7,0,0,0,1,1,1,28,0,0,5,12,3,10.0,0,0,5,10,3,12.4,0,12.4,0.5,1.79,2.4000000000000004,0.5,0,5.0,0,Graduate,AT RISK,59.1,False
239,1,17,1,9147,1,1,129.0,1,38,37,3,5,132.9,1,0,0,1,0,0,19,0,0,5,5,3,11.66666667,0,0,5,10,4,10.8,0,9.4,-0.8,-3.12,-0.866666669999999,0.6666666666666666,1,5.833333335,0,Dropout,AT RISK,86.4,True
240,1,18,1,9773,1,1,125.0,1,19,37,9,5,122.2,0,0,0,0,0,0,18,0,0,6,7,5,12.6,0,0,6,6,5,11.8,0,11.1,0.6,2.02,-0.7999999999999989,0.7142857142857143,2,9.0,0,Enrolled,AT RISK,72.2,False
241,1,17,1,9130,1,1,137.0,1,38,19,5,7,130.0,1,0,0,1,0,0,21,0,0,6,12,5,13.6,0,0,6,10,4,14.25,0,12.4,0.5,1.79,0.6500000000000004,0.5714285714285714,1,9.714285714285714,0,Enrolled,AT RISK,92.5,False
242,1,1,2,9147,1,1,108.0,1,1,19,4,4,105.9,1,0,0,1,1,0,21,0,0,5,9,4,10.75,0,0,5,6,5,11.4,0,11.1,0.6,2.02,0.6500000000000004,0.8333333333333334,1,7.166666666666666,0,Graduate,AT RISK,84.5,False
243,1,1,3,9085,1,1,131.0,1,37,19,9,8,136.3,1,0,1,0,0,0,18,0,0,5,7,3,13.0,0,0,5,8,3,12.0,0,7.6,2.6,0.32,-1.0,0.5,3,6.5,0,Dropout,AT RISK,50.2,False
244,1,17,1,9853,1,1,119.0,1,37,38,9,9,125.0,1,0,0,1,0,1,21,0,0,6,9,5,12.0,0,0,6,8,5,11.2,0,10.8,1.4,1.74,-0.8000000000000007,0.7142857142857143,0,8.571428571428571,0,Dropout,AT RISK,86.3,False
245,1,1,1,9147,1,1,132.0,1,38,37,7,7,131.3,1,0,0,1,0,0,18,0,0,5,8,4,12.0,0,0,5,8,4,12.25,0,9.4,-0.8,-3.12,0.25,0.6666666666666666,1,8.0,0,Enrolled,AT RISK,92.5,False
246,1,17,2,9119,1,1,133.1,1,1,2,3,3,117.0,1,0,0,1,1,0,21,0,0,5,10,5,11.16666667,0,0,5,10,3,10.8,0,12.4,0.5,1.79,-0.366666669999999,0.5,1,9.305555558333332,0,Enrolled,AT RISK,93.0,False
247,1,17,1,9254,1,1,119.0,1,37,37,5,4,118.0,1,0,0,1,1,0,19,0,0,6,13,2,10.5,0,0,6,11,1,12.0,0,10.8,1.4,1.74,1.5,0.1428571428571428,1,3.0,0,Dropout,AT RISK,74.8,False
248,1,17,1,9147,1,1,118.0,1,1,38,9,9,118.4,1,0,0,1,1,0,19,0,0,5,10,2,10.5,0,0,5,5,4,11.75,0,12.4,0.5,1.79,1.25,0.6666666666666666,1,3.5,0,Enrolled,AT RISK,80.8,False
249,1,1,1,9670,1,1,127.0,1,1,37,4,9,128.1,0,0,0,1,1,0,19,0,0,5,8,4,12.5,0,0,5,6,4,11.0,0,7.6,2.6,0.32,-1.5,0.6666666666666666,1,8.333333333333332,0,Enrolled,AT RISK,87.5,False
250,1,17,1,9238,1,1,136.0,1,37,37,7,7,140.9,1,0,0,1,1,0,18,0,0,6,10,4,12.0,0,0,6,7,5,11.8,0,9.4,-0.8,-3.12,-0.1999999999999993,0.7142857142857143,1,6.857142857142857,0,Dropout,AT RISK,89.7,False
251,1,17,1,9773,1,1,117.0,1,38,38,9,9,111.1,0,0,1,1,1,0,19,0,0,6,6,4,11.25,0,0,6,6,3,11.33333333,0,16.2,0.3,-0.92,0.0833333300000003,0.4285714285714285,2,6.428571428571428,0,Dropout,AT RISK,67.3,False
252,1,1,2,9254,1,1,125.0,1,1,19,4,1,121.5,1,0,0,1,1,0,18,0,0,6,12,5,11.0,0,0,6,11,3,10.33333333,0,9.4,-0.8,-3.12,-0.6666666699999997,0.4285714285714285,1,7.857142857142858,0,Enrolled,AT RISK,84.1,False
253,1,1,1,9085,1,1,126.0,1,38,37,9,9,123.6,1,0,0,1,0,0,21,0,0,5,10,3,11.66666667,0,0,5,5,5,13.0,0,10.8,1.4,1.74,1.3333333300000003,0.8333333333333334,1,5.833333335,0,Graduate,AT RISK,84.4,False
254,1,1,1,9670,1,1,141.0,1,19,3,4,0,137.9,1,0,0,0,1,0,20,0,0,5,6,3,12.0,0,0,5,5,4,12.75,0,7.6,2.6,0.32,0.75,0.6666666666666666,2,6.0,0,Dropout,AT RISK,61.4,False
255,1,1,2,9085,1,1,130.0,1,37,19,9,8,129.0,0,0,0,1,0,0,20,0,0,5,7,4,11.75,0,0,5,9,2,10.5,0,7.6,2.6,0.32,-1.25,0.3333333333333333,1,7.833333333333333,0,Enrolled,AT RISK,87.1,False
256,1,39,1,9991,0,1,133.1,1,1,1,4,2,127.7,0,0,0,1,0,0,25,0,0,5,12,4,12.5,0,0,5,10,4,11.0,0,13.9,-0.3,0.79,-1.5,0.6666666666666666,1,8.333333333333332,0,Enrolled,AT RISK,38.7,False
257,1,1,1,9773,1,1,117.0,1,1,19,4,4,109.3,0,0,0,1,1,0,19,0,0,6,11,4,12.25,0,0,6,10,3,12.66666667,0,7.6,2.6,0.32,0.4166666699999997,0.4285714285714285,1,7.0,0,Enrolled,AT RISK,90.2,False
258,1,1,2,9670,1,1,124.0,1,19,1,9,4,117.7,1,0,1,1,1,0,20,0,0,5,5,4,12.0,0,0,5,6,5,11.6,0,9.4,-0.8,-3.12,-0.4000000000000003,0.8333333333333334,2,8.0,0,Dropout,AT RISK,66.7,False
259,1,1,1,9670,1,1,124.0,1,2,2,3,3,124.7,1,0,0,1,1,0,21,0,0,5,7,3,11.0,0,0,5,5,4,12.75,0,7.6,2.6,0.32,1.75,0.6666666666666666,1,5.5,0,Dropout,AT RISK,81.2,False
260,1,17,1,9070,1,1,141.0,1,19,38,4,5,133.7,1,0,0,1,1,0,22,0,0,6,7,5,11.4,0,0,6,6,6,12.16666667,0,7.6,2.6,0.32,0.7666666699999993,0.8571428571428571,1,8.142857142857144,0,Graduate,AT RISK,86.3,False
261,1,17,1,9085,1,1,128.0,1,38,37,9,9,116.5,1,0,0,1,1,0,18,0,0,5,6,5,12.0,0,0,5,8,5,12.14285714,0,10.8,1.4,1.74,0.1428571400000002,0.8333333333333334,1,10.0,0,Graduate,AT RISK,86.8,False
262,1,1,3,9147,1,1,128.0,1,3,3,5,10,116.5,0,0,0,1,1,0,20,0,0,5,7,5,11.6,0,0,5,5,5,12.8,0,12.4,0.5,1.79,1.200000000000001,0.8333333333333334,1,9.666666666666666,0,Graduate,AT RISK,77.2,False
263,1,1,1,9147,1,1,118.0,1,1,1,9,9,111.0,0,0,0,0,1,0,21,0,0,5,7,2,11.0,0,0,5,9,3,11.42857143,0,10.8,1.4,1.74,0.4285714299999998,0.5,2,3.6666666666666665,0,Dropout,AT RISK,65.8,False
264,1,18,1,9130,1,1,146.0,1,3,3,5,2,137.8,0,0,0,1,1,0,18,0,0,6,11,5,13.6,0,0,6,13,3,12.66666667,0,13.9,-0.3,0.79,-0.93333333,0.4285714285714285,1,9.714285714285714,0,Dropout,AT RISK,79.8,False
265,1,43,1,9773,1,1,127.0,1,1,1,9,6,110.0,0,0,1,0,1,0,19,0,0,6,10,3,11.66666667,0,0,6,11,2,10.0,0,16.2,0.3,-0.92,-1.6666666699999997,0.2857142857142857,3,5.000000001428571,0,Dropout,AT RISK,44.8,False
266,1,43,1,9130,1,1,156.0,1,19,1,9,4,156.0,0,0,1,0,1,0,24,0,0,6,11,5,11.83333333,0,0,6,11,4,11.5,0,15.5,2.8,-4.06,-0.3333333300000003,0.5714285714285714,3,8.45238095,0,Dropout,AT RISK,40.1,False
267,1,17,2,9070,1,1,152.0,1,39,39,3,3,134.2,1,0,0,1,1,0,20,0,0,6,7,5,11.8,0,0,6,9,4,12.0,0,15.5,2.8,-4.06,0.1999999999999993,0.5714285714285714,1,8.428571428571429,0,Enrolled,AT RISK,81.6,True
268,1,42,1,9003,1,1,140.0,1,19,19,4,4,140.0,1,0,0,1,1,0,25,0,0,6,14,5,11.66666667,0,0,6,11,4,12.0,0,15.5,2.8,-4.06,0.3333333300000003,0.5714285714285714,1,8.333333335714286,0,Enrolled,AT RISK,74.3,False
269,1,1,1,9147,1,1,133.1,1,37,38,7,7,98.0,1,0,0,1,1,0,23,0,0,5,8,4,11.4,0,0,5,7,4,11.0,0,11.1,0.6,2.02,-0.4000000000000003,0.6666666666666666,1,7.6,0,Graduate,AT RISK,88.5,False
270,1,1,2,9147,1,1,131.0,1,1,1,9,9,118.8,0,0,0,1,1,1,18,0,0,5,9,4,11.5,0,0,5,5,5,12.8,0,12.4,0.5,1.79,1.3000000000000007,0.8333333333333334,0,7.666666666666666,0,Graduate,AT RISK,76.0,False
271,1,1,3,9119,1,1,117.0,1,1,1,3,5,111.1,0,0,0,1,1,1,19,0,0,5,10,5,11.8,0,0,5,12,3,11.5,0,11.1,0.6,2.02,-0.3000000000000007,0.5,0,9.833333333333334,0,Enrolled,AT RISK,77.1,False
272,1,1,2,9147,1,1,142.0,1,37,38,9,9,137.5,1,0,0,1,1,0,19,0,0,5,10,5,12.0,0,0,5,9,5,11.5,0,13.9,-0.3,0.79,-0.5,0.8333333333333334,1,10.0,0,Graduate,AT RISK,83.9,False
273,1,43,1,9085,1,1,130.0,1,19,38,4,9,130.0,1,0,0,0,0,0,19,0,0,6,12,5,13.0,0,0,6,12,3,11.66666667,0,13.9,-0.3,0.79,-1.3333333300000003,0.4285714285714285,2,9.285714285714286,0,Enrolled,AT RISK,66.9,False
274,1,1,3,9500,1,1,122.0,1,3,1,4,3,114.8,1,0,0,1,0,1,19,0,0,7,11,4,12.65,0,0,7,9,5,11.1,0,12.4,0.5,1.79,-1.5500000000000007,0.625,0,6.325,0,Enrolled,AT RISK,76.7,False
275,1,1,1,9147,1,1,128.0,1,38,37,5,6,122.1,0,0,0,1,0,1,18,0,0,5,11,4,11.57142857,0,0,5,9,5,12.0,0,13.9,-0.3,0.79,0.4285714299999998,0.8333333333333334,0,7.714285713333333,0,Enrolled,AT RISK,85.8,False
276,1,1,1,9853,1,1,162.0,1,37,19,9,8,142.8,0,0,1,1,0,0,18,0,0,6,10,5,13.0,0,0,6,10,4,11.5,0,12.7,3.7,-1.7,-1.5,0.5714285714285714,2,9.285714285714286,0,Dropout,AT RISK,62.6,False
277,1,1,1,9147,1,1,133.1,1,19,19,9,9,119.0,1,0,0,0,0,1,19,0,0,5,7,3,10.66666667,0,0,5,10,3,12.28571429,0,10.8,1.4,1.74,1.61904762,0.5,1,5.333333335,0,Dropout,AT RISK,71.6,False
278,1,1,1,9147,1,1,158.0,1,1,38,3,6,155.2,0,0,0,1,1,1,18,0,0,5,5,5,11.8,0,0,5,8,3,11.0,0,9.4,-0.8,-3.12,-0.8000000000000007,0.5,0,9.833333333333334,0,Graduate,AT RISK,64.1,True
279,1,1,1,9130,1,1,138.0,1,3,19,2,4,131.0,1,0,0,1,1,0,19,0,0,6,8,4,11.6,0,0,6,14,2,13.0,0,11.1,0.6,2.02,1.4000000000000004,0.2857142857142857,1,6.628571428571428,0,Dropout,AT RISK,83.0,False
280,1,17,1,9003,1,1,126.0,1,37,3,5,2,116.9,0,0,0,1,1,0,19,0,0,6,10,6,13.66666667,0,0,6,10,4,12.25,0,13.9,-0.3,0.79,-1.4166666699999997,0.5714285714285714,1,11.714285717142856,0,Dropout,AT RISK,83.0,True
281,1,43,3,9254,1,1,135.0,1,3,3,2,2,122.1,0,0,0,1,1,0,19,0,0,6,14,3,12.5,0,0,6,9,4,11.0,0,12.7,3.7,-1.7,-1.5,0.5714285714285714,1,5.357142857142857,0,Enrolled,AT RISK,72.0,False
282,1,1,1,9119,1,1,148.0,1,19,38,9,7,133.0,0,0,0,1,1,0,18,0,0,5,12,5,13.28571429,0,0,5,16,5,14.8,0,12.4,0.5,1.79,1.5142857100000011,0.8333333333333334,1,11.071428575,0,Dropout,AT RISK,66.6,False
283,1,39,1,9991,0,1,130.0,1,1,1,3,7,140.0,0,0,0,1,1,0,26,0,0,5,5,5,12.4,0,0,5,5,5,12.4,0,15.5,2.8,-4.06,0.0,0.8333333333333334,1,10.333333333333334,0,Graduate,AT RISK,29.3,False
284,1,1,1,9773,1,1,150.0,1,19,11,0,0,131.1,1,0,0,1,1,0,19,0,0,6,6,6,11.66666667,0,0,6,10,3,12.66666667,0,7.6,2.6,0.32,1.0,0.4285714285714285,1,10.000000002857142,0,Graduate,AT RISK,74.5,True
285,1,1,1,9070,1,1,124.0,1,19,19,7,9,132.1,1,0,0,1,0,0,19,0,0,6,10,2,10.5,0,0,6,6,3,11.0,0,7.6,2.6,0.32,0.5,0.4285714285714285,1,3.0,0,Enrolled,AT RISK,85.2,False
286,1,1,1,9773,1,1,121.0,1,3,3,2,2,112.3,1,0,1,0,0,0,18,0,0,6,7,5,12.2,0,0,6,11,4,11.5,0,11.1,0.6,2.02,-0.6999999999999993,0.5714285714285714,3,8.714285714285714,0,Dropout,AT RISK,54.2,True
287,1,43,1,9773,1,1,126.0,1,1,37,3,0,110.0,0,0,1,1,0,0,20,0,0,6,7,6,13.33333333,0,0,6,8,6,12.66666667,0,12.4,0.5,1.79,-0.6666666600000006,0.8571428571428571,2,11.428571425714283,0,Graduate,AT RISK,60.8,False
288,1,17,1,9853,1,1,112.0,1,2,19,3,9,106.1,1,0,0,1,0,0,19,0,0,6,8,5,12.33333333,0,0,6,8,5,11.0,0,15.5,2.8,-4.06,-1.3333333300000003,0.7142857142857143,1,8.809523807142858,0,Enrolled,AT RISK,81.6,True
289,1,43,1,9670,1,1,151.0,1,19,19,1,1,100.0,0,0,1,1,0,0,20,0,0,6,12,5,12.2,0,0,6,8,5,14.6,0,13.9,-0.3,0.79,2.4000000000000004,0.7142857142857143,2,8.714285714285714,0,Enrolled,AT RISK,56.3,False
290,1,1,1,9853,1,1,142.0,1,19,1,9,1,132.6,0,0,0,1,0,0,18,0,0,6,8,5,12.8,0,0,6,14,3,10.0,0,9.4,-0.8,-3.12,-2.8000000000000007,0.4285714285714285,1,9.142857142857144,0,Enrolled,AT RISK,69.0,True
291,1,17,3,9147,1,1,142.0,1,37,38,5,1,129.4,0,0,0,1,0,0,18,0,0,5,5,5,13.2,0,0,5,6,4,12.5,0,9.4,-0.8,-3.12,-0.6999999999999993,0.6666666666666666,1,11.0,0,Graduate,AT RISK,71.9,False
292,1,1,1,9070,1,1,123.0,1,38,38,9,5,124.8,0,0,0,0,0,1,18,0,0,6,7,5,11.8,0,0,6,7,5,13.0,0,8.9,1.4,3.51,1.1999999999999993,0.7142857142857143,1,8.428571428571429,0,Enrolled,AT RISK,67.5,False
293,1,17,2,9238,1,1,125.0,1,19,19,3,3,118.0,1,0,0,1,0,0,18,0,0,6,9,5,11.0,0,0,6,9,4,11.25,0,8.9,1.4,3.51,0.25,0.5714285714285714,1,7.857142857142858,0,Graduate,AT RISK,99.2,False
294,1,1,2,9773,1,1,124.0,1,3,3,3,4,114.6,1,0,0,1,0,0,21,0,0,6,8,5,12.8,0,0,6,7,5,11.2,0,11.1,0.6,2.02,-1.6000000000000014,0.7142857142857143,1,9.142857142857144,0,Graduate,AT RISK,89.6,False
295,1,1,1,9238,1,1,133.1,1,12,38,4,9,107.0,1,0,0,1,0,0,19,0,0,6,11,5,10.6,0,0,6,10,6,11.71428571,0,11.1,0.6,2.02,1.1142857100000008,0.8571428571428571,1,7.571428571428571,0,Dropout,AT RISK,90.3,False
296,1,17,1,9853,1,1,146.0,1,1,1,3,4,128.2,0,0,1,1,0,0,18,0,0,6,8,4,13.25,0,0,6,10,3,10.66666667,0,12.7,3.7,-1.7,-2.5833333300000003,0.4285714285714285,2,7.571428571428571,0,Enrolled,AT RISK,66.2,True
297,1,17,1,9147,1,1,122.0,1,19,19,4,6,119.9,0,0,0,1,0,1,21,0,0,5,6,5,11.4,0,0,5,6,5,12.2,0,12.7,3.7,-1.7,0.7999999999999989,0.8333333333333334,0,9.5,0,Graduate,AT RISK,82.6,False
298,1,44,1,9085,1,1,140.0,1,1,2,3,3,140.0,0,0,0,1,0,0,20,0,0,6,7,6,14.28571429,0,0,6,9,3,13.0,0,13.9,-0.3,0.79,-1.2857142899999996,0.4285714285714285,1,12.24489796285714,0,Enrolled,AT RISK,72.8,True
299,1,17,2,9254,1,1,108.0,1,37,37,9,7,108.0,1,0,0,1,0,1,20,0,0,6,10,4,11.6,0,0,6,10,4,11.75,0,12.7,3.7,-1.7,0.1500000000000003,0.5714285714285714,0,6.628571428571428,0,Graduate,AT RISK,84.2,False
300,1,39,1,9254,1,1,133.1,1,1,1,9,6,105.0,1,0,1,0,0,0,24,0,0,6,14,6,11.28571429,0,0,6,16,3,10.33333333,0,8.9,1.4,3.51,-0.9523809599999992,0.4285714285714285,3,9.67346939142857,0,Dropout,AT RISK,39.9,False
301,1,51,1,9254,1,1,120.0,1,38,38,9,9,118.0,0,0,0,1,0,0,28,0,0,6,8,6,12.85714286,0,0,6,8,5,12.6,0,8.9,1.4,3.51,-0.2571428600000001,0.7142857142857143,1,11.020408165714285,0,Graduate,AT RISK,68.1,False
302,1,39,1,9254,1,1,160.0,1,3,1,6,6,116.3,1,0,0,1,0,0,24,0,0,6,8,5,12.6,0,0,6,7,5,12.2,0,9.4,-0.8,-3.12,-0.4000000000000003,0.7142857142857143,1,9.0,0,Graduate,AT RISK,78.5,False
303,1,17,1,9147,1,1,137.0,1,1,37,5,9,131.4,1,0,0,1,1,0,22,0,0,5,8,2,10.0,0,0,5,7,1,10.0,0,7.6,2.6,0.32,0.0,0.1666666666666666,1,3.333333333333333,0,Dropout,AT RISK,73.7,False
304,1,17,2,9556,1,1,125.0,1,38,19,7,7,121.5,1,0,0,1,0,0,20,0,0,7,13,4,13.5,0,0,7,11,4,11.225,0,11.1,0.6,2.02,-2.2750000000000004,0.5,1,6.75,0,Dropout,AT RISK,85.8,False
305,1,1,1,9238,1,1,124.0,1,37,38,9,3,114.2,0,0,0,1,0,0,18,0,0,6,13,4,11.0,0,0,6,12,5,10.83333333,0,15.5,2.8,-4.06,-0.1666666699999996,0.7142857142857143,1,6.285714285714286,0,Graduate,AT RISK,80.5,False
306,1,1,1,9085,1,1,120.0,1,38,38,4,7,111.6,1,0,0,1,0,0,19,0,0,6,12,5,14.0,0,0,6,14,5,11.0,0,16.2,0.3,-0.92,-3.0,0.7142857142857143,1,10.0,0,Graduate,AT RISK,72.5,False
307,1,17,2,9254,1,1,123.0,1,19,19,5,5,113.2,1,0,1,1,0,0,19,0,0,6,10,6,12.16666667,0,0,6,8,5,11.66666667,0,16.2,0.3,-0.92,-0.5,0.7142857142857143,2,10.428571431428573,0,Dropout,AT RISK,77.6,False
308,1,17,1,9773,1,1,133.1,1,38,38,9,5,117.0,0,0,0,1,0,0,21,0,0,6,8,5,11.8,0,0,6,8,5,11.83333333,0,15.5,2.8,-4.06,0.0333333299999996,0.7142857142857143,1,8.428571428571429,0,Enrolled,AT RISK,88.3,False
309,1,1,2,9773,1,1,128.0,1,34,19,3,0,141.0,1,0,0,0,0,0,20,0,0,6,10,4,12.0,0,0,6,15,3,10.66666667,0,7.6,2.6,0.32,-1.3333333300000003,0.4285714285714285,2,6.857142857142857,0,Dropout,AT RISK,60.8,False
310,1,43,1,9500,1,1,127.0,1,19,19,4,7,121.1,0,0,0,1,0,1,18,0,0,7,11,5,12.16,0,0,7,7,2,13.4,0,16.2,0.3,-0.92,1.2400000000000002,0.25,0,7.6,0,Enrolled,AT RISK,73.0,False
311,1,16,1,9070,1,1,145.0,1,1,1,3,3,146.1,1,0,0,1,0,0,18,0,0,6,6,1,15.0,0,0,6,7,4,12.5,0,9.4,-0.8,-3.12,-2.5,0.5714285714285714,1,2.142857142857143,0,Enrolled,AT RISK,61.6,False
312,1,17,1,9853,1,1,158.0,1,38,37,5,5,140.2,1,0,0,1,0,0,18,0,0,6,9,5,11.0,0,0,6,9,4,11.25,0,10.8,1.4,1.74,0.25,0.5714285714285714,1,7.857142857142858,0,Dropout,AT RISK,87.5,False
313,1,1,1,9147,1,1,135.0,1,1,38,5,5,122.4,0,0,1,1,0,0,19,0,0,5,10,5,10.875,0,0,5,8,4,12.4,0,13.9,-0.3,0.79,1.5250000000000004,0.6666666666666666,2,9.0625,0,Graduate,AT RISK,76.1,False
314,1,1,1,9085,1,1,125.0,1,19,37,3,7,126.8,0,0,0,1,0,0,18,0,0,6,13,6,12.0,0,0,6,16,4,12.75,0,11.1,0.6,2.02,0.75,0.5714285714285714,1,10.285714285714285,0,Enrolled,AT RISK,79.5,False
315,1,1,2,9147,1,1,119.0,1,19,37,4,5,113.8,1,0,0,1,0,0,20,0,0,5,8,3,11.33333333,0,0,5,8,5,12.2,0,7.6,2.6,0.32,0.866666669999999,0.8333333333333334,1,5.666666665,0,Graduate,AT RISK,91.1,False
316,1,17,1,9130,1,1,143.0,1,3,3,2,2,131.8,1,0,1,0,0,0,18,0,0,6,9,5,12.4,0,0,6,12,5,14.16666667,0,8.9,1.4,3.51,1.766666669999999,0.7142857142857143,3,8.857142857142858,0,Enrolled,AT RISK,49.1,False
317,1,17,2,9670,1,1,123.0,1,34,37,0,0,114.6,1,0,1,0,0,0,18,0,0,5,8,3,12.0,0,0,5,6,4,10.75,0,7.6,2.6,0.32,-1.25,0.6666666666666666,3,6.0,0,Dropout,AT RISK,48.0,False
318,1,17,1,9238,1,1,128.0,1,19,19,5,4,116.5,0,0,0,1,0,1,18,0,0,6,8,5,10.8,0,0,6,9,6,10.5,0,12.4,0.5,1.79,-0.3000000000000007,0.8571428571428571,0,7.714285714285715,0,Graduate,AT RISK,89.0,False
319,1,17,2,9238,1,1,133.0,1,2,1,3,4,136.2,1,0,0,1,0,0,19,0,0,6,14,1,11.5,0,0,6,12,2,10.5,0,7.6,2.6,0.32,-1.0,0.2857142857142857,1,1.6428571428571428,0,Enrolled,AT RISK,70.0,False
320,1,17,1,9254,1,1,125.0,1,19,19,7,5,118.0,1,0,0,1,0,1,19,0,0,6,10,4,12.25,0,0,6,9,3,12.33333333,0,9.4,-0.8,-3.12,0.0833333300000003,0.4285714285714285,0,7.0,0,Graduate,AT RISK,92.9,False
321,1,17,1,9254,1,1,140.0,1,3,1,2,3,129.9,0,0,0,1,0,1,19,0,0,6,15,6,11.33333333,0,0,6,9,3,12.66666667,0,9.4,-0.8,-3.12,1.3333333399999994,0.4285714285714285,0,9.714285711428571,0,Graduate,AT RISK,71.8,False
322,1,17,2,9147,1,1,130.0,1,1,38,5,7,122.0,1,0,0,1,1,0,20,0,0,5,8,2,10.5,0,0,5,11,4,12.25,0,10.8,1.4,1.74,1.75,0.6666666666666666,1,3.5,0,Enrolled,AT RISK,87.7,False
323,1,1,3,9147,1,1,136.0,1,38,38,9,9,127.3,1,0,0,1,1,0,19,0,0,5,8,3,11.0,0,0,5,7,2,10.0,0,12.7,3.7,-1.7,-1.0,0.3333333333333333,1,5.5,0,Dropout,AT RISK,75.3,False
324,1,17,2,9254,1,1,121.0,1,19,38,6,6,116.1,1,0,0,1,1,0,19,0,0,6,8,5,11.2,0,0,6,11,4,12.5,0,15.5,2.8,-4.06,1.3000000000000007,0.5714285714285714,1,8.0,0,Graduate,AT RISK,90.8,False
325,1,17,2,9147,1,1,133.1,1,38,38,4,7,109.0,1,0,0,1,1,1,22,0,0,5,7,3,12.33333333,0,0,5,9,3,10.57142857,0,10.8,1.4,1.74,-1.7619047600000002,0.5,0,6.166666665,0,Enrolled,AT RISK,83.0,False
326,1,1,1,9119,1,1,126.0,1,38,19,5,5,130.2,0,0,0,1,1,0,19,0,0,5,7,5,10.2,0,0,5,8,3,12.0,0,10.8,1.4,1.74,1.8000000000000007,0.5,1,8.5,0,Enrolled,AT RISK,90.5,False
327,1,1,1,9238,1,1,140.0,1,19,38,9,9,132.0,0,0,0,1,1,0,19,0,0,6,10,5,11.57142857,0,0,6,10,3,13.0,0,16.2,0.3,-0.92,1.42857143,0.4285714285714285,1,8.265306121428571,0,Dropout,AT RISK,87.0,False
328,1,18,2,9556,1,1,126.0,1,3,3,2,2,115.5,0,0,0,1,1,0,18,0,0,7,11,6,13.43333333,0,0,7,10,4,13.6,0,8.9,1.4,3.51,0.1666666699999996,0.5,1,10.0749999975,0,Graduate,AT RISK,78.4,True
329,1,16,2,9147,1,1,129.0,1,19,19,4,9,127.6,1,0,0,1,1,0,19,0,0,5,8,5,11.6,0,0,5,9,3,11.0,0,10.8,1.4,1.74,-0.5999999999999996,0.5,1,9.666666666666666,0,Dropout,AT RISK,99.1,False
330,1,43,1,9119,1,1,146.0,1,3,1,2,3,100.0,0,0,0,1,1,0,18,0,0,5,9,4,12.25,0,0,5,11,3,11.66666667,0,13.9,-0.3,0.79,-0.5833333300000003,0.5,1,8.166666666666666,0,Enrolled,AT RISK,78.2,False
331,1,1,1,9670,1,1,116.0,1,3,3,3,3,110.1,1,0,0,1,1,0,19,0,0,6,9,5,13.33333333,0,0,6,6,5,13.0,0,12.4,0.5,1.79,-0.3333333300000003,0.7142857142857143,1,9.523809521428571,0,Graduate,AT RISK,85.6,False
332,1,17,2,9254,1,1,118.0,1,19,19,5,7,121.2,0,0,0,1,1,1,18,0,0,6,12,3,10.66666667,0,0,6,9,4,12.0,0,15.5,2.8,-4.06,1.3333333300000003,0.5714285714285714,0,4.571428572857142,0,Enrolled,AT RISK,80.1,False
333,1,1,1,9254,1,1,123.0,1,38,19,9,4,117.8,0,0,0,1,1,0,19,0,0,6,10,4,12.75,0,0,6,12,2,13.0,0,10.8,1.4,1.74,0.25,0.2857142857142857,1,7.285714285714286,0,Enrolled,AT RISK,89.7,False
334,1,39,1,9254,1,1,150.0,1,3,1,3,4,122.3,0,0,0,1,1,0,28,0,0,6,10,6,13.0,0,0,6,8,5,12.2,0,13.9,-0.3,0.79,-0.8000000000000007,0.7142857142857143,1,11.142857142857142,0,Graduate,AT RISK,70.1,False
335,1,43,1,9119,1,1,128.0,1,1,38,4,7,100.0,0,0,0,1,1,0,19,0,0,5,8,5,12.0,0,0,5,12,2,10.5,0,13.9,-0.3,0.79,-1.5,0.3333333333333333,1,10.0,0,Enrolled,AT RISK,76.5,False
336,1,18,1,9085,1,1,106.0,1,1,19,3,5,104.6,0,0,0,0,1,0,21,0,0,6,10,5,14.0,0,0,6,11,4,14.8,0,11.1,0.6,2.02,0.8000000000000007,0.5714285714285714,2,10.0,0,Enrolled,AT RISK,63.4,True
337,1,43,1,9500,1,1,120.0,1,3,4,2,4,120.6,0,0,0,1,1,0,18,0,0,7,12,4,12.65,0,0,7,10,3,10.66666667,0,16.2,0.3,-0.92,-1.983333330000001,0.375,1,6.325,0,Dropout,AT RISK,74.3,False
338,1,51,1,9773,1,1,135.0,1,1,42,5,3,110.0,1,0,0,1,1,0,23,0,0,6,7,6,13.33333333,0,0,6,6,4,12.75,0,11.1,0.6,2.02,-0.5833333300000003,0.5714285714285714,1,11.428571425714283,0,Graduate,AT RISK,74.7,False
339,1,1,1,9254,1,1,133.1,1,38,1,9,9,121.0,0,0,1,0,1,0,21,0,0,6,9,5,11.83333333,0,0,6,8,5,10.0,0,8.9,1.4,3.51,-1.8333333300000003,0.7142857142857143,3,8.45238095,0,Dropout,AT RISK,52.0,False
340,1,1,1,9238,1,1,127.0,1,37,37,5,10,125.3,0,0,0,1,1,0,19,0,0,6,9,5,10.8,0,0,6,11,5,11.0,0,7.6,2.6,0.32,0.1999999999999993,0.7142857142857143,1,7.714285714285715,0,Graduate,AT RISK,91.6,False
341,1,1,1,9238,1,1,136.0,1,4,5,2,2,126.2,0,0,0,1,1,0,22,0,0,6,10,5,11.4,0,0,6,8,5,11.0,0,10.8,1.4,1.74,-0.4000000000000003,0.7142857142857143,1,8.142857142857144,0,Graduate,AT RISK,92.5,False
342,1,1,1,9238,1,1,124.0,1,1,1,4,4,118.8,0,0,0,1,1,0,19,0,0,6,12,4,12.25,0,0,6,9,6,11.0,0,9.4,-0.8,-3.12,-1.25,0.8571428571428571,1,7.0,0,Graduate,AT RISK,84.1,False
343,1,1,1,9147,1,1,130.0,1,37,37,9,9,118.8,0,0,1,1,1,1,22,0,0,5,8,5,10.66666667,0,0,5,11,2,11.0,0,15.5,2.8,-4.06,0.3333333300000003,0.3333333333333333,1,8.888888891666667,0,Enrolled,AT RISK,65.8,False
344,1,18,1,9238,1,1,122.0,1,1,3,9,2,112.6,1,0,0,1,1,0,21,0,0,6,9,6,10.16666667,0,0,6,10,6,10.5,0,12.7,3.7,-1.7,0.3333333300000003,0.8571428571428571,1,8.714285717142856,0,Graduate,AT RISK,81.6,False
345,1,39,1,9003,1,1,133.1,1,1,19,4,10,145.8,0,0,0,1,1,0,34,0,0,6,15,5,13.33333333,0,0,6,15,5,12.4,0,12.4,0.5,1.79,-0.93333333,0.7142857142857143,1,9.523809521428571,0,Graduate,AT RISK,41.6,False
346,1,17,2,9991,0,1,116.0,1,37,19,9,4,118.5,0,0,0,1,1,0,23,0,0,5,6,4,13.0,0,0,5,5,5,13.0,0,7.6,2.6,0.32,0.0,0.8333333333333334,1,8.666666666666666,0,Graduate,AT RISK,38.2,False
347,1,18,1,9119,1,1,108.0,1,1,1,4,3,105.6,1,0,0,1,1,0,20,0,0,5,7,5,12.16666667,0,0,5,7,5,15.28571429,0,12.4,0.5,1.79,3.11904762,0.8333333333333334,1,10.138888891666667,0,Graduate,AT RISK,67.9,False
348,1,39,1,9119,1,1,139.0,1,19,19,9,7,110.3,0,0,1,1,1,0,24,0,0,5,12,1,10.0,0,0,5,11,1,11.0,0,8.9,1.4,3.51,1.0,0.1666666666666666,2,1.6666666666666663,0,Enrolled,AT RISK,52.0,False
349,1,44,1,9003,1,1,140.0,1,1,1,4,5,140.0,0,0,0,1,1,0,20,0,0,6,11,6,11.28571429,0,0,6,12,5,11.77777778,0,16.2,0.3,-0.92,0.4920634899999996,0.7142857142857143,1,9.67346939142857,0,Enrolled,AT RISK,77.5,False
350,1,39,1,9147,1,1,150.0,1,37,1,7,3,148.8,0,0,0,1,1,1,25,0,0,5,7,4,14.25,0,0,5,7,4,14.75,0,12.7,3.7,-1.7,0.5,0.6666666666666666,0,9.5,0,Graduate,AT RISK,60.4,False
351,1,1,1,9147,1,1,135.0,1,38,19,9,5,126.3,0,0,0,1,1,0,18,0,0,5,11,2,13.5,0,0,5,11,3,12.33333333,0,8.9,1.4,3.51,-1.1666666699999997,0.5,1,4.5,0,Enrolled,AT RISK,82.7,False
352,1,1,2,9773,1,1,135.0,1,3,1,4,4,136.1,1,0,0,1,1,0,19,0,0,6,9,5,11.4,0,0,6,13,5,12.4,0,8.9,1.4,3.51,1.0,0.7142857142857143,1,8.142857142857144,0,Enrolled,AT RISK,84.8,False
353,1,1,1,9500,1,1,142.0,1,1,38,9,9,127.0,0,0,1,0,1,0,21,0,0,7,12,4,12.94,0,0,7,12,4,11.58,0,12.4,0.5,1.79,-1.3599999999999994,0.5,3,6.47,0,Dropout,AT RISK,50.7,False
354,1,17,2,9070,1,1,127.0,1,37,37,9,9,119.3,1,1,0,1,1,1,25,0,0,6,8,4,10.25,0,0,6,6,4,11.25,0,12.7,3.7,-1.7,1.0,0.5714285714285714,0,5.857142857142857,0,Dropout,AT RISK,24.1,False
355,1,1,1,9773,1,1,128.0,1,38,38,6,3,116.5,0,0,0,1,1,1,18,0,0,6,12,4,11.5,0,0,6,10,5,12.6,0,10.8,1.4,1.74,1.0999999999999996,0.7142857142857143,0,6.571428571428571,0,Graduate,AT RISK,83.1,False
356,1,42,1,9119,1,1,150.0,1,38,37,5,8,133.5,1,0,0,1,1,0,21,0,0,5,10,5,13.0,0,0,5,10,5,12.6,0,9.4,-0.8,-3.12,-0.4000000000000003,0.8333333333333334,1,10.833333333333334,0,Graduate,AT RISK,77.8,False
357,1,39,1,9500,1,1,120.0,1,37,37,9,9,100.0,0,0,0,1,1,0,34,0,0,7,15,6,11.33333333,0,0,7,16,4,12.6,0,16.2,0.3,-0.92,1.266666669999999,0.5,1,8.4999999975,0,Enrolled,AT RISK,35.6,False
358,1,1,1,9119,1,1,146.0,1,37,37,9,9,148.5,1,0,0,1,1,0,18,0,0,5,7,4,10.0,0,0,5,8,1,16.0,0,10.8,1.4,1.74,6.0,0.1666666666666666,1,6.666666666666666,0,Enrolled,AT RISK,42.3,False
359,1,1,1,9670,1,1,120.0,1,1,1,9,9,129.1,1,0,0,1,1,0,18,0,0,6,6,4,11.25,0,0,6,10,3,10.33333333,0,10.8,1.4,1.74,-0.9166666699999996,0.4285714285714285,1,6.428571428571428,0,Dropout,AT RISK,86.8,True
360,1,17,2,9773,1,1,124.0,1,1,1,4,4,127.9,1,0,0,1,1,0,20,0,0,6,11,3,13.66666667,0,0,6,13,4,10.25,0,9.4,-0.8,-3.12,-3.41666667,0.5714285714285714,1,5.857142858571428,0,Enrolled,AT RISK,73.1,False
361,1,1,2,9147,1,1,128.0,1,1,1,9,6,120.3,0,0,0,1,1,0,19,0,0,5,9,5,10.8,0,0,5,13,2,13.5,0,8.9,1.4,3.51,2.6999999999999997,0.3333333333333333,1,9.000000000000002,0,Enrolled,AT RISK,74.9,False
362,1,17,1,9070,1,1,137.0,1,1,1,1,5,131.8,0,0,0,1,0,1,22,0,0,6,7,6,12.16666667,0,0,6,9,4,12.0,0,9.4,-0.8,-3.12,-0.1666666699999996,0.5714285714285714,0,10.428571431428573,0,Graduate,AT RISK,79.5,True
363,1,1,2,9085,1,1,122.0,1,3,1,4,7,116.1,1,0,0,1,0,0,18,0,0,6,13,6,13.15384615,0,0,6,12,3,11.0,0,15.5,2.8,-4.06,-2.15384615,0.4285714285714285,1,11.27472527142857,0,Graduate,AT RISK,73.7,False
364,1,17,1,9147,1,1,134.0,1,19,38,4,8,129.5,0,0,0,1,0,1,18,0,0,5,5,5,11.6,0,0,5,12,4,12.625,0,10.8,1.4,1.74,1.0250000000000004,0.6666666666666666,0,9.666666666666666,0,Graduate,AT RISK,83.7,True
365,1,16,2,9238,1,1,126.0,1,38,37,3,5,127.1,1,0,0,1,0,1,19,0,0,6,14,3,12.66666667,0,0,6,7,6,11.0,0,9.4,-0.8,-3.12,-1.6666666699999997,0.8571428571428571,0,5.42857143,0,Graduate,AT RISK,73.3,False
366,1,18,1,9130,1,1,135.0,1,38,19,9,5,121.7,1,0,0,1,0,1,18,0,0,5,7,4,11.5,0,0,5,5,5,12.4,0,10.8,1.4,1.74,0.9000000000000004,0.8333333333333334,0,7.666666666666666,0,Graduate,AT RISK,82.5,False
367,1,39,1,9991,0,1,150.0,1,19,37,9,8,138.5,0,0,0,1,0,0,26,0,0,5,10,4,12.0,0,0,5,9,4,11.25,0,12.7,3.7,-1.7,-0.75,0.6666666666666666,1,8.0,0,Enrolled,AT RISK,37.6,False
368,1,17,1,9853,1,1,120.0,1,37,37,9,10,122.6,0,0,0,1,0,0,20,0,0,6,8,3,12.33333333,0,0,6,11,2,10.5,0,12.7,3.7,-1.7,-1.8333333300000003,0.2857142857142857,1,5.2857142842857145,0,Dropout,AT RISK,79.1,False
369,1,1,1,9853,1,1,133.1,1,19,37,9,9,95.0,1,0,1,0,0,0,22,0,0,7,10,6,11.5,0,0,7,8,6,13.16666667,0,11.1,0.6,2.02,1.6666666699999997,0.75,3,8.625,0,Enrolled,AT RISK,45.7,True
370,1,1,1,9070,1,1,133.1,1,1,37,5,9,143.0,1,0,1,1,0,0,21,0,0,6,9,5,11.4,0,0,6,8,5,12.2,0,12.7,3.7,-1.7,0.7999999999999989,0.7142857142857143,2,8.142857142857144,0,Dropout,AT RISK,73.6,False
371,1,17,1,9254,1,1,122.0,1,1,1,4,9,112.9,1,0,0,1,0,0,22,0,0,6,14,4,12.25,0,0,6,11,3,11.33333333,0,7.6,2.6,0.32,-0.9166666699999996,0.4285714285714285,1,7.0,0,Enrolled,AT RISK,87.6,False
372,1,17,1,9238,1,1,152.0,1,37,37,7,5,132.1,1,0,0,1,0,0,19,0,0,6,10,2,10.5,0,0,6,11,1,13.0,0,9.4,-0.8,-3.12,2.5,0.1428571428571428,1,3.0,0,Dropout,AT RISK,67.9,False
373,1,17,2,9773,1,1,121.0,1,1,1,5,5,123.1,1,0,0,1,1,0,20,0,0,6,12,4,14.75,0,0,6,7,4,12.25,0,9.4,-0.8,-3.12,-2.5,0.5714285714285714,1,8.428571428571429,0,Graduate,AT RISK,78.3,False
374,1,1,1,9130,1,1,148.0,1,1,1,9,9,141.7,0,0,0,0,1,0,18,0,0,6,8,5,11.6,0,0,6,11,4,13.0,0,8.9,1.4,3.51,1.4000000000000004,0.5714285714285714,2,8.285714285714286,0,Dropout,AT RISK,63.5,False
375,1,17,1,9254,1,1,118.0,1,1,19,5,4,118.0,0,0,0,1,0,1,19,0,0,6,7,5,11.0,0,0,6,7,5,12.8,0,12.4,0.5,1.79,1.8000000000000007,0.7142857142857143,0,7.857142857142858,0,Graduate,AT RISK,86.0,False
376,1,1,1,9147,1,1,120.0,1,1,19,7,7,111.3,0,0,0,1,1,1,18,0,0,5,10,4,10.8,0,0,5,10,4,11.75,0,15.5,2.8,-4.06,0.9499999999999992,0.6666666666666666,0,7.2,0,Enrolled,AT RISK,80.5,False
377,1,39,1,9991,0,1,130.0,1,1,1,9,7,152.1,0,0,0,1,1,0,28,0,0,5,13,2,11.0,0,0,5,12,1,12.0,0,11.1,0.6,2.02,1.0,0.1666666666666666,1,3.6666666666666665,0,Dropout,AT RISK,22.9,False
378,1,1,1,9670,1,1,132.0,1,1,19,7,5,129.9,1,0,0,1,1,0,20,0,0,6,10,6,12.71428571,0,0,6,8,4,13.0,0,12.4,0.5,1.79,0.2857142899999996,0.5714285714285714,1,10.89795918,0,Enrolled,AT RISK,94.1,False
379,1,39,1,9991,0,1,133.1,1,37,1,5,4,151.2,0,0,0,1,1,0,25,0,0,5,11,4,11.5,0,0,5,11,3,13.5,0,12.4,0.5,1.79,2.0,0.5,1,7.666666666666666,0,Dropout,AT RISK,34.9,False
380,1,39,1,9500,1,1,114.0,1,37,37,9,9,130.0,0,0,0,1,1,0,25,0,0,8,11,6,12.675,0,0,8,11,6,12.675,0,12.7,3.7,-1.7,0.0,0.6666666666666666,1,8.45,0,Graduate,AT RISK,64.5,False
381,1,1,1,9500,1,1,133.1,1,1,19,3,5,115.0,0,0,0,0,1,0,20,0,0,7,11,4,12.6,0,0,7,7,4,11.575,0,16.2,0.3,-0.92,-1.0250000000000004,0.5,2,6.3,0,Dropout,AT RISK,68.4,False
382,1,1,2,9254,1,1,120.0,1,19,1,9,8,117.2,0,0,0,1,1,0,21,0,0,6,8,3,12.0,0,0,6,9,1,11.0,0,15.5,2.8,-4.06,-1.0,0.1428571428571428,1,5.142857142857142,0,Dropout,AT RISK,75.7,False
383,1,1,1,9254,1,1,133.1,1,37,37,1,1,97.0,0,0,0,1,1,0,27,0,0,6,6,6,10.66666667,0,0,6,8,4,11.25,0,10.8,1.4,1.74,0.5833333300000003,0.5714285714285714,1,9.142857145714284,0,Enrolled,AT RISK,71.1,True
384,1,17,1,9085,1,1,133.1,1,1,19,5,9,130.0,0,0,0,1,1,0,22,0,0,5,8,3,13.0,0,0,5,8,3,10.66666667,0,7.6,2.6,0.32,-2.3333333300000003,0.5,1,6.5,0,Graduate,AT RISK,86.3,False
385,1,51,1,9147,1,1,130.0,1,19,38,9,8,115.7,0,0,0,1,1,0,20,0,0,5,7,5,11.0,0,0,5,7,3,10.0,0,8.9,1.4,3.51,-1.0,0.5,1,9.166666666666668,0,Enrolled,AT RISK,79.4,False
386,1,1,1,9130,1,1,125.0,1,3,3,2,2,132.4,0,0,0,1,1,0,20,0,0,5,7,4,11.75,0,0,5,5,5,13.4,0,7.6,2.6,0.32,1.6500000000000004,0.8333333333333334,1,7.833333333333333,0,Graduate,AT RISK,77.4,False
387,1,43,1,9130,1,1,150.0,1,3,3,3,4,150.0,1,0,0,1,0,0,21,0,0,6,10,6,12.0,0,0,6,12,5,12.8,0,13.9,-0.3,0.79,0.8000000000000007,0.7142857142857143,1,10.285714285714285,0,Graduate,AT RISK,75.4,False
388,1,17,2,9147,1,1,129.0,1,2,3,2,2,128.3,1,0,0,1,0,0,19,0,0,5,10,3,11.0,0,0,5,9,4,11.75,0,12.7,3.7,-1.7,0.75,0.6666666666666666,1,5.5,0,Enrolled,AT RISK,88.8,False
389,1,43,1,9085,1,1,127.0,1,3,3,2,5,100.0,0,0,0,1,0,0,21,0,0,6,11,4,11.75,0,0,6,12,3,13.66666667,0,13.9,-0.3,0.79,1.91666667,0.4285714285714285,1,6.7142857142857135,0,Enrolled,AT RISK,77.8,False
390,1,17,2,9147,1,1,133.0,1,19,1,9,3,120.1,1,0,0,1,0,1,18,0,0,5,15,2,10.0,0,0,5,14,2,12.0,0,13.9,-0.3,0.79,2.0,0.3333333333333333,0,3.333333333333333,0,Dropout,AT RISK,61.9,False
391,1,1,1,9130,1,1,138.0,1,4,5,2,2,123.0,1,0,0,1,0,0,21,0,0,5,12,1,11.0,0,0,5,9,2,10.5,0,12.7,3.7,-1.7,-0.5,0.3333333333333333,1,1.8333333333333333,0,Enrolled,AT RISK,72.7,False
392,1,1,1,9130,1,1,144.0,1,3,1,2,4,134.9,1,0,1,1,0,0,18,0,0,6,13,6,10.85714286,0,0,6,10,4,11.0,0,15.5,2.8,-4.06,0.1428571400000002,0.5714285714285714,2,9.306122451428571,0,Dropout,AT RISK,65.6,False
393,1,17,2,9147,1,1,146.0,1,38,37,6,6,143.9,0,0,0,1,0,0,18,0,0,5,11,5,11.33333333,0,0,5,8,5,12.0,0,13.9,-0.3,0.79,0.6666666699999997,0.8333333333333334,1,9.444444441666668,0,Graduate,AT RISK,84.4,False
394,1,39,1,9254,1,1,133.1,1,19,19,4,7,123.0,0,0,1,0,0,1,28,0,0,6,6,6,10.83333333,0,0,6,7,5,11.0,0,13.9,-0.3,0.79,0.1666666699999996,0.7142857142857143,2,9.285714282857144,0,Dropout,AT RISK,49.7,False
395,1,39,2,9147,1,1,120.0,1,37,37,9,9,104.0,0,0,0,0,1,0,26,0,0,5,8,1,10.0,0,0,5,9,1,10.0,0,10.8,1.4,1.74,0.0,0.1666666666666666,2,1.6666666666666663,0,Dropout,AT RISK,46.1,False
396,1,39,1,9991,0,1,130.0,1,37,37,9,9,130.1,0,0,0,1,0,0,25,0,0,5,8,3,11.0,0,0,5,8,3,11.25,0,10.8,1.4,1.74,0.25,0.5,1,5.5,0,Enrolled,AT RISK,41.1,False
397,1,17,1,9147,1,1,124.0,1,38,19,6,10,126.8,1,0,0,1,0,0,20,0,0,5,8,5,12.33333333,0,0,5,7,5,12.2,0,15.5,2.8,-4.06,-0.133333330000001,0.8333333333333334,1,10.277777775,0,Graduate,AT RISK,85.4,False
398,1,43,2,9670,1,1,129.0,1,3,3,5,5,122.4,1,0,0,1,0,0,19,0,0,5,5,4,13.75,0,0,6,9,5,12.6,0,12.7,3.7,-1.7,-1.1500000000000004,0.7142857142857143,1,9.166666666666666,0,Enrolled,AT RISK,81.1,False
399,1,1,1,9853,1,1,125.0,1,34,37,9,9,129.2,1,0,1,0,0,0,20,0,0,6,12,3,10.33333333,0,0,6,14,1,11.0,0,10.8,1.4,1.74,0.6666666699999997,0.1428571428571428,3,4.428571427142857,0,Dropout,AT RISK,44.3,False
400,1,43,1,9773,1,1,119.0,1,19,37,5,5,105.0,1,0,0,1,0,0,23,0,0,6,11,3,11.33333333,0,0,6,7,2,11.0,0,16.2,0.3,-0.92,-0.3333333300000003,0.2857142857142857,1,4.857142855714286,0,Enrolled,AT RISK,78.5,False
401,1,1,3,9670,1,1,120.0,1,37,37,7,7,111.3,1,0,0,1,1,0,19,0,0,5,7,3,11.33333333,0,0,5,7,4,11.0,0,9.4,-0.8,-3.12,-0.3333333300000003,0.6666666666666666,1,5.666666665,0,Enrolled,AT RISK,80.6,False
402,1,17,1,9147,1,1,115.0,1,19,37,5,7,112.9,1,0,0,0,1,0,19,0,0,5,7,2,12.5,0,0,5,13,1,11.0,0,9.4,-0.8,-3.12,-1.5,0.1666666666666666,2,4.166666666666666,0,Dropout,AT RISK,57.4,False
403,1,1,1,9238,1,1,145.0,1,1,19,9,9,129.3,0,0,1,1,0,1,19,0,0,6,11,3,11.0,0,0,6,9,4,11.25,0,10.8,1.4,1.74,0.25,0.5714285714285714,1,4.714285714285714,0,Graduate,AT RISK,75.8,False
404,1,17,1,9238,1,1,132.0,1,37,38,9,5,120.8,0,0,0,1,0,1,19,0,0,6,11,5,11.6,0,0,6,10,6,11.71428571,0,15.5,2.8,-4.06,0.1142857100000007,0.8571428571428571,0,8.285714285714286,0,Graduate,AT RISK,80.2,False
405,1,1,1,9147,1,1,129.0,1,37,37,9,7,117.8,0,0,0,1,0,1,19,0,0,5,6,4,11.0,0,0,5,9,4,13.85714286,0,10.8,1.4,1.74,2.85714286,0.6666666666666666,0,7.333333333333333,0,Enrolled,AT RISK,77.2,False
406,1,17,1,9130,1,1,117.0,1,19,19,4,4,113.5,1,0,0,1,0,0,19,0,0,6,8,6,11.33333333,0,0,6,12,4,13.75,0,8.9,1.4,3.51,2.41666667,0.5714285714285714,1,9.714285711428571,0,Dropout,AT RISK,85.3,True
407,1,17,3,9147,1,1,137.0,1,1,1,4,7,124.4,1,0,0,1,0,0,18,0,0,5,5,5,12.6,0,0,5,5,4,11.0,0,11.1,0.6,2.02,-1.5999999999999996,0.6666666666666666,1,10.5,0,Enrolled,AT RISK,77.8,False
408,1,39,1,9085,1,1,130.0,1,37,37,6,6,110.0,0,0,0,1,0,1,25,0,0,6,13,3,11.66666667,0,0,6,14,2,11.33333333,0,11.1,0.6,2.02,-0.3333333399999993,0.2857142857142857,0,5.000000001428571,0,Enrolled,AT RISK,70.1,False
409,1,17,2,9773,1,1,115.0,1,1,1,5,5,119.6,1,0,0,1,0,1,22,0,0,6,11,5,12.0,0,0,6,11,5,11.0,0,7.6,2.6,0.32,-1.0,0.7142857142857143,0,8.571428571428571,0,Dropout,AT RISK,83.8,False
410,1,44,1,9003,1,1,140.0,1,1,19,3,9,140.0,1,0,1,0,0,0,23,0,0,6,13,5,11.6,0,0,6,11,4,12.25,0,12.4,0.5,1.79,0.6500000000000004,0.5714285714285714,3,8.285714285714286,0,Dropout,AT RISK,50.5,False
411,1,1,1,9147,1,1,158.0,1,19,37,9,7,130.0,1,0,0,1,0,0,20,0,0,5,8,4,11.25,0,0,5,7,5,10.4,0,7.6,2.6,0.32,-0.8499999999999996,0.8333333333333334,1,7.5,0,Graduate,AT RISK,83.2,False
412,1,18,3,9070,1,1,134.0,1,1,1,3,4,121.4,0,0,0,1,0,0,18,0,0,6,6,2,12.0,0,0,6,6,1,11.0,0,9.4,-0.8,-3.12,-1.0,0.1428571428571428,1,3.4285714285714284,0,Dropout,AT RISK,66.3,False
413,1,43,2,9853,1,1,118.0,1,19,1,5,4,110.0,1,0,0,1,0,0,20,0,0,6,10,4,12.25,0,0,6,8,4,11.5,0,10.8,1.4,1.74,-0.75,0.5714285714285714,1,7.0,0,Enrolled,AT RISK,90.9,False
414,1,1,2,9254,1,1,137.0,1,38,19,9,7,125.1,1,0,0,1,0,0,18,0,0,6,10,4,11.75,0,0,6,9,5,11.2,0,7.6,2.6,0.32,-0.5500000000000007,0.7142857142857143,1,6.7142857142857135,0,Enrolled,AT RISK,95.5,False
415,1,17,1,9238,1,1,128.0,1,19,1,0,5,122.1,1,0,0,1,0,0,18,0,0,6,9,5,11.83333333,0,0,6,7,5,13.8,0,13.9,-0.3,0.79,1.9666666700000004,0.7142857142857143,1,8.45238095,0,Graduate,AT RISK,86.1,False
416,1,17,1,9147,1,1,120.0,1,3,3,2,2,112.0,0,0,0,1,0,0,20,0,0,5,10,4,11.0,0,0,5,7,4,11.5,0,15.5,2.8,-4.06,0.5,0.6666666666666666,1,7.333333333333333,0,Enrolled,AT RISK,84.7,False
417,1,17,1,9130,1,1,131.0,1,19,9,5,3,118.4,0,0,0,1,0,0,19,0,0,5,8,3,12.0,0,0,5,7,5,12.83333333,0,7.6,2.6,0.32,0.8333333300000003,0.8333333333333334,1,6.0,0,Graduate,AT RISK,91.7,False
418,1,17,1,9853,1,1,140.0,1,38,19,4,10,122.3,1,0,0,1,0,0,19,0,0,6,9,4,13.0,0,0,6,9,4,12.25,0,12.7,3.7,-1.7,-0.75,0.5714285714285714,1,7.428571428571428,0,Dropout,AT RISK,92.2,False
419,1,1,1,9254,1,1,136.0,1,12,1,4,4,122.0,1,0,0,1,0,0,18,0,0,6,8,6,11.33333333,0,0,6,11,6,10.83333333,0,7.6,2.6,0.32,-0.5,0.8571428571428571,1,9.714285711428571,0,Graduate,AT RISK,87.9,True
420,1,1,1,9853,1,1,125.0,1,38,38,9,9,125.4,0,0,1,0,0,0,19,0,0,7,11,4,12.0,0,0,7,9,6,11.83333333,0,16.2,0.3,-0.92,-0.1666666699999996,0.75,3,6.0,0,Dropout,AT RISK,49.3,False
421,1,17,2,9853,1,1,123.0,1,1,1,3,9,116.7,1,0,0,1,0,0,19,0,0,6,8,5,13.0,0,0,6,8,4,10.75,0,9.4,-0.8,-3.12,-2.25,0.5714285714285714,1,9.285714285714286,0,Graduate,AT RISK,82.6,True
422,1,1,1,9085,1,1,146.0,1,1,1,9,7,126.0,0,0,0,1,0,0,19,0,0,5,7,3,12.33333333,0,0,5,7,4,10.25,0,7.6,2.6,0.32,-2.0833333300000003,0.6666666666666666,1,6.166666665,0,Enrolled,AT RISK,81.6,False
423,1,1,2,9085,1,1,127.0,1,38,37,5,7,123.9,1,0,0,1,0,0,18,0,0,5,9,4,13.0,0,0,5,8,5,13.14285714,0,10.8,1.4,1.74,0.1428571400000002,0.8333333333333334,1,8.666666666666666,0,Graduate,AT RISK,92.7,False
424,1,42,1,9147,1,1,139.0,1,3,38,2,5,112.3,1,0,0,1,0,0,19,0,0,5,8,2,11.5,0,0,5,10,3,10.85714286,0,10.8,1.4,1.74,-0.6428571400000003,0.5,1,3.833333333333333,0,Enrolled,AT RISK,85.1,False
425,1,17,3,9670,1,1,110.0,1,19,1,4,4,107.5,1,0,0,1,0,1,18,0,0,6,11,4,12.25,0,0,6,10,4,11.0,0,12.7,3.7,-1.7,-1.25,0.5714285714285714,0,7.0,0,Dropout,AT RISK,77.2,False
426,1,1,3,9670,1,1,121.0,1,1,19,5,5,111.9,1,0,0,1,1,1,20,0,0,6,7,6,11.33333333,0,0,6,10,4,10.57142857,0,10.8,1.4,1.74,-0.7619047600000002,0.5714285714285714,0,9.714285711428571,0,Enrolled,AT RISK,81.2,True
427,1,1,1,9670,1,1,129.0,1,1,37,4,9,118.2,0,0,0,1,1,0,19,0,0,5,5,5,10.8,0,0,5,5,4,12.25,0,9.4,-0.8,-3.12,1.4499999999999993,0.6666666666666666,1,9.000000000000002,0,Graduate,AT RISK,78.3,False
428,1,1,1,9238,1,1,123.0,1,37,37,9,9,115.0,1,0,0,1,0,0,19,0,0,6,10,4,10.25,0,0,6,8,6,10.71428571,0,11.1,0.6,2.02,0.4642857100000004,0.8571428571428571,1,5.857142857142857,0,Graduate,AT RISK,88.5,False
429,1,1,1,9238,1,1,138.0,1,37,37,9,9,135.9,1,0,0,1,0,0,19,0,0,6,11,5,11.6,0,0,6,11,6,11.66666667,0,7.6,2.6,0.32,0.06666667,0.8571428571428571,1,8.285714285714286,0,Enrolled,AT RISK,86.9,False
430,1,17,1,9254,1,1,111.0,1,19,19,3,10,117.7,0,0,0,1,0,0,20,0,0,6,8,5,10.8,0,0,6,9,4,11.5,0,9.4,-0.8,-3.12,0.6999999999999993,0.5714285714285714,1,7.714285714285715,0,Graduate,AT RISK,92.5,False
431,1,17,1,9238,1,1,126.0,1,37,19,9,8,116.9,1,0,0,1,0,0,21,0,0,6,11,6,10.375,0,0,6,12,3,11.66666667,0,12.7,3.7,-1.7,1.2916666699999997,0.4285714285714285,1,8.892857142857142,0,Enrolled,AT RISK,88.7,False
432,1,17,1,9238,1,1,134.0,1,3,1,3,4,133.0,1,0,0,1,0,0,18,0,0,6,8,6,11.75,0,0,6,10,5,12.0,0,12.7,3.7,-1.7,0.25,0.7142857142857143,1,10.071428571428571,0,Graduate,AT RISK,90.5,True
433,1,1,1,9853,1,1,129.0,1,19,38,2,7,126.9,1,0,0,1,0,1,19,0,0,6,9,5,12.2,0,0,6,10,4,11.5,0,7.6,2.6,0.32,-0.6999999999999993,0.5714285714285714,0,8.714285714285714,0,Enrolled,AT RISK,88.0,False
434,1,17,2,9147,1,1,131.0,1,1,19,4,5,120.2,1,0,0,1,0,0,21,0,0,5,10,4,11.75,0,0,5,6,5,11.6,0,12.4,0.5,1.79,-0.1500000000000003,0.8333333333333334,1,7.833333333333333,0,Graduate,AT RISK,96.7,False
435,1,17,3,9147,1,1,125.0,1,38,19,7,7,125.7,0,0,0,1,0,0,20,0,0,5,7,5,11.16666667,0,0,5,9,4,10.75,0,15.5,2.8,-4.06,-0.4166666699999997,0.6666666666666666,1,9.305555558333332,0,Enrolled,AT RISK,84.5,False
436,1,1,1,9130,1,1,117.0,1,1,1,9,9,109.3,1,0,0,1,0,0,20,0,0,5,10,4,12.5,0,0,5,12,2,13.0,0,12.7,3.7,-1.7,0.5,0.3333333333333333,1,8.333333333333332,0,Enrolled,AT RISK,82.4,False
437,1,1,2,9147,1,1,130.0,1,37,37,9,9,117.8,0,0,0,1,0,0,18,0,0,5,8,2,10.0,0,0,5,9,3,11.33333333,0,7.6,2.6,0.32,1.3333333300000003,0.5,1,3.333333333333333,0,Enrolled,AT RISK,80.7,False
438,1,1,1,9147,1,1,127.0,1,19,19,5,5,129.8,1,0,0,1,0,0,22,0,0,5,8,3,10.33333333,0,0,5,11,2,10.0,0,7.6,2.6,0.32,-0.3333333300000003,0.3333333333333333,1,5.166666665,0,Dropout,AT RISK,89.5,False
439,1,17,1,9254,1,1,121.0,1,1,1,4,4,123.1,1,0,0,1,1,0,21,0,0,6,11,6,11.16666667,0,0,6,14,3,14.66666667,0,7.6,2.6,0.32,3.5,0.4285714285714285,1,9.571428574285711,0,Enrolled,AT RISK,71.0,False
440,1,43,1,9070,1,1,135.0,1,19,19,9,9,122.8,1,0,0,1,1,1,20,0,0,6,8,3,11.0,0,0,6,8,2,11.33333333,0,10.8,1.4,1.74,0.3333333300000003,0.2857142857142857,0,4.714285714285714,0,Enrolled,AT RISK,79.5,False
441,1,17,2,9853,1,1,123.0,1,3,1,2,3,124.1,1,0,0,1,0,0,18,0,0,6,7,2,14.5,0,0,6,6,1,10.0,0,15.5,2.8,-4.06,-4.5,0.1428571428571428,1,4.142857142857142,0,Dropout,AT RISK,51.2,True
442,1,39,1,9991,0,1,150.0,1,19,38,9,8,140.9,0,1,0,1,0,0,24,0,0,5,7,3,10.66666667,0,0,5,7,3,10.5,0,10.8,1.4,1.74,-0.1666666699999996,0.5,1,5.333333335,0,Dropout,AT RISK,0.0,False
443,1,1,1,9254,1,1,129.0,1,1,1,4,2,126.2,0,0,1,0,0,1,21,0,0,6,7,6,13.42857143,0,0,6,8,6,11.33333333,0,8.9,1.4,3.51,-2.0952380999999995,0.8571428571428571,2,11.51020408285714,0,Dropout,AT RISK,49.8,False
444,1,17,1,9147,1,1,127.0,1,1,37,4,8,121.1,1,0,0,1,1,1,20,0,0,5,11,4,12.0,0,0,5,5,5,12.8,0,11.1,0.6,2.02,0.8000000000000007,0.8333333333333334,0,8.0,0,Graduate,AT RISK,82.9,False
445,1,18,2,9853,1,1,123.0,1,1,3,9,2,123.7,1,0,1,0,0,0,20,0,0,6,11,5,13.2,0,0,6,8,4,10.75,0,10.8,1.4,1.74,-2.4499999999999997,0.5714285714285714,3,9.428571428571429,0,Dropout,AT RISK,51.5,False
446,1,17,3,9254,1,1,127.0,1,12,38,5,7,116.9,1,0,1,1,0,0,18,0,0,6,7,5,12.2,0,0,6,10,4,12.25,0,12.4,0.5,1.79,0.0500000000000007,0.5714285714285714,2,8.714285714285714,0,Dropout,AT RISK,78.0,True
447,1,39,1,9556,1,1,133.1,1,38,19,9,6,100.0,1,0,0,1,0,1,25,0,0,7,11,5,12.58,0,0,7,9,6,12.15714286,0,8.9,1.4,3.51,-0.4228571399999996,0.75,0,7.8625,0,Graduate,AT RISK,71.4,False
448,1,43,1,9500,1,1,140.0,1,19,38,9,7,125.7,1,0,0,1,1,1,19,0,0,7,8,5,11.2,0,0,7,8,5,11.2,0,7.6,2.6,0.32,0.0,0.625,0,7.0,0,Enrolled,AT RISK,79.1,False
449,1,1,1,9670,1,1,115.0,1,19,37,9,9,114.3,0,0,0,1,1,0,18,0,0,6,7,4,12.6,0,0,6,6,4,13.0,0,12.4,0.5,1.79,0.4000000000000003,0.5714285714285714,1,7.199999999999999,0,Dropout,AT RISK,87.9,False
450,1,1,2,9147,1,1,122.0,1,1,38,4,5,116.4,0,0,0,1,1,0,21,0,0,5,10,3,11.25,0,0,5,9,3,11.0,0,15.5,2.8,-4.06,-0.25,0.5,1,5.625,0,Enrolled,AT RISK,86.4,False
451,1,42,1,9003,1,1,140.0,1,1,3,4,2,140.0,1,0,0,1,1,0,23,0,0,6,14,5,12.0,0,0,6,12,5,12.14285714,0,15.5,2.8,-4.06,0.1428571400000002,0.7142857142857143,1,8.571428571428571,0,Enrolled,AT RISK,70.7,False
452,1,1,1,9773,1,1,127.0,1,5,3,4,4,122.8,1,0,0,1,1,0,20,0,0,6,7,6,12.16666667,0,0,6,9,3,12.0,0,12.4,0.5,1.79,-0.1666666699999996,0.4285714285714285,1,10.428571431428573,0,Enrolled,AT RISK,91.4,True
453,1,17,1,9773,1,1,125.0,1,3,3,2,3,118.0,1,0,0,1,1,0,19,0,0,6,12,4,10.8,0,0,6,14,3,11.0,0,13.9,-0.3,0.79,0.1999999999999993,0.4285714285714285,1,6.171428571428572,0,Dropout,AT RISK,83.1,False
454,1,1,1,9773,1,1,109.0,1,2,3,3,3,111.8,1,0,1,1,1,0,25,0,0,6,8,6,11.57142857,0,0,6,9,6,11.57142857,0,15.5,2.8,-4.06,0.0,0.8571428571428571,2,9.918367345714286,0,Dropout,AT RISK,59.6,False
455,1,1,1,9238,1,1,135.0,1,1,38,4,6,122.1,0,1,1,0,1,0,19,0,0,6,6,4,11.5,0,0,6,6,5,11.0,0,8.9,1.4,3.51,-0.5,0.7142857142857143,3,6.571428571428571,0,Dropout,AT RISK,11.1,False
456,1,18,2,9070,1,1,122.0,1,38,19,5,5,119.9,0,0,0,1,1,0,18,0,0,6,8,5,11.0,0,0,6,6,4,10.75,0,9.4,-0.8,-3.12,-0.25,0.5714285714285714,1,7.857142857142858,0,Graduate,AT RISK,89.3,False
457,1,17,2,9254,1,1,140.0,1,3,3,2,2,124.3,0,0,0,0,1,0,18,0,0,6,9,5,11.2,0,0,6,14,2,10.0,0,9.4,-0.8,-3.12,-1.1999999999999993,0.2857142857142857,2,8.0,0,Dropout,AT RISK,59.7,False
458,1,1,1,9085,1,1,130.0,1,19,38,9,9,126.9,0,0,1,1,0,0,24,0,0,6,8,6,13.28571429,0,0,6,13,6,12.875,0,11.1,0.6,2.02,-0.4107142899999996,0.8571428571428571,2,11.387755105714286,0,Graduate,AT RISK,65.8,True
459,1,1,2,9773,1,1,130.0,1,19,38,3,9,126.5,1,0,0,1,0,0,18,0,0,6,8,4,12.5,0,0,6,6,5,12.6,0,12.7,3.7,-1.7,0.0999999999999996,0.7142857142857143,1,7.142857142857142,0,Graduate,AT RISK,88.8,False
460,1,1,1,9670,1,1,113.0,1,37,19,9,9,110.2,1,0,0,1,0,0,22,0,0,5,7,3,12.66666667,0,0,5,6,4,12.0,0,7.6,2.6,0.32,-0.6666666699999997,0.6666666666666666,1,6.333333335,0,Enrolled,AT RISK,84.8,False
461,1,17,3,9853,1,1,140.0,1,38,38,5,7,126.7,1,0,0,1,0,0,19,0,0,6,9,5,12.4,0,0,6,10,3,10.66666667,0,10.8,1.4,1.74,-1.733333330000001,0.4285714285714285,1,8.857142857142858,0,Dropout,AT RISK,86.8,False
462,1,43,1,9773,1,1,129.0,1,1,1,4,8,129.0,0,0,0,0,0,0,21,0,0,6,7,6,12.0,0,0,6,6,6,12.0,0,10.8,1.4,1.74,0.0,0.8571428571428571,2,10.285714285714285,0,Dropout,AT RISK,64.0,False
463,1,1,1,9085,1,1,124.0,1,2,1,4,10,117.4,1,0,0,1,0,0,19,0,0,5,7,4,12.75,0,0,5,5,5,12.0,0,10.8,1.4,1.74,-0.75,0.8333333333333334,1,8.5,0,Graduate,AT RISK,85.3,False
464,1,1,1,9853,1,1,121.0,1,19,19,7,7,113.0,1,0,0,1,0,0,21,0,0,6,9,5,12.4,0,0,6,11,1,11.0,0,12.7,3.7,-1.7,-1.4000000000000004,0.1428571428571428,1,8.857142857142858,0,Dropout,AT RISK,81.9,False
465,1,43,1,9500,1,1,120.0,1,37,37,9,6,120.0,1,0,0,1,0,0,26,0,0,7,8,6,12.0,0,0,7,8,6,12.0,0,7.6,2.6,0.32,0.0,0.75,1,9.0,0,Enrolled,AT RISK,75.5,True
466,1,39,1,9991,0,1,150.0,1,1,37,4,6,120.0,0,0,0,1,1,0,25,0,0,5,6,4,10.5,0,0,5,6,5,12.0,0,9.4,-0.8,-3.12,1.5,0.8333333333333334,1,7.0,0,Graduate,AT RISK,33.4,False
467,1,39,1,9500,1,1,130.0,1,19,19,3,7,129.0,0,0,1,0,0,0,26,0,0,7,11,4,12.86,0,0,7,10,5,11.56666667,0,12.4,0.5,1.79,-1.2933333299999994,0.625,3,6.43,0,Dropout,AT RISK,51.1,False
468,1,16,2,9070,1,1,137.0,1,1,1,3,1,141.2,1,0,1,1,1,0,19,0,0,6,11,5,11.2,0,0,6,7,6,12.0,0,9.4,-0.8,-3.12,0.8000000000000007,0.8571428571428571,2,8.0,0,Graduate,AT RISK,64.1,False
469,1,1,1,9773,1,1,117.0,1,1,37,5,9,118.4,0,0,0,1,1,1,19,0,0,6,8,6,11.83333333,0,0,6,11,3,13.0,0,15.5,2.8,-4.06,1.1666666699999997,0.4285714285714285,0,10.14285714,0,Graduate,AT RISK,74.3,True
470,1,17,3,9119,1,1,115.0,1,3,1,3,3,116.1,1,0,0,0,1,0,18,0,0,5,8,5,12.5,0,0,5,7,5,13.57142857,0,12.4,0.5,1.79,1.07142857,0.8333333333333334,2,10.416666666666668,0,Dropout,AT RISK,61.2,False
471,1,17,1,9147,1,1,110.0,1,1,1,4,4,99.0,0,0,0,1,1,0,21,0,0,5,5,5,11.0,0,0,5,11,3,11.42857143,0,10.8,1.4,1.74,0.4285714299999998,0.5,1,9.166666666666668,0,Enrolled,AT RISK,81.8,True
472,1,17,1,9670,1,1,140.0,1,1,1,4,3,133.4,0,0,0,1,1,0,24,0,0,6,6,4,11.25,0,0,6,9,4,10.42857143,0,10.8,1.4,1.74,-0.8214285700000001,0.5714285714285714,1,6.428571428571428,0,Enrolled,AT RISK,88.0,True
473,1,17,1,9670,1,1,138.0,1,1,1,4,8,123.0,0,0,1,0,1,0,20,0,0,6,7,5,12.4,0,0,6,8,4,13.0,0,13.9,-0.3,0.79,0.5999999999999996,0.5714285714285714,3,8.857142857142858,0,Enrolled,AT RISK,56.3,False
474,1,1,1,9119,1,1,160.0,1,37,37,9,6,153.7,0,0,0,1,1,0,19,0,0,5,7,1,13.0,0,0,5,7,2,10.0,0,9.4,-0.8,-3.12,-3.0,0.3333333333333333,1,2.1666666666666665,0,Enrolled,AT RISK,53.5,False
475,1,1,1,9254,1,1,124.0,1,37,38,9,8,114.6,1,0,0,1,1,0,19,0,0,6,13,2,12.0,0,0,6,12,1,13.0,0,7.6,2.6,0.32,1.0,0.1428571428571428,1,3.4285714285714284,0,Dropout,AT RISK,71.5,False
476,1,39,1,9003,1,1,133.1,1,38,37,9,4,120.0,0,0,0,1,1,0,30,0,0,6,10,6,11.375,0,0,6,10,5,11.6,0,13.9,-0.3,0.79,0.2249999999999996,0.7142857142857143,1,9.75,0,Graduate,AT RISK,67.4,False
477,1,1,1,9147,1,1,143.0,1,1,37,9,9,135.0,1,0,0,1,0,0,21,0,0,5,8,4,11.0,0,0,5,8,5,12.0,0,7.6,2.6,0.32,1.0,0.8333333333333334,1,7.333333333333333,0,Enrolled,AT RISK,86.7,False
478,1,17,3,9853,1,1,132.0,1,34,34,0,0,131.3,1,0,0,1,0,0,21,0,0,6,8,5,11.8,0,0,6,8,4,10.5,0,7.6,2.6,0.32,-1.3000000000000007,0.5714285714285714,1,8.428571428571429,0,Dropout,AT RISK,77.5,False
479,1,1,1,9238,1,1,133.0,1,34,37,5,5,120.4,0,0,0,0,0,0,21,0,0,6,12,2,11.5,0,0,6,13,1,13.0,0,9.4,-0.8,-3.12,1.5,0.1428571428571428,2,3.2857142857142856,0,Dropout,AT RISK,57.2,False
480,1,1,1,9991,0,1,122.0,1,37,37,9,3,113.6,0,0,0,1,1,0,26,0,0,5,11,2,11.5,0,0,5,10,3,12.0,0,7.6,2.6,0.32,0.5,0.5,1,3.833333333333333,0,Enrolled,AT RISK,36.7,False
481,1,17,1,9254,1,1,150.0,1,1,1,9,10,142.7,0,0,1,1,0,0,18,0,0,6,9,4,11.0,0,0,6,12,3,11.33333333,0,7.6,2.6,0.32,0.3333333300000003,0.4285714285714285,2,6.285714285714286,0,Dropout,AT RISK,68.3,False
482,1,39,1,9500,1,1,130.0,1,19,19,9,8,105.8,0,0,0,1,0,0,26,0,0,7,12,3,13.76666667,0,0,7,11,3,12.06666667,0,13.9,-0.3,0.79,-1.6999999999999993,0.375,1,5.16250000125,0,Dropout,AT RISK,72.2,False
483,1,1,1,9238,1,1,115.0,1,19,38,7,7,108.7,0,0,0,1,0,1,19,0,0,6,9,5,10.8,0,0,6,8,6,10.71428571,0,15.5,2.8,-4.06,-0.0857142900000003,0.8571428571428571,0,7.714285714285715,0,Graduate,AT RISK,78.3,False
484,1,43,1,9238,1,1,109.0,1,19,37,5,5,108.3,0,0,0,1,0,1,21,0,0,6,15,2,10.5,0,0,6,8,5,12.4,0,10.8,1.4,1.74,1.9000000000000004,0.7142857142857143,0,3.0,0,Enrolled,AT RISK,67.1,False
485,1,1,2,9147,1,1,129.0,1,38,19,3,7,118.9,1,0,0,1,0,0,19,0,0,5,8,4,12.8,0,0,5,10,3,14.5,0,10.8,1.4,1.74,1.6999999999999993,0.5,1,8.533333333333333,0,Enrolled,AT RISK,90.1,False
486,1,16,3,9853,1,1,134.0,1,19,37,9,9,121.1,1,0,0,1,0,0,19,0,0,6,8,5,12.2,0,0,6,8,5,11.8,0,10.8,1.4,1.74,-0.3999999999999986,0.7142857142857143,1,8.714285714285714,0,Enrolled,AT RISK,89.7,False
487,1,17,1,9238,1,1,137.0,1,1,38,5,8,125.8,0,0,0,0,0,1,18,0,0,6,10,6,12.66666667,0,0,6,6,2,11.5,0,12.7,3.7,-1.7,-1.1666666699999997,0.2857142857142857,1,10.85714286,0,Dropout,AT RISK,65.2,True
488,1,17,2,9556,1,1,133.1,1,37,38,9,8,106.0,1,0,0,1,0,0,19,0,0,7,16,2,12.75,0,0,7,12,2,11.0,0,8.9,1.4,3.51,-1.75,0.25,1,3.1875,0,Dropout,AT RISK,63.2,False
489,1,1,1,9670,1,1,120.0,1,38,19,4,8,115.1,0,0,0,1,0,0,19,0,0,6,8,3,11.66666667,0,0,6,11,5,13.625,0,10.8,1.4,1.74,1.9583333300000003,0.7142857142857143,1,5.000000001428571,0,Enrolled,AT RISK,88.7,False
490,1,39,1,9991,0,1,130.0,1,37,37,9,9,151.6,0,0,0,1,0,0,24,0,0,5,9,5,12.28571429,0,0,5,8,5,12.125,0,16.2,0.3,-0.92,-0.1607142899999996,0.8333333333333334,1,10.238095241666668,0,Enrolled,AT RISK,35.1,False
491,1,39,1,9500,1,1,133.1,1,19,19,5,6,121.4,0,0,1,1,0,0,28,0,0,7,12,4,13.375,0,0,7,7,5,13.5,0,13.9,-0.3,0.79,0.125,0.625,2,6.6875,0,Enrolled,AT RISK,62.1,False
492,1,17,1,9238,1,1,125.0,1,4,3,1,1,119.8,0,0,0,1,0,0,18,0,0,6,9,5,11.57142857,0,0,6,8,6,12.14285714,0,16.2,0.3,-0.92,0.5714285700000001,0.8571428571428571,1,8.265306121428571,0,Graduate,AT RISK,83.2,False
493,1,1,1,9853,1,1,160.0,1,1,37,9,9,146.0,1,0,0,1,0,0,19,0,0,6,11,3,10.33333333,0,0,6,10,5,11.8,0,9.4,-0.8,-3.12,1.4666666700000004,0.7142857142857143,1,4.428571427142857,0,Enrolled,AT RISK,70.7,False
494,1,1,1,9147,1,1,124.0,1,38,19,3,10,128.6,1,0,0,1,0,0,20,0,0,5,5,4,12.0,0,0,4,4,2,11.5,0,7.6,2.6,0.32,-0.5,0.4,1,8.0,0,Enrolled,AT RISK,77.5,False
495,1,1,1,9991,0,1,140.0,1,37,37,9,9,124.6,0,0,0,1,0,0,29,0,0,5,11,5,11.4,0,0,5,10,4,10.25,0,15.5,2.8,-4.06,-1.1500000000000004,0.6666666666666666,1,9.5,0,Enrolled,AT RISK,31.4,False
496,1,1,1,9238,1,1,106.0,1,1,1,3,3,105.0,0,0,0,1,1,0,20,0,0,6,9,5,11.0,0,0,6,9,5,12.16666667,0,11.1,0.6,2.02,1.1666666699999997,0.7142857142857143,1,7.857142857142858,0,Graduate,AT RISK,84.9,False
497,1,17,2,9670,1,1,128.0,1,37,38,5,8,121.7,0,0,0,1,1,1,20,0,0,5,5,5,12.4,0,0,5,5,4,10.75,0,9.4,-0.8,-3.12,-1.6500000000000004,0.6666666666666666,0,10.333333333333334,0,Graduate,AT RISK,73.1,False
498,1,1,1,9670,1,1,131.0,1,1,1,4,9,122.3,0,0,0,1,1,0,19,0,0,5,6,5,11.5,0,0,5,5,5,11.6,0,9.4,-0.8,-3.12,0.0999999999999996,0.8333333333333334,1,9.583333333333334,0,Graduate,AT RISK,79.2,False
499,1,1,1,9147,1,1,130.0,1,19,19,9,7,119.5,1,0,0,1,1,1,18,0,0,5,7,4,11.25,0,0,5,6,4,12.25,0,12.4,0.5,1.79,1.0,0.6666666666666666,0,7.5,0,Enrolled,AT RISK,85.8,False
500,1,43,1,9773,1,1,121.0,1,1,1,4,5,121.0,1,0,0,1,1,0,23,0,0,6,15,1,13.0,0,0,6,8,4,11.25,0,9.4,-0.8,-3.12,-1.75,0.5714285714285714,1,1.857142857142857,0,Enrolled,AT RISK,64.3,False
501,1,43,1,9500,1,1,120.0,1,2,4,4,5,136.6,0,0,0,1,1,0,23,0,0,7,14,5,11.94,0,0,7,14,6,12.2,0,13.9,-0.3,0.79,0.2599999999999998,0.75,1,7.462499999999999,0,Dropout,AT RISK,70.9,False
502,1,18,3,9119,1,1,111.0,1,1,19,9,8,111.0,1,0,0,1,1,0,18,0,0,5,10,4,11.6,0,0,5,9,3,14.2,0,12.4,0.5,1.79,2.6,0.5,1,7.733333333333332,0,Dropout,AT RISK,76.4,False
503,1,17,1,9670,1,1,132.0,1,38,37,9,9,122.9,0,0,0,0,1,0,20,0,0,6,6,6,11.5,0,0,6,9,2,13.0,0,10.8,1.4,1.74,1.5,0.2857142857142857,2,9.857142857142856,0,Dropout,AT RISK,65.5,True
504,1,17,1,9085,1,1,120.0,1,19,38,4,8,122.5,0,0,0,0,1,0,19,0,0,6,11,5,13.6,0,0,6,11,5,13.66666667,0,11.1,0.6,2.02,0.06666667,0.7142857142857143,2,9.714285714285714,0,Enrolled,AT RISK,71.5,False
505,1,43,1,9147,1,1,120.0,1,37,37,5,3,113.4,0,0,0,1,1,0,22,0,0,5,9,3,13.0,0,0,5,9,3,11.66666667,0,12.7,3.7,-1.7,-1.3333333300000003,0.5,1,6.5,0,Dropout,AT RISK,82.9,False
506,1,17,1,9670,1,1,123.0,1,37,38,3,3,122.0,0,0,1,1,1,0,19,0,0,6,7,6,13.16666667,0,0,6,9,5,13.2,0,8.9,1.4,3.51,0.0333333299999996,0.7142857142857143,2,11.285714288571429,0,Enrolled,AT RISK,69.6,False
507,1,17,3,9147,1,1,112.0,1,1,1,3,3,106.4,1,0,0,1,1,0,19,0,0,5,7,5,10.2,0,0,5,6,4,10.5,0,12.4,0.5,1.79,0.3000000000000007,0.6666666666666666,1,8.5,0,Graduate,AT RISK,77.6,False
508,1,1,3,9773,1,1,135.0,1,3,1,2,4,129.8,1,0,0,1,1,0,20,0,0,6,6,5,12.8,0,0,6,11,3,12.75,0,15.5,2.8,-4.06,-0.0500000000000007,0.4285714285714285,1,9.142857142857144,0,Graduate,AT RISK,75.7,True
509,1,1,1,9119,1,1,132.0,1,1,12,3,3,133.1,1,0,0,1,1,0,19,0,0,5,7,3,12.0,0,0,6,10,2,10.5,0,11.1,0.6,2.02,-1.5,0.2857142857142857,1,6.0,0,Dropout,AT RISK,85.0,False
510,1,17,1,9670,1,1,132.0,1,19,1,5,4,119.1,0,0,1,1,1,0,18,0,0,6,6,3,12.66666667,0,0,6,11,4,11.14285714,0,10.8,1.4,1.74,-1.5238095299999994,0.5714285714285714,2,5.42857143,0,Dropout,AT RISK,75.2,True
511,1,1,1,9238,1,1,133.0,1,19,38,9,7,131.3,1,0,1,1,0,0,18,0,0,6,7,5,13.6,0,0,6,7,5,11.8,0,8.9,1.4,3.51,-1.799999999999999,0.7142857142857143,2,9.714285714285714,0,Dropout,AT RISK,71.4,False
512,1,1,2,9147,1,1,118.0,1,3,19,2,4,113.8,1,0,0,1,0,0,21,0,0,5,9,3,11.66666667,0,0,5,9,4,11.75,0,8.9,1.4,3.51,0.0833333300000003,0.6666666666666666,1,5.833333335,0,Graduate,AT RISK,92.8,False
513,1,1,1,9238,1,1,135.0,1,19,38,7,5,121.0,0,0,0,1,0,0,20,0,0,6,13,1,10.0,0,0,6,13,1,13.0,0,9.4,-0.8,-3.12,3.0,0.1428571428571428,1,1.4285714285714284,0,Enrolled,AT RISK,59.7,False
514,1,1,3,9773,1,1,117.0,1,38,19,7,7,110.4,1,0,1,0,0,0,19,0,0,6,7,6,12.16666667,0,0,6,10,2,10.33333333,0,16.2,0.3,-0.92,-1.8333333399999996,0.2857142857142857,3,10.428571431428573,0,Dropout,AT RISK,44.7,True
515,1,1,2,9085,1,1,157.0,1,3,38,4,6,142.3,0,0,0,1,0,0,18,0,0,5,7,4,12.75,0,0,5,6,4,12.75,0,7.6,2.6,0.32,0.0,0.6666666666666666,1,8.5,0,Graduate,AT RISK,79.5,False
516,1,1,1,9085,1,1,142.0,1,38,38,9,10,127.0,1,0,0,1,0,0,18,0,0,5,7,3,12.33333333,0,0,5,9,5,12.6,0,10.8,1.4,1.74,0.2666666699999993,0.8333333333333334,1,6.166666665,0,Graduate,AT RISK,86.0,False
517,1,43,1,9254,1,1,112.0,1,37,37,9,9,108.5,0,0,0,1,1,0,21,0,0,6,6,6,12.66666667,0,0,6,7,5,11.4,0,9.4,-0.8,-3.12,-1.266666669999999,0.7142857142857143,1,10.85714286,0,Graduate,AT RISK,73.1,False
518,1,17,1,9254,1,1,119.0,1,1,1,4,10,125.0,0,0,0,1,1,0,19,0,0,6,7,5,10.8,0,0,6,10,2,10.5,0,10.8,1.4,1.74,-0.3000000000000007,0.2857142857142857,1,7.714285714285715,0,Enrolled,AT RISK,88.0,False
519,1,1,1,9500,1,1,133.1,1,38,38,5,10,101.0,0,0,0,1,1,0,20,0,0,7,14,5,12.87857143,0,0,8,15,7,11.85625,0,15.5,2.8,-4.06,-1.02232143,0.7777777777777778,1,8.04910714375,0,Graduate,AT RISK,60.0,False
520,1,51,1,9147,1,1,148.0,1,1,19,9,6,118.4,1,0,0,1,1,0,30,0,0,5,7,5,13.4,0,0,5,7,4,13.25,0,8.9,1.4,3.51,-0.1500000000000003,0.6666666666666666,1,11.166666666666668,0,Dropout,AT RISK,60.4,False
521,1,1,1,9147,1,1,139.0,1,38,1,5,5,127.1,1,0,0,1,1,1,22,0,0,5,8,5,11.2,0,0,5,13,4,11.25,0,12.7,3.7,-1.7,0.0500000000000007,0.6666666666666666,0,9.333333333333334,0,Graduate,AT RISK,80.6,False
522,1,17,2,9670,1,1,132.0,1,1,19,5,3,124.0,1,0,0,1,1,0,21,0,0,5,7,3,12.33333333,0,0,5,5,4,11.25,0,7.6,2.6,0.32,-1.0833333300000003,0.6666666666666666,1,6.166666665,0,Dropout,AT RISK,87.9,False
523,1,39,1,9147,1,1,120.0,1,1,19,4,7,110.0,0,0,0,1,1,0,27,0,0,5,13,3,10.75,0,0,5,9,3,10.33333333,0,15.5,2.8,-4.06,-0.4166666699999997,0.5,1,5.375,0,Dropout,AT RISK,70.7,False
524,1,1,2,9147,1,1,116.0,1,37,1,5,3,124.8,1,0,0,1,1,0,20,0,0,5,9,2,14.33333333,0,0,5,10,2,12.5,0,7.6,2.6,0.32,-1.8333333300000003,0.3333333333333333,1,4.7777777766666665,0,Enrolled,AT RISK,76.4,False
525,1,39,1,9119,1,1,130.0,1,19,37,9,9,134.0,0,0,0,1,1,1,24,0,0,5,8,5,11.83333333,0,0,5,8,4,14.0,0,12.7,3.7,-1.7,2.16666667,0.6666666666666666,0,9.861111108333334,0,Enrolled,AT RISK,71.3,False
526,1,1,1,9254,1,1,133.1,1,3,1,2,4,125.0,0,0,0,1,1,0,21,0,0,6,10,5,11.33333333,0,0,6,14,2,11.5,0,12.7,3.7,-1.7,0.1666666699999996,0.2857142857142857,1,8.095238092857143,0,Enrolled,AT RISK,82.3,False
527,1,51,1,9670,1,1,133.1,1,3,1,3,10,116.2,0,0,0,1,1,0,24,0,0,6,11,5,12.85714286,0,0,6,12,5,13.66666667,0,11.1,0.6,2.02,0.80952381,0.7142857142857143,1,9.183673471428571,0,Dropout,AT RISK,75.9,False
528,1,39,1,9119,1,1,133.1,1,37,19,9,3,123.0,0,0,0,1,1,1,28,0,0,5,16,3,14.33333333,0,0,5,9,5,12.42857143,0,9.4,-0.8,-3.12,-1.9047619000000005,0.8333333333333334,0,7.166666665,0,Enrolled,AT RISK,53.8,False
529,1,17,1,9238,1,1,125.0,1,19,38,3,7,114.9,0,0,0,1,0,1,19,0,0,6,13,6,11.5,0,0,6,9,5,12.2,0,11.1,0.6,2.02,0.6999999999999993,0.7142857142857143,0,9.857142857142856,0,Graduate,AT RISK,86.4,False
530,1,1,3,9853,1,1,122.0,1,3,3,2,2,112.6,1,0,0,1,0,0,23,0,0,6,8,5,13.6,0,0,6,8,5,11.6,0,7.6,2.6,0.32,-2.0,0.7142857142857143,1,9.714285714285714,0,Enrolled,AT RISK,74.8,False
531,1,1,1,9238,1,1,117.0,1,19,19,9,9,111.8,1,0,0,1,1,0,19,0,0,6,9,4,11.5,0,0,6,12,3,11.0,0,8.9,1.4,3.51,-0.5,0.4285714285714285,1,6.571428571428571,0,Dropout,AT RISK,90.8,False
532,1,17,1,9147,1,1,137.0,1,3,38,1,9,131.4,0,0,0,0,1,0,19,0,0,5,13,4,10.0,0,0,5,7,3,11.33333333,0,15.5,2.8,-4.06,1.3333333300000003,0.5,2,6.666666666666666,0,Dropout,AT RISK,60.9,False
533,1,1,1,9147,1,1,115.0,1,38,1,9,8,118.5,0,0,0,1,1,0,21,0,0,5,9,1,10.0,0,0,5,10,1,10.0,0,7.6,2.6,0.32,0.0,0.1666666666666666,1,1.6666666666666663,0,Dropout,AT RISK,66.1,False
534,1,1,1,9254,1,1,125.0,1,37,37,9,9,122.9,0,0,0,1,1,1,19,0,0,6,7,6,11.16666667,0,0,6,12,3,11.66666667,0,10.8,1.4,1.74,0.5,0.4285714285714285,0,9.571428574285711,0,Enrolled,AT RISK,82.2,True
535,1,1,1,9238,1,1,125.0,1,19,38,7,7,118.7,0,0,0,1,1,0,20,0,0,6,12,4,11.75,0,0,6,13,3,11.33333333,0,15.5,2.8,-4.06,-0.4166666699999997,0.4285714285714285,1,6.7142857142857135,0,Enrolled,AT RISK,86.7,False
536,1,16,2,9147,1,1,131.0,1,37,37,9,9,135.9,1,0,0,1,1,0,20,0,0,5,8,1,10.0,0,0,5,7,1,11.0,0,7.6,2.6,0.32,1.0,0.1666666666666666,1,1.6666666666666663,0,Dropout,AT RISK,66.8,False
537,1,1,1,9130,1,1,133.1,1,6,11,4,5,138.4,0,0,0,1,1,0,21,0,0,5,8,3,14.0,0,0,5,5,5,12.8,0,7.6,2.6,0.32,-1.1999999999999993,0.8333333333333334,1,7.0,0,Graduate,AT RISK,80.9,False
538,1,1,1,9670,1,1,123.0,1,37,38,9,9,113.9,1,0,1,0,0,0,18,0,0,6,7,4,11.25,0,0,6,9,4,10.85714286,0,10.8,1.4,1.74,-0.3928571400000002,0.5714285714285714,3,6.428571428571428,0,Dropout,AT RISK,57.0,False
539,1,1,1,9238,1,1,133.0,1,37,37,9,9,121.8,1,0,0,1,0,1,18,0,0,6,7,5,10.2,0,0,6,9,4,11.25,0,12.4,0.5,1.79,1.0500000000000007,0.5714285714285714,0,7.285714285714286,0,Graduate,AT RISK,85.4,False
540,1,18,1,9238,1,1,122.0,1,38,38,9,7,114.7,0,0,1,1,0,1,18,0,0,6,9,6,10.83333333,0,0,6,8,6,12.0,0,11.1,0.6,2.02,1.1666666699999997,0.8571428571428571,1,9.285714282857144,0,Graduate,AT RISK,71.7,False
541,1,1,1,9238,1,1,108.0,1,19,38,9,9,107.3,0,1,0,1,0,1,19,0,0,6,12,4,10.4,0,0,6,11,4,10.75,0,12.4,0.5,1.79,0.3499999999999996,0.5714285714285714,0,5.942857142857143,0,Enrolled,AT RISK,26.7,False
542,1,17,3,9254,1,1,127.0,1,37,37,9,6,123.5,1,0,0,1,0,1,20,0,0,6,11,4,11.5,0,0,6,12,3,11.0,0,7.6,2.6,0.32,-0.5,0.4285714285714285,0,6.571428571428571,0,Enrolled,AT RISK,82.3,False
543,1,17,1,9773,1,1,144.0,1,19,19,4,4,130.7,1,0,0,1,0,0,20,0,0,6,9,6,11.66666667,0,0,6,8,5,11.6,0,7.6,2.6,0.32,-0.06666667,0.7142857142857143,1,10.000000002857142,0,Enrolled,AT RISK,94.3,False
544,1,1,2,9773,1,1,130.0,1,38,37,5,3,122.3,1,0,1,0,0,0,18,0,0,6,8,6,14.14285714,0,0,6,6,5,12.0,0,13.9,-0.3,0.79,-2.1428571400000003,0.7142857142857143,3,12.122448977142856,0,Dropout,AT RISK,46.4,False
545,1,39,1,9003,1,1,140.0,1,19,19,9,6,135.4,1,0,0,1,0,0,24,0,0,6,10,5,11.8,0,0,6,13,4,11.25,0,12.4,0.5,1.79,-0.5500000000000007,0.5714285714285714,1,8.428571428571429,0,Enrolled,AT RISK,87.8,False
546,1,1,1,9147,1,1,126.0,1,19,19,9,9,115.2,0,0,1,1,0,0,19,0,0,5,13,1,10.0,0,0,5,8,2,10.0,0,12.4,0.5,1.79,0.0,0.3333333333333333,2,1.6666666666666663,0,Enrolled,AT RISK,61.0,False
547,1,1,1,9254,1,1,123.0,1,38,37,5,5,125.1,0,0,0,1,0,0,19,0,0,6,12,4,11.0,0,0,6,6,4,12.5,0,16.2,0.3,-0.92,1.5,0.5714285714285714,1,6.285714285714286,0,Enrolled,AT RISK,88.2,False
548,1,1,3,9254,1,1,121.0,1,19,19,9,9,125.9,1,0,0,1,0,0,22,0,0,6,10,4,10.0,0,0,6,12,2,13.5,0,9.4,-0.8,-3.12,3.5,0.2857142857142857,1,5.7142857142857135,0,Enrolled,AT RISK,68.6,False
549,1,17,3,9238,1,1,141.0,1,3,3,2,2,124.9,1,0,0,1,0,0,19,0,0,6,10,6,12.0,0,0,6,12,4,11.0,0,12.7,3.7,-1.7,-1.0,0.5714285714285714,1,10.285714285714285,0,Graduate,AT RISK,80.7,False
550,1,1,1,9773,1,1,125.0,1,3,2,2,1,119.1,1,0,0,1,0,0,22,0,0,6,13,2,12.0,0,0,6,14,1,10.0,0,9.4,-0.8,-3.12,-2.0,0.1428571428571428,1,3.4285714285714284,0,Dropout,AT RISK,61.0,False
551,1,17,1,9238,1,1,120.0,1,19,19,4,5,114.8,1,0,1,0,0,0,19,0,0,6,10,5,11.71428571,0,0,6,13,2,10.66666667,0,16.2,0.3,-0.92,-1.0476190400000007,0.2857142857142857,3,8.367346935714286,0,Dropout,AT RISK,54.4,False
552,1,39,1,9991,0,1,120.0,1,37,37,9,9,111.1,0,0,0,1,0,0,31,0,0,5,8,4,11.0,0,0,5,6,5,11.2,0,7.6,2.6,0.32,0.1999999999999993,0.8333333333333334,1,7.333333333333333,0,Graduate,AT RISK,27.0,False
553,1,17,1,9500,1,1,131.0,1,1,19,4,3,125.4,1,0,0,1,0,0,19,0,0,7,13,5,12.5,0,0,8,14,7,12.16666667,0,15.5,2.8,-4.06,-0.3333333300000003,0.7777777777777778,1,7.8125,0,Graduate,AT RISK,71.6,False
554,1,1,2,9773,1,1,122.0,1,37,37,9,9,130.8,1,0,0,1,0,0,18,0,0,6,14,4,11.25,0,0,6,9,5,13.0,0,9.4,-0.8,-3.12,1.75,0.7142857142857143,1,6.428571428571428,0,Graduate,AT RISK,77.8,False
555,1,1,1,9853,1,1,114.0,1,19,37,5,5,109.5,1,0,0,1,0,0,19,0,0,7,10,4,10.5,0,0,7,7,2,10.5,0,16.2,0.3,-0.92,0.0,0.25,1,5.25,0,Dropout,AT RISK,77.7,False
556,1,1,1,9853,1,1,128.0,1,1,1,9,9,120.0,1,0,0,1,0,0,18,0,0,6,11,3,12.0,0,0,6,13,2,12.0,0,12.7,3.7,-1.7,0.0,0.2857142857142857,1,5.142857142857142,0,Dropout,AT RISK,79.3,False
557,1,5,1,9147,1,1,126.0,1,19,38,5,6,117.3,1,0,0,1,0,0,19,0,0,5,15,3,10.8,0,0,5,6,3,10.5,0,13.9,-0.3,0.79,-0.3000000000000007,0.5,1,5.4,0,Enrolled,AT RISK,84.0,False
558,1,17,1,9254,1,1,134.0,1,19,1,9,4,124.9,1,0,0,1,0,0,19,0,0,6,11,3,12.0,0,0,6,11,4,11.25,0,7.6,2.6,0.32,-0.75,0.5714285714285714,1,5.142857142857142,0,Dropout,AT RISK,95.5,False
559,1,17,1,9238,1,1,130.0,1,37,37,9,9,122.0,1,0,0,1,0,1,21,0,0,6,8,1,10.0,0,0,6,13,5,11.4,0,12.7,3.7,-1.7,1.4000000000000004,0.7142857142857143,0,1.4285714285714284,0,Enrolled,AT RISK,69.0,False
560,1,1,1,9254,1,1,122.0,1,37,37,9,9,114.3,1,0,0,0,0,1,20,0,0,6,12,4,11.25,0,0,6,12,3,11.33333333,0,7.6,2.6,0.32,0.0833333300000003,0.4285714285714285,1,6.428571428571428,0,Dropout,AT RISK,70.0,False
561,1,39,1,9085,1,1,133.1,1,3,19,2,9,110.0,0,0,0,1,0,0,28,0,0,6,15,4,12.0,0,0,6,14,4,12.0,0,11.1,0.6,2.02,0.0,0.5714285714285714,1,6.857142857142857,0,Dropout,AT RISK,68.5,False
562,1,43,1,9130,1,1,140.0,1,2,1,2,3,140.0,1,0,0,1,0,0,22,0,0,5,11,4,12.25,0,0,5,9,5,13.28571429,0,12.7,3.7,-1.7,1.0357142899999996,0.8333333333333334,1,8.166666666666666,0,Graduate,AT RISK,78.1,False
563,1,1,2,9254,1,1,130.0,1,1,38,4,9,122.7,1,0,0,1,0,0,18,0,0,6,10,4,11.75,0,0,6,13,4,10.0,0,7.6,2.6,0.32,-1.75,0.5714285714285714,1,6.7142857142857135,0,Dropout,AT RISK,87.8,False
564,1,17,3,9254,1,1,115.0,1,37,19,5,5,109.8,1,0,0,1,0,0,19,0,0,6,8,4,11.25,0,0,6,8,4,12.0,0,10.8,1.4,1.74,0.75,0.5714285714285714,1,6.428571428571428,0,Enrolled,AT RISK,93.7,False
565,1,1,2,9147,1,1,125.0,1,1,19,4,9,124.0,1,0,0,1,0,0,19,0,0,5,5,5,11.2,0,0,5,11,4,11.75,0,10.8,1.4,1.74,0.5500000000000007,0.6666666666666666,1,9.333333333333334,0,Enrolled,AT RISK,91.8,True
566,1,1,1,9147,1,1,131.0,1,38,19,9,9,130.0,1,0,0,1,1,0,19,0,0,5,5,5,12.8,0,0,5,10,5,11.44444444,0,10.8,1.4,1.74,-1.3555555600000009,0.8333333333333334,1,10.666666666666668,0,Graduate,AT RISK,83.1,True
567,1,1,2,9238,1,1,134.0,1,1,19,4,5,126.0,0,0,0,1,0,0,18,0,0,6,10,4,11.0,0,0,6,8,5,11.2,0,10.8,1.4,1.74,0.1999999999999993,0.7142857142857143,1,6.285714285714286,0,Graduate,AT RISK,99.8,False
568,1,1,3,9070,1,1,128.0,1,19,19,3,3,129.8,1,0,0,1,0,0,20,0,0,6,6,6,11.83333333,0,0,6,6,3,13.33333333,0,9.4,-0.8,-3.12,1.5,0.4285714285714285,1,10.14285714,0,Enrolled,AT RISK,76.8,False
569,1,1,1,9085,1,1,119.0,1,2,1,4,3,113.1,1,0,0,1,0,0,21,0,0,5,6,5,12.2,0,0,5,5,5,13.2,0,10.8,1.4,1.74,1.0,0.8333333333333334,1,10.166666666666666,0,Graduate,AT RISK,81.3,False
570,1,17,3,9238,1,1,122.0,1,19,19,7,7,117.5,1,0,0,1,0,0,19,0,0,6,7,5,10.8,0,0,6,9,6,10.16666667,0,8.9,1.4,3.51,-0.633333330000001,0.8571428571428571,1,7.714285714285715,0,Graduate,AT RISK,86.5,False
571,1,1,3,9085,1,1,134.0,1,38,19,9,5,129.1,0,0,0,1,0,0,19,0,0,5,7,3,12.0,0,0,5,7,4,13.5,0,7.6,2.6,0.32,1.5,0.6666666666666666,1,6.0,0,Enrolled,AT RISK,80.9,False
572,1,1,1,9254,1,1,118.0,1,37,37,7,7,114.2,0,0,0,1,0,0,18,0,0,6,10,5,12.2,0,0,6,10,5,11.6,0,16.2,0.3,-0.92,-0.5999999999999996,0.7142857142857143,1,8.714285714285714,0,Enrolled,AT RISK,91.8,False
573,1,1,1,9238,1,1,142.0,1,34,38,4,7,127.3,0,0,0,1,0,1,18,0,0,6,12,4,11.0,0,0,6,9,6,11.5,0,9.4,-0.8,-3.12,0.5,0.8571428571428571,0,6.285714285714286,0,Graduate,AT RISK,79.7,False
574,1,17,2,9853,1,1,133.1,1,37,37,5,0,111.5,0,0,0,1,0,0,18,0,0,6,11,3,12.33333333,0,0,6,11,4,13.5,0,7.6,2.6,0.32,1.1666666699999997,0.5714285714285714,1,5.2857142842857145,0,Dropout,AT RISK,81.3,False
575,1,17,1,9238,1,1,134.0,1,38,19,7,7,124.2,0,0,0,1,0,1,21,0,0,6,11,4,11.25,0,0,6,12,4,11.4,0,15.5,2.8,-4.06,0.1500000000000003,0.5714285714285714,0,6.428571428571428,0,Graduate,AT RISK,86.1,False
576,1,39,1,9556,1,1,130.0,1,19,38,9,8,113.3,0,0,0,1,0,0,24,0,0,7,15,5,12.4,0,0,8,14,7,12.15,0,12.4,0.5,1.79,-0.25,0.7777777777777778,1,7.75,0,Enrolled,AT RISK,66.4,False
577,1,1,1,9147,1,1,117.0,1,37,37,9,9,120.2,1,0,0,1,0,0,20,0,0,5,9,2,10.0,0,0,5,10,2,11.0,0,7.6,2.6,0.32,1.0,0.3333333333333333,1,3.333333333333333,0,Enrolled,AT RISK,79.5,False
578,1,39,1,9003,1,1,140.0,1,37,37,5,5,150.0,0,0,1,1,0,0,34,0,0,6,10,5,13.83333333,0,0,6,13,5,12.5,0,16.2,0.3,-0.92,-1.3333333300000003,0.7142857142857143,2,9.880952378571427,0,Graduate,AT RISK,36.8,True
579,1,1,1,9853,1,1,121.0,1,37,19,6,7,116.8,1,0,0,1,0,0,18,0,0,6,11,3,11.66666667,0,0,6,11,3,10.66666667,0,9.4,-0.8,-3.12,-1.0,0.4285714285714285,1,5.000000001428571,0,Dropout,AT RISK,86.7,False
580,1,18,1,9991,0,1,133.1,1,38,38,5,5,145.0,0,0,0,1,0,1,21,0,0,5,6,4,12.25,0,0,5,8,4,11.8,0,10.8,1.4,1.74,-0.4499999999999993,0.6666666666666666,0,8.166666666666666,0,Enrolled,AT RISK,41.6,True
581,1,1,2,9773,1,1,115.0,1,34,38,0,5,108.4,1,0,0,1,0,0,20,0,0,6,10,4,10.5,0,0,6,8,4,11.75,0,7.6,2.6,0.32,1.25,0.5714285714285714,1,6.0,0,Graduate,AT RISK,85.0,False
582,1,43,2,9147,1,1,131.0,1,19,37,5,9,123.7,1,0,0,1,0,0,18,0,0,5,10,1,14.0,0,0,5,10,1,14.0,0,7.6,2.6,0.32,0.0,0.1666666666666666,1,2.333333333333333,0,Enrolled,AT RISK,67.1,False
583,1,39,1,9085,1,1,133.1,1,37,37,9,9,148.2,1,0,1,1,0,0,27,0,0,6,11,6,12.125,0,0,6,16,5,12.0,0,12.4,0.5,1.79,-0.125,0.7142857142857143,2,10.392857142857142,0,Enrolled,AT RISK,53.6,False
584,1,17,1,9853,1,1,127.0,1,38,37,5,7,121.8,1,0,1,1,0,0,18,0,0,6,12,4,13.5,0,0,6,14,3,10.66666667,0,10.8,1.4,1.74,-2.8333333300000003,0.4285714285714285,2,7.7142857142857135,0,Enrolled,AT RISK,66.3,False
585,1,1,1,9238,1,1,136.0,1,38,38,0,7,133.2,1,0,0,1,0,0,19,0,0,6,8,5,11.0,0,0,6,13,5,11.4,0,7.6,2.6,0.32,0.4000000000000003,0.7142857142857143,1,7.857142857142858,0,Graduate,AT RISK,86.4,False
586,1,17,2,9853,1,1,150.0,1,37,37,5,6,132.5,1,0,0,1,0,0,22,0,0,6,9,4,12.25,0,0,6,8,5,11.6,0,10.8,1.4,1.74,-0.6500000000000004,0.7142857142857143,1,7.0,0,Enrolled,AT RISK,92.9,False
587,1,5,1,9853,1,1,119.0,1,1,38,5,8,118.3,1,0,0,1,0,0,22,0,0,6,11,3,15.0,0,0,6,11,4,10.25,0,9.4,-0.8,-3.12,-4.75,0.5714285714285714,1,6.428571428571428,0,Enrolled,AT RISK,64.3,False
588,1,1,1,9238,1,1,123.0,1,34,38,0,7,120.2,1,0,0,1,0,0,20,0,0,6,9,5,11.8,0,0,6,10,4,11.5,0,7.6,2.6,0.32,-0.3000000000000007,0.5714285714285714,1,8.428571428571429,0,Dropout,AT RISK,94.9,False
589,1,1,1,9238,1,1,133.1,1,19,37,9,9,130.0,0,0,0,0,0,1,20,0,0,6,10,5,13.4,0,0,6,9,5,11.4,0,10.8,1.4,1.74,-2.0,0.7142857142857143,1,9.571428571428571,0,Graduate,AT RISK,71.3,False
590,1,39,1,9991,0,1,140.0,1,38,19,9,5,130.0,0,0,1,1,0,0,25,0,0,5,10,4,11.25,0,0,5,9,4,12.0,0,12.7,3.7,-1.7,0.75,0.6666666666666666,2,7.5,0,Enrolled,AT RISK,32.3,False
591,1,43,1,9670,1,1,134.0,1,1,38,4,4,120.7,0,0,1,0,0,0,19,0,0,6,13,3,10.66666667,0,0,6,6,4,12.25,0,15.5,2.8,-4.06,1.5833333300000003,0.5714285714285714,3,4.571428572857142,0,Dropout,AT RISK,45.9,False
592,1,1,2,9147,1,1,113.0,1,38,38,9,5,107.4,1,0,0,1,1,0,20,0,0,5,12,3,10.5,0,0,5,10,4,11.25,0,12.4,0.5,1.79,0.75,0.6666666666666666,1,5.25,0,Enrolled,AT RISK,84.6,False
593,1,1,3,9238,1,1,133.1,1,1,1,9,9,100.0,1,0,0,1,1,0,22,0,0,6,6,4,11.25,0,0,6,7,3,11.0,0,8.9,1.4,3.51,-0.25,0.4285714285714285,1,6.428571428571428,0,Enrolled,AT RISK,76.9,True
594,1,17,1,9238,1,1,111.0,1,19,38,3,3,111.4,1,0,0,0,0,0,19,0,0,6,13,4,11.0,0,0,6,13,2,11.5,0,12.7,3.7,-1.7,0.5,0.2857142857142857,2,6.285714285714286,0,Dropout,AT RISK,64.1,False
595,1,1,1,9670,1,1,121.0,1,37,37,5,9,116.5,1,0,0,1,0,0,23,0,0,5,7,3,11.33333333,0,0,5,5,4,11.25,0,7.6,2.6,0.32,-0.0833333300000003,0.6666666666666666,1,5.666666665,0,Dropout,AT RISK,85.7,False
596,1,1,1,9773,1,1,134.0,1,37,19,9,10,141.4,1,0,0,1,0,0,19,0,0,6,12,3,13.0,0,0,6,13,2,14.0,0,9.4,-0.8,-3.12,1.0,0.2857142857142857,1,5.571428571428571,0,Dropout,AT RISK,72.8,False
597,1,17,1,9147,1,1,131.0,1,1,37,3,7,120.2,0,0,0,1,0,0,19,0,0,5,10,5,13.28571429,0,0,5,8,5,13.0,0,12.7,3.7,-1.7,-0.2857142899999996,0.8333333333333334,1,11.071428575,0,Graduate,AT RISK,87.7,False
598,1,1,2,9991,0,1,143.0,1,5,1,4,4,131.5,0,0,0,1,1,0,19,0,0,5,11,4,11.0,0,0,5,8,4,12.25,0,15.5,2.8,-4.06,1.25,0.6666666666666666,1,7.333333333333333,0,Dropout,AT RISK,40.0,False
599,1,17,2,9070,1,1,142.0,1,3,1,2,4,141.0,1,0,0,1,1,0,18,0,0,6,6,6,13.0,0,0,6,8,1,10.0,0,10.8,1.4,1.74,-3.0,0.1428571428571428,1,11.142857142857142,0,Enrolled,AT RISK,64.9,True
600,1,17,2,9085,1,1,123.0,1,3,19,2,9,118.9,0,0,0,1,1,0,18,0,0,5,5,3,14.0,0,0,5,7,3,12.66666667,0,7.6,2.6,0.32,-1.3333333300000003,0.5,1,7.0,0,Enrolled,AT RISK,80.0,False
601,1,18,2,9147,1,1,140.0,1,37,37,5,9,124.3,1,0,0,1,1,0,20,0,0,5,7,4,10.75,0,0,5,12,3,10.57142857,0,10.8,1.4,1.74,-0.1785714299999998,0.5,1,7.166666666666666,0,Dropout,AT RISK,92.2,False
602,1,1,1,9238,1,1,141.0,1,19,1,7,3,128.8,1,0,0,1,1,0,18,0,0,6,10,5,11.6,0,0,6,6,6,11.16666667,0,10.8,1.4,1.74,-0.4333333299999999,0.8571428571428571,1,8.285714285714286,0,Graduate,AT RISK,88.4,False
603,1,17,1,9147,1,1,120.0,1,38,38,9,8,118.3,0,0,0,1,1,0,18,0,0,5,13,1,10.0,0,0,5,5,1,10.0,0,12.7,3.7,-1.7,0.0,0.1666666666666666,1,1.6666666666666663,0,Dropout,AT RISK,60.8,False
604,1,1,1,9254,1,1,125.0,1,1,3,4,1,121.9,1,0,0,1,1,0,18,0,0,6,15,3,11.66666667,0,0,6,14,2,12.5,0,10.8,1.4,1.74,0.8333333300000003,0.2857142857142857,1,5.000000001428571,0,Dropout,AT RISK,73.0,False
605,1,1,1,9147,1,1,123.0,1,1,1,4,6,118.8,1,0,0,1,0,0,21,0,0,5,9,3,10.66666667,0,0,5,13,2,12.5,0,7.6,2.6,0.32,1.8333333300000003,0.3333333333333333,1,5.333333335,0,Enrolled,AT RISK,82.9,False
606,1,1,2,9773,1,1,129.0,1,37,37,9,7,117.1,1,0,0,1,0,0,20,0,0,6,12,1,17.0,0,0,6,12,1,17.0,0,9.4,-0.8,-3.12,0.0,0.1428571428571428,1,2.4285714285714284,0,Enrolled,AT RISK,46.0,False
607,1,1,1,9670,1,1,131.0,1,37,37,9,6,127.2,0,0,0,1,0,1,18,0,0,5,7,3,12.66666667,0,0,5,5,4,12.5,0,9.4,-0.8,-3.12,-0.1666666699999996,0.6666666666666666,0,6.333333335,0,Enrolled,AT RISK,77.6,False
608,1,39,1,9670,1,1,120.0,1,34,34,0,0,104.0,1,0,0,1,0,0,24,0,0,5,10,3,13.0,0,0,5,11,3,11.33333333,0,7.6,2.6,0.32,-1.6666666699999997,0.5,1,6.5,0,Dropout,AT RISK,73.0,False
609,1,43,1,9254,1,1,134.0,1,37,37,9,9,133.3,1,0,1,1,0,0,19,0,0,6,13,2,11.5,0,0,6,13,1,11.0,0,7.6,2.6,0.32,-0.5,0.1428571428571428,2,3.2857142857142856,0,Dropout,AT RISK,56.3,False
610,1,17,1,9238,1,1,132.0,1,37,37,9,9,123.6,1,0,0,1,0,0,18,0,0,6,9,4,11.5,0,0,6,10,4,10.75,0,7.6,2.6,0.32,-0.75,0.5714285714285714,1,6.571428571428571,0,Enrolled,AT RISK,96.1,False
611,1,1,1,9238,1,1,124.0,1,37,37,7,9,121.2,0,0,0,1,0,0,19,0,0,6,12,2,13.0,0,0,6,9,6,10.83333333,0,7.6,2.6,0.32,-2.16666667,0.8571428571428571,1,3.714285714285714,0,Enrolled,AT RISK,78.5,False
612,1,39,1,9991,0,1,110.0,1,37,37,7,7,133.9,0,0,0,1,0,0,30,0,0,5,7,5,11.4,0,0,5,6,5,13.66666667,0,10.8,1.4,1.74,2.2666666699999998,0.8333333333333334,1,9.5,0,Dropout,AT RISK,26.3,False
613,1,17,1,9670,1,1,118.0,1,37,38,8,7,115.2,1,0,0,1,0,1,21,0,0,5,7,3,12.33333333,0,0,5,5,2,12.5,0,7.6,2.6,0.32,0.1666666699999996,0.3333333333333333,0,6.166666665,0,Dropout,AT RISK,78.6,False
614,1,1,1,9147,1,1,151.0,1,37,1,4,10,138.4,0,0,0,1,0,0,18,0,0,5,6,4,11.25,0,0,5,8,5,11.0,0,10.8,1.4,1.74,-0.25,0.8333333333333334,1,7.5,0,Enrolled,AT RISK,81.5,False
615,1,39,1,9991,0,1,120.0,1,38,38,5,7,146.2,0,0,0,1,0,0,27,0,0,5,10,3,12.33333333,0,0,5,10,3,10.66666667,0,11.1,0.6,2.02,-1.6666666600000006,0.5,1,6.166666665,0,Graduate,AT RISK,35.8,False
616,1,1,1,9070,1,1,145.0,1,1,38,5,7,127.5,1,0,0,1,1,0,20,0,0,6,6,4,12.0,0,0,6,8,2,11.33333333,0,10.8,1.4,1.74,-0.6666666699999997,0.2857142857142857,1,6.857142857142857,0,Enrolled,AT RISK,88.6,True
