Marital Status,Application mode,Application order,Course,Daytime/evening attendance,Previous qualification,Previous qualification (grade),Nacionality,Mother's qualification,Father's qualification,Mother's occupation,Father's occupation,Admission grade,Displaced,Educational special needs,Debtor,Tuition fees up to date,Gender,Scholarship holder,Age at enrollment,International,Curricular units 1st sem (credited),Curricular units 1st sem (enrolled),Curricular units 1st sem (evaluations),Curricular units 1st sem (approved),Curricular units 1st sem (grade),Curricular units 1st sem (without evaluations),Curricular units 2nd sem (credited),Curricular units 2nd sem (enrolled),Curricular units 2nd sem (evaluations),Curricular units 2nd sem (approved),Curricular units 2nd sem (grade),Curricular units 2nd sem (without evaluations),Unemployment rate,Inflation rate,GDP,academic_momentum,engagement_ratio,financial_stress_index,early_performance_score
1,15,1,9254,1,1,160.0,1,1,3,3,3,142.5,1,0,0,0,1,0,19,0,0,6,6,6,14.0,0,0,6,6,6,13.66666667,0,13.9,-0.3,0.79,-0.3333333300000003,0.8571428571428571,2,12.0
1,17,2,9773,1,1,122.0,1,38,37,5,3,119.6,1,0,0,1,0,0,20,0,0,6,8,6,13.42857143,0,0,6,10,5,12.4,0,9.4,-0.8,-3.12,-1.0285714299999995,0.7142857142857143,1,11.510204082857141
1,1,1,9500,1,1,142.0,1,19,38,7,10,128.4,1,0,0,1,0,1,18,0,0,7,9,7,13.3,0,0,8,8,8,14.345,0,15.5,2.8,-4.06,1.045,0.8888888888888888,0,11.637500000000001
1,1,1,9238,1,1,138.0,1,1,19,4,7,123.0,1,0,1,0,0,0,18,0,0,6,9,5,11.4,0,0,6,14,2,13.5,0,8.9,1.4,3.51,2.0999999999999996,0.2857142857142857,3,8.142857142857144
1,1,1,9670,1,1,139.0,1,38,19,5,7,130.6,1,0,0,1,0,0,18,0,0,6,6,6,12.33333333,0,0,6,7,5,14.2,0,13.9,-0.3,0.79,1.866666669999999,0.7142857142857143,1,10.571428568571429
1,1,1,9500,1,1,136.0,1,19,38,9,9,119.3,1,0,0,1,0,1,18,0,0,8,8,7,13.21428571,0,0,8,8,7,13.21428571,0,12.7,3.7,-1.7,0.0,0.7777777777777778,0,10.277777774444445
1,1,1,9085,1,1,149.0,1,38,37,5,5,137.1,1,0,0,1,0,1,18,0,0,5,7,4,13.25,0,0,5,5,5,12.0,0,10.8,1.4,1.74,-1.25,0.8333333333333334,0,8.833333333333332
1,18,1,9238,1,1,137.0,1,19,38,5,8,137.4,1,0,0,1,0,0,18,0,0,6,10,1,12.0,0,0,6,14,2,11.0,0,10.8,1.4,1.74,-1.0,0.2857142857142857,1,1.7142857142857142
1,17,2,9500,1,1,135.0,1,19,1,5,4,127.3,1,0,0,1,0,0,18,0,0,7,8,7,13.30625,0,0,8,8,8,14.545,0,15.5,2.8,-4.06,1.2387499999999996,0.8888888888888888,1,11.64296875
1,1,1,9853,1,1,140.0,1,19,19,7,7,124.6,1,0,0,1,0,0,18,0,0,7,7,6,11.66666667,0,0,7,8,6,13.5,0,16.2,0.3,-0.92,1.8333333300000003,0.75,1,8.7500000025
1,1,1,9500,1,1,126.0,1,19,19,3,7,123.9,0,0,0,1,0,0,19,0,0,7,8,6,13.29666667,0,0,8,9,7,14.11428571,0,11.1,0.6,2.02,0.8176190400000003,0.7777777777777778,1,9.9725000025
1,1,1,9238,1,1,151.0,1,19,38,9,9,157.0,1,0,1,1,0,1,18,0,0,6,8,5,11.6,0,0,6,12,4,11.0,0,7.6,2.6,0.32,-0.5999999999999996,0.5714285714285714,1,8.285714285714286
1,17,2,9238,1,1,115.0,1,19,38,7,8,116.4,1,0,0,1,0,0,21,0,0,6,9,6,11.375,0,0,6,9,6,13.28571429,0,16.2,0.3,-0.92,1.9107142899999996,0.8571428571428571,1,9.75
1,1,1,9147,1,1,135.0,1,19,1,9,9,122.1,1,0,0,1,0,0,20,0,0,5,6,5,12.0,0,0,5,6,5,12.33333333,0,16.2,0.3,-0.92,0.3333333300000003,0.8333333333333334,1,10.0
1,17,2,9500,1,1,127.0,1,3,3,1,10,118.8,1,0,0,1,1,0,19,0,0,7,9,6,12.93333333,0,0,7,7,6,13.71666667,0,16.2,0.3,-0.92,0.7833333400000004,0.75,1,9.6999999975
1,1,1,9147,1,1,143.0,1,1,1,4,6,138.8,0,0,0,0,1,0,18,0,0,5,9,3,11.33333333,0,0,5,8,2,13.5,0,8.9,1.4,3.51,2.1666666699999997,0.3333333333333333,2,5.666666665
1,1,1,9991,0,1,130.0,1,2,37,3,9,131.4,0,0,0,1,1,0,34,0,0,5,6,5,12.4,0,0,5,9,5,13.42857143,0,13.9,-0.3,0.79,1.0285714299999995,0.8333333333333334,1,10.333333333333334
1,1,2,9147,1,1,133.0,1,3,19,2,7,120.4,1,0,0,1,0,0,22,0,0,5,5,5,14.8,0,0,5,5,5,15.8,0,8.9,1.4,3.51,1.0,0.8333333333333334,1,12.333333333333334
1,17,1,9773,1,1,120.0,1,1,38,5,5,121.4,0,0,0,0,0,0,20,0,0,6,7,4,13.0,0,0,6,7,5,13.8,0,12.4,0.5,1.79,0.8000000000000007,0.7142857142857143,2,7.428571428571428
1,17,2,9238,1,1,130.0,1,19,19,9,9,127.6,1,0,0,1,0,0,18,0,0,6,6,6,11.66666667,0,0,6,8,5,13.2,0,11.1,0.6,2.02,1.5333333299999996,0.7142857142857143,1,10.000000002857142
1,1,1,9238,1,1,139.0,1,37,38,9,9,126.1,0,0,0,1,0,1,19,0,0,6,7,5,12.33333333,0,0,6,7,6,12.83333333,0,12.7,3.7,-1.7,0.5,0.8571428571428571,0,8.809523807142858
1,39,1,9254,1,1,130.0,1,19,38,9,7,113.5,0,0,0,1,0,1,24,0,0,6,6,6,13.66666667,0,0,6,6,6,14.16666667,0,12.4,0.5,1.79,0.5,0.8571428571428571,0,11.714285717142856
1,1,1,9500,1,1,139.0,1,37,38,6,6,121.3,1,0,0,1,0,1,19,0,0,8,10,6,11.83333333,0,0,8,10,6,11.83333333,0,9.4,-0.8,-3.12,0.0,0.6666666666666666,0,7.888888886666667
1,1,1,9773,1,1,127.0,1,1,19,7,7,121.8,1,0,0,1,0,1,20,0,0,6,11,4,14.0,0,0,6,12,3,11.0,0,9.4,-0.8,-3.12,-3.0,0.42857142857142855,0,8.0
1,39,1,9991,0,1,130.0,1,38,38,9,9,120.0,0,0,0,1,0,0,27,0,0,5,12,5,10.6,0,0,5,10,5,11.0,0,9.4,-0.8,-3.12,0.40000000000000036,0.8333333333333334,1,8.833333333333334
1,1,1,9500,1,1,130.0,1,1,19,5,5,129.1,1,0,0,1,0,0,18,0,0,7,9,7,13.04444444,0,0,8,10,8,13.595,0,15.5,2.8,-4.06,0.5505555600000012,0.8888888888888888,1,11.413888884999999
1,17,1,9500,1,1,141.0,1,38,38,7,10,139.8,1,0,0,1,0,0,18,0,0,8,8,8,14.935,0,0,8,8,8,14.935,0,9.4,-0.8,-3.12,0.0,0.8888888888888888,1,13.275555555555556
1,1,2,9500,1,1,125.0,1,19,19,9,9,114.9,0,0,0,1,0,0,18,0,0,7,8,6,13.13333333,0,0,8,12,7,12.22142857,0,16.2,0.3,-0.92,-0.9119047599999988,0.7777777777777778,1,9.8499999975
1,17,1,9070,1,1,127.0,1,1,1,3,4,130.2,1,0,0,1,1,0,19,0,0,6,6,5,11.4,0,0,6,8,1,10.0,0,10.8,1.4,1.74,-1.4000000000000004,0.14285714285714285,1,8.142857142857144
1,39,1,9254,1,1,160.0,1,19,37,7,10,100.0,0,0,0,1,1,0,26,0,0,6,7,6,12.0,0,0,6,8,5,10.8,0,12.7,3.7,-1.7,-1.1999999999999993,0.7142857142857143,1,10.285714285714285
1,17,1,9500,1,1,150.0,1,37,19,8,4,130.8,0,0,0,1,1,0,24,0,0,7,8,7,11.975,0,0,8,8,8,13.75,0,13.9,-0.3,0.79,1.7750000000000004,0.8888888888888888,1,10.478125
1,1,2,9773,1,1,142.0,1,38,38,9,9,132.9,1,0,0,1,1,0,18,0,0,6,8,6,12.33333333,0,0,6,11,3,12.33333333,0,10.8,1.4,1.74,0.0,0.42857142857142855,1,10.571428568571429
1,17,3,9147,1,1,120.0,1,19,19,4,7,115.5,1,0,1,1,1,0,18,0,0,5,8,3,10.33333333,0,0,5,11,3,10.85714286,0,10.8,1.4,1.74,0.5238095299999994,0.5,2,5.166666665
1,17,1,9254,1,1,120.0,1,19,19,4,4,125.5,0,0,0,1,1,0,18,0,0,5,6,5,12.0,0,0,5,8,3,11.33333333,0,12.7,3.7,-1.7,-0.6666666699999997,0.5,1,10.0
1,39,1,9670,1,1,120.0,1,1,19,4,5,100.0,0,0,0,1,0,1,25,0,0,5,7,4,10.5,0,0,5,7,5,11.6,0,9.4,-0.8,-3.12,1.0999999999999996,0.8333333333333334,0,7.0
1,17,2,9853,1,1,133.1,1,19,1,9,3,107.0,1,0,0,1,0,0,20,0,0,7,12,6,11.66666667,0,0,7,10,3,13.0,0,16.2,0.3,-0.92,1.3333333300000003,0.375,1,8.7500000025
1,1,1,9238,1,1,142.0,1,37,37,6,7,136.1,1,0,0,1,0,0,18,0,0,6,8,6,13.85714286,0,0,6,6,6,15.0,0,13.9,-0.3,0.79,1.1428571400000003,0.8571428571428571,1,11.877551022857142
1,17,2,9147,1,1,123.0,1,1,38,4,7,115.3,1,0,0,1,0,1,18,0,0,5,9,3,13.0,0,0,5,11,3,11.0,0,8.9,1.4,3.51,-2.0,0.5,0,6.5
1,1,1,9085,1,1,131.0,1,19,19,9,9,139.8,1,0,0,1,0,0,19,0,0,5,6,5,13.4,0,0,5,5,5,12.8,0,10.8,1.4,1.74,-0.5999999999999996,0.8333333333333334,1,11.166666666666668
1,1,3,9773,1,1,158.0,1,1,38,4,7,157.0,1,0,0,1,0,0,18,0,0,6,6,6,12.66666667,0,0,6,7,6,12.57142857,0,10.8,1.4,1.74,-0.09523809999999955,0.8571428571428571,1,10.85714286
1,43,1,9500,1,1,130.0,1,38,38,9,5,100.0,0,0,0,1,0,0,20,0,0,7,11,6,11.61666667,0,0,7,7,7,13.0,0,13.9,-0.3,0.79,1.3833333299999993,0.875,1,8.7125000025
1,17,1,9238,1,1,154.0,1,19,37,9,7,140.4,1,0,0,1,0,1,20,0,0,6,13,2,10.0,0,0,6,12,4,10.75,0,7.6,2.6,0.32,0.75,0.5714285714285714,0,2.8571428571428568
1,17,1,9147,1,1,120.0,1,19,19,3,3,113.4,0,0,0,1,0,0,20,0,0,5,11,3,10.33333333,0,0,5,10,3,10.66666667,0,12.4,0.5,1.79,0.33333333999999937,0.5,1,5.166666665
1,1,1,9147,1,1,127.0,1,2,19,4,5,121.8,0,0,0,1,0,0,18,0,0,5,5,5,12.6,0,0,5,5,5,14.0,0,11.1,0.6,2.02,1.4000000000000004,0.8333333333333334,1,10.5
1,17,1,9254,1,1,133.1,1,1,1,4,5,131.0,1,0,0,1,0,0,21,0,0,6,12,3,11.0,0,0,6,12,2,11.0,0,9.4,-0.8,-3.12,0.0,0.2857142857142857,1,4.714285714285714
1,1,1,9670,1,1,131.0,1,38,38,9,9,127.9,0,0,0,1,0,1,19,0,0,5,5,5,12.8,0,0,5,5,5,14.2,0,9.4,-0.8,-3.12,1.3999999999999986,0.8333333333333334,0,10.666666666666668
1,1,1,9085,1,1,130.0,1,19,38,4,7,121.3,1,0,0,1,0,0,19,0,0,6,15,6,14.16666667,0,0,6,13,6,12.2,0,15.5,2.8,-4.06,-1.9666666700000004,0.8571428571428571,1,12.142857145714284
1,1,1,9853,1,1,146.0,1,19,38,9,3,145.3,1,0,0,1,0,1,18,0,0,6,8,5,12.8,0,0,6,7,5,13.4,0,9.4,-0.8,-3.12,0.5999999999999996,0.7142857142857143,0,9.142857142857144
1,17,3,9238,1,1,131.0,1,1,39,5,3,122.6,1,0,0,1,0,0,18,0,0,6,7,6,13.0,0,0,6,6,6,13.66666667,0,12.4,0.5,1.79,0.6666666699999997,0.8571428571428571,1,11.142857142857142
1,1,3,9500,1,1,138.0,1,19,19,5,8,124.9,1,0,0,1,0,1,18,0,0,7,9,7,13.2375,0,0,8,9,7,13.74285714,0,13.9,-0.3,0.79,0.5053571399999992,0.7777777777777778,0,11.582812500000001
1,17,2,9070,1,1,130.0,1,37,37,9,9,123.7,1,0,0,1,0,0,18,0,0,6,6,6,12.33333333,0,0,6,6,6,13.0,0,7.6,2.6,0.32,0.6666666699999997,0.8571428571428571,1,10.571428568571429
1,1,1,9670,1,1,117.0,1,1,38,3,9,109.3,0,0,1,0,0,1,19,0,0,6,7,5,12.0,0,0,6,9,4,12.5,0,12.4,0.5,1.79,0.5,0.5714285714285714,2,8.571428571428571
1,17,1,9670,1,1,120.0,1,19,19,5,5,113.0,1,0,0,1,0,0,20,0,0,5,7,4,12.2,0,0,5,5,4,11.5,0,7.6,2.6,0.32,-0.6999999999999993,0.6666666666666666,1,8.133333333333333
1,1,2,9500,1,1,117.0,1,19,1,4,7,112.1,0,0,0,1,0,1,20,0,0,7,9,5,13.188,0,0,8,9,7,12.89285714,0,11.1,0.6,2.02,-0.29514286000000034,0.7777777777777778,0,8.2425
1,1,3,9238,1,1,135.0,1,1,12,9,10,121.0,1,0,0,1,0,1,19,0,0,6,7,6,11.33333333,0,0,6,6,6,11.5,0,12.4,0.5,1.79,0.16666666999999968,0.8571428571428571,0,9.714285711428571
1,1,3,9500,1,1,141.0,1,19,19,9,7,131.7,1,0,0,1,0,1,19,0,0,7,10,7,13.605,0,0,8,11,8,12.33125,0,15.5,2.8,-4.06,-1.2737499999999997,0.8888888888888888,0,11.904375
1,17,1,9254,1,1,113.0,1,1,37,9,10,117.2,1,0,0,1,0,0,20,0,0,6,8,5,11.2,0,0,6,12,3,11.66666667,0,7.6,2.6,0.32,0.4666666700000004,0.42857142857142855,1,8.0
1,1,1,9147,1,1,134.0,1,3,19,2,10,128.8,0,0,0,1,0,0,18,0,0,5,10,5,13.375,0,0,5,9,5,14.16666667,0,13.9,-0.3,0.79,0.7916666699999997,0.8333333333333334,1,11.145833333333334
1,1,1,9500,1,1,136.0,1,1,19,9,9,131.5,0,0,0,1,0,1,20,0,0,7,8,6,13.86333333,0,0,8,9,7,14.17857143,0,11.1,0.6,2.02,0.3152381000000002,0.7777777777777778,0,10.397499997499999
1,1,1,9085,1,1,129.0,1,1,38,4,7,123.4,0,0,0,1,0,0,19,0,0,5,6,5,12.4,0,0,5,6,5,13.4,0,7.6,2.6,0.32,1.0,0.8333333333333334,1,10.333333333333334
1,17,1,9853,1,1,138.0,1,38,38,7,6,124.7,1,0,0,1,0,0,18,0,0,6,11,3,12.33333333,0,0,6,10,5,10.83333333,0,9.4,-0.8,-3.12,-1.5,0.7142857142857143,1,5.2857142842857145
1,1,1,9853,1,1,137.0,1,37,37,9,9,132.8,1,0,0,1,0,0,18,0,0,6,7,6,13.33333333,0,0,6,8,5,11.8,0,7.6,2.6,0.32,-1.5333333299999996,0.7142857142857143,1,11.428571425714285
1,43,1,9853,1,1,115.0,1,3,37,2,5,108.7,1,0,0,1,0,0,21,0,0,6,10,3,12.66666667,0,0,6,12,3,10.0,0,9.4,-0.8,-3.12,-2.6666666699999997,0.42857142857142855,1,5.42857143
1,1,1,9853,1,1,129.0,1,38,37,6,6,138.1,0,0,0,1,0,0,19,0,0,6,8,6,12.0,0,0,6,10,4,11.5,0,7.6,2.6,0.32,-0.5,0.5714285714285714,1,10.285714285714285
1,1,1,9147,1,1,131.0,1,38,38,9,9,126.5,0,0,0,1,0,1,18,0,0,5,5,5,10.6,0,0,5,5,5,11.8,0,12.4,0.5,1.79,1.200000000000001,0.8333333333333334,0,8.833333333333334
1,17,2,9238,1,1,133.0,1,1,37,7,9,127.4,1,0,0,1,0,1,18,0,0,6,8,6,12.25,0,0,6,7,6,11.85714286,0,12.7,3.7,-1.7,-0.39285714000000027,0.8571428571428571,0,10.5
1,1,3,9238,1,1,125.0,1,19,1,9,10,123.6,1,0,0,1,0,0,20,0,0,6,10,4,11.0,0,0,6,9,6,11.83333333,0,9.4,-0.8,-3.12,0.8333333300000003,0.8571428571428571,1,6.285714285714286
1,1,1,9670,1,1,128.0,1,19,1,4,1,118.2,0,0,0,1,0,0,19,0,0,6,6,6,13.16666667,0,0,6,9,6,13.0,0,10.8,1.4,1.74,-0.16666666999999968,0.8571428571428571,1,11.285714288571429
1,1,1,9500,1,1,127.0,1,19,37,9,7,123.9,1,0,0,1,0,1,18,0,0,7,9,7,12.85555556,0,0,8,12,7,12.76111111,0,15.5,2.8,-4.06,-0.09444445000000101,0.7777777777777778,0,11.248611115000001
1,1,2,9500,1,1,134.0,1,19,19,9,9,125.8,1,0,0,1,0,0,18,0,0,7,8,7,14.91875,0,0,8,8,8,15.355,0,15.5,2.8,-4.06,0.43625000000000114,0.8888888888888888,1,13.053906249999999
1,17,2,9670,1,1,124.0,1,1,19,5,4,124.4,0,0,0,1,0,0,19,0,0,5,5,5,14.2,0,0,5,5,5,14.2,0,7.6,2.6,0.32,0.0,0.8333333333333334,1,11.833333333333334
1,17,1,9773,1,1,133.1,1,19,37,7,7,126.0,0,0,0,1,0,1,19,0,0,6,6,6,12.5,0,0,6,7,6,13.0,0,15.5,2.8,-4.06,0.5,0.8571428571428571,0,10.714285714285714
1,17,3,9238,1,1,125.0,1,19,19,7,8,121.5,0,0,0,1,0,0,19,0,0,6,10,5,11.66666667,0,0,6,12,4,11.0,0,13.9,-0.3,0.79,-0.6666666699999997,0.5714285714285714,1,8.333333335714286
1,43,1,9238,1,1,125.0,1,19,19,4,8,117.0,1,0,0,1,0,0,21,0,0,6,13,3,12.0,0,0,6,12,2,11.33333333,0,16.2,0.3,-0.92,-0.6666666699999997,0.2857142857142857,1,5.142857142857142
1,17,2,9556,1,1,133.1,1,37,37,3,10,108.0,0,0,0,1,0,0,20,0,0,7,8,7,12.45714286,0,0,8,8,8,13.5625,0,15.5,2.8,-4.06,1.1053571400000006,0.8888888888888888,1,10.900000002499999
1,17,1,9500,1,1,131.0,1,2,38,4,5,132.3,1,0,0,1,0,0,19,0,0,7,7,6,11.68333333,0,0,7,7,6,11.68333333,0,7.6,2.6,0.32,0.0,0.75,1,8.7624999975
1,17,2,9254,1,1,125.0,1,37,37,9,8,122.6,1,0,1,0,0,0,20,0,0,6,8,4,11.75,0,0,6,6,6,13.16666667,0,11.1,0.6,2.02,1.4166666699999997,0.8571428571428571,3,6.7142857142857135
1,1,1,9670,1,1,131.0,1,37,37,9,9,123.0,1,0,0,1,0,1,18,0,0,5,6,3,11.66666667,0,0,5,6,4,13.5,0,7.6,2.6,0.32,1.8333333300000003,0.6666666666666666,0,5.833333335
1,39,1,9853,1,1,130.0,1,37,19,9,5,102.5,0,0,0,1,0,0,27,0,0,6,9,5,13.2,0,0,6,10,5,12.0,0,7.6,2.6,0.32,-1.1999999999999993,0.7142857142857143,1,9.428571428571429
1,18,2,9147,1,1,132.0,1,3,3,5,7,119.1,1,0,1,0,0,0,20,0,0,5,9,3,10.0,0,0,5,9,3,10.57142857,0,10.8,1.4,1.74,0.5714285700000001,0.5,3,5.0
1,17,3,9500,1,1,141.0,1,38,1,9,4,129.0,1,0,0,1,0,1,18,0,0,7,7,6,13.05,0,0,7,7,6,13.05,0,7.6,2.6,0.32,0.0,0.75,0,9.787500000000001
1,1,1,9254,1,1,125.0,1,19,38,9,8,121.5,0,0,0,1,0,1,21,0,0,6,7,6,12.0,0,0,6,6,6,12.5,0,13.9,-0.3,0.79,0.5,0.8571428571428571,0,10.285714285714285
1,1,1,9853,1,1,130.0,1,19,19,3,8,131.8,0,0,0,1,0,0,18,0,0,7,9,7,12.57142857,0,0,7,8,7,14.42857143,0,11.1,0.6,2.02,1.8571428599999997,0.875,1,10.99999999875
1,17,2,9238,1,1,128.0,1,19,37,9,8,116.5,0,0,0,1,0,1,18,0,0,6,11,5,11.14285714,0,0,6,11,4,11.25,0,16.2,0.3,-0.92,0.10714285999999973,0.5714285714285714,0,7.959183671428572
1,1,1,9238,1,1,132.0,1,34,34,0,0,119.1,1,0,0,1,0,0,18,0,0,6,9,4,11.0,0,0,6,9,4,10.75,0,7.6,2.6,0.32,-0.25,0.5714285714285714,1,6.285714285714286
1,1,2,9500,1,1,149.0,1,19,38,9,9,126.5,1,0,0,1,0,0,18,0,0,8,8,7,12.91428571,0,0,8,8,7,12.91428571,0,12.7,3.7,-1.7,0.0,0.7777777777777778,1,10.04444444111111
1,1,1,9085,1,1,120.0,1,19,1,8,7,115.1,1,0,0,1,0,0,19,0,0,6,8,6,13.85714286,0,0,6,9,5,13.4,0,13.9,-0.3,0.79,-0.4571428599999994,0.7142857142857143,1,11.877551022857142
1,1,2,9500,1,1,131.0,1,38,1,7,4,128.3,1,0,0,1,0,1,18,0,0,8,8,7,12.64285714,0,0,8,8,7,12.64285714,0,12.7,3.7,-1.7,0.0,0.7777777777777778,0,9.833333331111112
1,1,1,9500,1,1,149.0,1,37,37,9,9,136.0,0,0,0,1,0,1,18,0,0,7,7,6,12.91666667,0,0,7,7,6,12.91666667,0,7.6,2.6,0.32,0.0,0.75,0,9.6875000025
1,43,1,9130,1,1,140.0,1,1,3,9,2,140.0,1,0,0,1,0,1,20,0,0,6,8,6,15.625,0,0,6,8,6,15.85714286,0,13.9,-0.3,0.79,0.23214285999999973,0.8571428571428571,0,13.392857142857142
1,43,1,9773,1,1,122.0,1,1,1,4,5,126.9,0,0,0,1,0,0,21,0,0,6,8,6,11.71428571,0,0,6,7,6,12.0,0,7.6,2.6,0.32,0.2857142899999996,0.8571428571428571,1,10.040816322857143
1,18,1,9147,1,1,121.0,1,19,3,5,5,115.8,1,0,0,1,0,1,19,0,0,5,7,5,11.6,0,0,5,5,5,11.6,0,12.4,0.5,1.79,0.0,0.8333333333333334,0,9.666666666666666
1,1,1,9147,1,1,133.0,1,38,38,7,7,147.0,0,0,0,1,0,1,18,0,0,5,7,4,13.0,0,0,5,8,3,12.33333333,0,9.4,-0.8,-3.12,-0.6666666699999997,0.5,0,8.666666666666666
1,1,3,9254,1,1,115.0,1,1,1,3,3,117.5,1,0,0,1,0,0,18,0,0,6,9,4,11.25,0,0,6,13,2,12.5,0,9.4,-0.8,-3.12,1.25,0.2857142857142857,1,6.428571428571428
1,51,1,9500,1,1,127.0,1,19,1,5,9,150.0,0,0,0,1,0,1,19,0,0,7,9,5,13.85,0,0,8,9,7,12.19285714,0,11.1,0.6,2.02,-1.6571428600000004,0.7777777777777778,0,8.65625
1,18,1,9500,1,1,135.0,1,1,38,4,5,127.5,1,0,0,1,0,1,19,0,0,7,8,6,13.74166667,0,0,8,9,7,14.9125,0,16.2,0.3,-0.92,1.170833329999999,0.7777777777777778,0,10.3062500025
1,1,1,9238,1,1,135.0,1,1,1,9,9,133.3,0,0,0,1,0,1,20,0,0,6,6,6,12.0,0,0,6,7,6,12.85714286,0,11.1,0.6,2.02,0.8571428599999997,0.8571428571428571,0,10.285714285714285
1,43,1,9500,1,1,120.0,1,1,1,5,8,112.0,1,0,0,1,0,1,19,0,0,8,15,7,11.57142857,0,0,8,15,7,11.57142857,0,12.7,3.7,-1.7,0.0,0.7777777777777778,0,8.999999998888889
1,1,2,9254,1,1,140.0,1,1,37,4,5,123.6,1,0,0,1,0,0,18,0,0,6,10,6,12.85714286,0,0,6,6,3,12.66666667,0,12.7,3.7,-1.7,-0.19047619000000005,0.42857142857142855,1,11.020408165714285
1,1,2,9670,1,1,135.0,1,1,3,4,3,133.3,0,0,0,1,0,0,19,0,0,5,5,5,13.0,0,0,5,5,5,13.2,0,9.4,-0.8,-3.12,0.1999999999999993,0.8333333333333334,1,10.833333333333334
1,1,1,9254,1,1,123.0,1,1,37,9,9,132.1,0,0,0,1,0,1,21,0,0,6,9,5,11.0,0,0,6,8,5,12.0,0,15.5,2.8,-4.06,1.0,0.7142857142857143,0,7.857142857142858
1,1,1,9238,1,1,154.0,1,38,37,9,9,140.4,0,0,0,1,0,1,22,0,0,6,6,5,12.6,0,0,6,6,6,13.0,0,10.8,1.4,1.74,0.40000000000000036,0.8571428571428571,0,9.0
1,1,1,9853,1,1,148.0,1,19,19,5,7,141.7,0,0,0,1,0,1,18,0,0,6,8,5,13.4,0,0,6,7,6,13.16666667,0,9.4,-0.8,-3.12,-0.23333333000000067,0.8571428571428571,0,9.571428571428571
1,17,2,9238,1,1,133.0,1,37,37,3,9,119.7,0,1,0,1,0,1,18,0,0,6,9,6,11.33333333,0,0,6,9,6,11.57142857,0,15.5,2.8,-4.06,0.23809523999999982,0.8571428571428571,0,9.714285711428571
1,1,3,9500,1,1,125.0,1,3,1,4,4,119.4,1,0,0,1,0,0,19,0,0,7,10,6,12.47142857,0,0,7,8,7,11.4625,0,12.4,0.5,1.79,-1.0089285700000001,0.875,1,9.3535714275
1,1,2,9147,1,1,118.0,1,37,19,5,5,119.1,1,0,0,1,0,1,20,0,0,5,5,5,11.6,0,0,5,5,5,13.6,0,12.4,0.5,1.79,2.0,0.8333333333333334,0,9.666666666666666
1,17,3,9500,1,1,129.0,1,19,37,7,6,120.0,1,0,0,1,0,1,19,0,0,8,8,7,13.15142857,0,0,8,8,7,13.15142857,0,10.8,1.4,1.74,0.0,0.7777777777777778,0,10.228888887777778
1,1,3,9254,1,1,121.0,1,19,37,4,7,116.8,1,0,0,1,0,0,21,0,0,6,8,6,11.33333333,0,0,6,8,4,12.25,0,11.1,0.6,2.02,0.9166666699999997,0.5714285714285714,1,9.714285711428571
1,1,1,9670,1,1,136.0,1,19,1,9,8,123.4,1,0,0,1,0,1,18,0,0,6,10,6,13.25,0,0,6,13,5,14.14285714,0,11.1,0.6,2.02,0.8928571400000003,0.7142857142857143,0,11.357142857142856
1,1,3,9070,1,1,125.0,1,19,38,9,9,125.4,1,0,0,1,0,0,19,0,0,6,7,5,12.4,0,0,6,6,5,12.4,0,9.4,-0.8,-3.12,0.0,0.7142857142857143,1,8.857142857142858
1,1,3,9773,1,1,131.0,1,38,37,7,7,127.2,1,0,0,1,0,1,18,0,0,6,6,6,15.0,0,0,6,6,6,12.83333333,0,8.9,1.4,3.51,-2.1666666699999997,0.8571428571428571,0,12.857142857142856
1,17,1,9147,1,1,136.0,1,1,1,4,4,124.1,0,0,0,1,0,0,18,0,0,5,8,5,12.4,0,0,5,6,5,10.8,0,8.9,1.4,3.51,-1.5999999999999996,0.8333333333333334,1,10.333333333333334
1,17,3,9070,1,1,116.0,1,37,37,9,9,110.8,0,0,0,1,0,0,18,0,0,6,6,6,11.83333333,0,0,6,6,6,12.5,0,7.6,2.6,0.32,0.6666666699999997,0.8571428571428571,1,10.14285714
1,1,1,9238,1,1,121.0,1,1,1,9,8,118.9,1,0,0,1,0,1,19,0,0,6,8,5,11.66666667,0,0,6,9,5,12.66666667,0,12.4,0.5,1.79,1.0,0.7142857142857143,0,8.333333335714286
1,1,1,9254,1,1,131.0,1,37,38,9,7,137.0,0,0,0,1,0,1,20,0,0,6,8,6,11.16666667,0,0,6,10,5,10.6,0,15.5,2.8,-4.06,-0.56666667,0.7142857142857143,0,9.571428574285713
1,1,1,9238,1,1,135.0,1,1,1,4,4,122.8,0,0,0,1,0,0,18,0,0,6,7,6,14.0,0,0,6,7,6,14.0,0,10.8,1.4,1.74,0.0,0.8571428571428571,1,12.0
1,1,1,9238,1,1,130.0,1,38,19,9,5,121.6,0,0,0,1,0,0,18,0,0,6,6,6,12.83333333,0,0,6,6,6,12.0,0,12.4,0.5,1.79,-0.8333333300000003,0.8571428571428571,1,10.999999997142856
1,1,2,9773,1,1,146.0,1,3,1,1,3,149.2,1,0,0,1,0,0,18,0,0,6,11,4,12.25,0,0,6,10,3,11.66666667,0,9.4,-0.8,-3.12,-0.5833333300000003,0.42857142857142855,1,7.0
1,1,2,9773,1,1,154.0,1,38,38,9,9,133.4,1,0,0,1,0,1,19,0,0,6,7,5,11.4,0,0,6,8,5,12.8,0,12.7,3.7,-1.7,1.4000000000000004,0.7142857142857143,0,8.142857142857144
1,1,1,9070,1,1,137.0,1,37,37,9,9,126.2,1,0,0,1,0,1,19,0,0,6,6,6,13.0,0,0,6,8,6,12.5,0,10.8,1.4,1.74,-0.5,0.8571428571428571,0,11.142857142857142
1,1,2,9147,1,1,121.0,1,1,19,9,9,113.7,1,0,0,0,0,0,20,0,0,5,10,2,10.0,0,0,5,12,1,13.0,0,7.6,2.6,0.32,3.0,0.16666666666666666,2,3.333333333333333
1,17,1,9147,1,1,122.0,1,12,19,4,8,117.8,1,0,0,1,0,0,20,0,0,5,10,5,13.5,0,0,5,8,5,12.33333333,0,13.9,-0.3,0.79,-1.1666666699999997,0.8333333333333334,1,11.25
1,1,1,9238,1,1,152.0,1,1,38,4,5,144.7,0,0,0,1,0,0,20,0,0,6,8,6,14.5,0,0,6,7,6,15.42857143,0,16.2,0.3,-0.92,0.9285714299999999,0.8571428571428571,1,12.428571428571427
1,17,3,9500,1,1,145.0,1,12,1,4,10,139.8,1,0,0,1,0,0,18,0,0,7,7,7,13.68571429,0,0,8,8,8,15.3875,0,13.9,-0.3,0.79,1.7017857099999993,0.8888888888888888,1,11.97500000375
1,42,1,9853,1,1,120.0,1,37,38,3,3,113.7,0,0,0,1,0,0,20,0,0,6,8,5,11.0,0,0,6,10,3,10.66666667,0,12.7,3.7,-1.7,-0.3333333300000003,0.42857142857142855,1,7.857142857142858
1,1,1,9500,1,1,143.0,1,19,19,5,6,142.3,0,0,0,1,0,1,18,0,0,7,7,7,13.79714286,0,0,8,8,8,13.775,0,12.4,0.5,1.79,-0.022142859999998876,0.8888888888888888,0,12.0725000025
1,1,1,9500,1,1,129.0,1,19,19,5,5,119.6,1,0,0,1,0,1,20,0,0,7,8,7,14.00375,0,0,8,11,7,13.81285714,0,15.5,2.8,-4.06,-0.19089285999999994,0.7777777777777778,0,12.25328125
1,1,1,9070,1,1,126.0,1,19,37,7,5,119.4,0,0,0,1,0,1,21,0,0,6,7,5,13.8,0,0,6,6,6,12.83333333,0,16.2,0.3,-0.92,-0.9666666700000004,0.8571428571428571,0,9.857142857142858
1,17,1,9070,1,1,123.0,1,4,37,2,9,113.9,0,0,0,1,0,0,18,0,0,6,8,6,12.5,0,0,6,6,6,12.33333333,0,15.5,2.8,-4.06,-0.16666666999999968,0.8571428571428571,1,10.714285714285714
1,39,1,9500,1,1,140.0,1,3,3,1,1,140.0,1,0,0,1,0,0,24,0,0,8,8,8,13.385,0,0,8,8,8,13.385,0,9.4,-0.8,-3.12,0.0,0.8888888888888888,1,11.897777777777778
1,1,1,9070,1,1,130.0,1,38,37,3,6,135.6,1,0,0,1,0,1,19,0,0,6,9,5,12.0,0,0,6,10,2,11.33333333,0,8.9,1.4,3.51,-0.6666666699999997,0.2857142857142857,0,8.571428571428571
1,17,2,9773,1,1,126.0,1,19,38,9,8,118.7,1,0,0,1,0,1,18,0,0,6,6,6,14.16666667,0,0,6,6,6,13.66666667,0,12.4,0.5,1.79,-0.5,0.8571428571428571,0,12.142857145714284
1,1,1,9238,1,1,125.0,1,1,1,3,3,125.7,1,0,0,1,0,0,18,0,0,6,10,6,11.57142857,0,0,6,8,6,12.33333333,0,12.4,0.5,1.79,0.7619047600000002,0.8571428571428571,1,9.918367345714286
1,1,2,9085,1,1,117.0,1,38,37,9,9,113.5,1,0,0,1,0,1,21,0,0,5,7,4,12.0,0,0,5,5,5,12.2,0,10.8,1.4,1.74,0.1999999999999993,0.8333333333333334,0,8.0
1,1,1,9500,1,1,160.0,1,19,19,4,9,154.4,0,0,0,1,0,1,18,0,0,7,9,7,15.11666667,0,0,8,9,8,16.16888889,0,15.5,2.8,-4.06,1.0522222200000009,0.8888888888888888,0,13.22708333625
1,51,1,9670,1,1,136.0,1,19,19,5,5,122.0,0,0,1,0,0,0,18,0,0,5,6,2,12.5,0,0,5,6,4,10.25,0,9.4,-0.8,-3.12,-2.25,0.6666666666666666,3,4.166666666666666
1,1,1,9670,1,1,119.0,1,1,19,4,10,115.5,1,0,0,1,0,0,19,0,0,6,8,4,11.0,0,0,6,9,4,11.0,0,10.8,1.4,1.74,0.0,0.5714285714285714,1,6.285714285714286
1,51,1,9238,1,1,160.0,1,3,19,2,1,116.1,0,0,1,1,0,0,26,0,0,6,6,6,14.83333333,0,0,6,7,6,15.14285714,0,11.1,0.6,2.02,0.30952380999999995,0.8571428571428571,2,12.714285711428571
1,17,1,9853,1,1,133.1,1,34,34,0,0,118.9,1,0,0,1,0,0,21,0,0,6,12,3,11.33333333,0,0,6,10,3,11.33333333,0,7.6,2.6,0.32,0.0,0.42857142857142855,1,4.857142855714286
1,17,2,9147,1,1,142.0,1,19,19,4,8,127.3,0,0,0,1,0,1,18,0,0,5,5,5,11.2,0,0,5,5,5,11.8,0,11.1,0.6,2.02,0.6000000000000014,0.8333333333333334,0,9.333333333333334
1,1,1,9147,1,1,153.0,1,1,38,4,3,146.7,0,0,0,1,0,0,18,0,0,5,5,5,16.2,0,0,5,5,5,16.4,0,11.1,0.6,2.02,0.1999999999999993,0.8333333333333334,1,13.5
1,1,1,9500,1,1,140.0,1,19,19,3,6,124.3,1,0,0,1,0,1,18,0,0,7,7,7,14.54285714,0,0,8,11,8,14.88181818,0,16.2,0.3,-0.92,0.33896103999999916,0.8888888888888888,0,12.724999997500001
1,1,1,9500,1,1,152.0,1,41,19,3,5,137.8,0,0,0,1,0,0,19,0,0,7,7,7,13.69428571,0,0,8,9,8,14.35555556,0,11.1,0.6,2.02,0.66126985,0.8888888888888888,1,11.98249999625
1,1,1,9238,1,1,120.0,1,19,38,5,9,130.2,0,0,0,1,0,1,18,0,0,6,8,6,11.28571429,0,0,6,10,6,11.85714286,0,12.4,0.5,1.79,0.5714285700000001,0.8571428571428571,0,9.67346939142857
1,17,1,9500,1,1,160.0,1,38,38,7,7,147.8,0,0,0,1,0,0,20,0,0,7,11,6,11.75714286,0,0,8,12,6,13.08333333,0,15.5,2.8,-4.06,1.3261904700000002,0.6666666666666666,1,8.817857145
1,1,1,9500,1,1,150.0,1,1,1,5,1,155.6,0,0,0,1,0,0,19,0,0,7,7,7,14.3,0,0,8,9,8,14.05555556,0,16.2,0.3,-0.92,-0.24444444000000054,0.8888888888888888,1,12.512500000000001
1,1,1,9254,1,1,121.0,1,19,19,5,8,117.5,1,0,0,1,0,0,18,0,0,6,7,6,10.57142857,0,0,6,11,3,11.66666667,0,16.2,0.3,-0.92,1.0952380999999995,0.42857142857142855,1,9.061224488571428
1,1,1,9238,1,1,134.0,1,1,1,9,6,130.9,0,0,1,1,0,0,18,0,0,6,10,6,11.85714286,0,0,6,9,5,11.0,0,13.9,-0.3,0.79,-0.8571428599999997,0.7142857142857143,2,10.163265308571427
1,1,1,9853,1,1,132.0,1,2,19,4,4,125.0,1,0,0,1,0,0,18,0,0,6,9,5,12.6,0,0,6,8,5,11.4,0,9.4,-0.8,-3.12,-1.1999999999999993,0.7142857142857143,1,9.0
1,1,1,9853,1,1,123.0,1,1,38,9,6,121.6,1,0,0,1,0,0,18,0,0,7,12,5,12.0,0,0,7,9,6,12.66666667,0,11.1,0.6,2.02,0.6666666699999997,0.75,1,7.5
1,1,1,9238,1,1,107.0,1,38,38,7,7,103.5,1,0,0,1,0,0,20,0,0,6,7,6,12.0,0,0,6,7,6,13.0,0,12.4,0.5,1.79,1.0,0.8571428571428571,1,10.285714285714285
1,1,1,9238,1,1,133.0,1,34,37,4,9,134.4,1,0,0,1,0,1,18,0,0,6,6,6,12.16666667,0,0,6,9,6,13.66666667,0,9.4,-0.8,-3.12,1.5,0.8571428571428571,0,10.428571431428571
1,17,1,9238,1,1,122.0,1,3,1,9,10,114.7,0,0,0,1,0,0,19,0,0,6,9,5,12.16666667,0,0,6,8,6,12.42857143,0,13.9,-0.3,0.79,0.2619047600000002,0.8571428571428571,1,8.690476192857142
1,1,1,9773,1,1,140.0,1,19,19,7,5,135.1,1,0,0,1,0,0,18,0,0,6,7,6,13.5,0,0,6,8,6,12.5,0,9.4,-0.8,-3.12,-1.0,0.8571428571428571,1,11.571428571428571
1,1,1,9254,1,1,117.0,1,19,19,9,9,116.3,1,0,0,1,0,0,24,0,0,6,9,4,12.6,0,0,6,6,4,11.5,0,12.7,3.7,-1.7,-1.0999999999999996,0.5714285714285714,1,7.199999999999999
1,43,1,9773,1,1,123.0,1,19,19,9,8,134.0,0,0,0,1,0,1,20,0,0,6,6,6,13.66666667,0,0,6,6,6,13.33333333,0,12.4,0.5,1.79,-0.33333333999999937,0.8571428571428571,0,11.714285717142856
1,17,1,9085,1,1,133.0,1,19,1,4,5,127.1,1,0,0,1,0,0,18,0,0,6,7,6,15.0,0,0,6,7,6,16.42857143,0,11.1,0.6,2.02,1.4285714300000016,0.8571428571428571,1,12.857142857142856
1,1,1,9773,1,1,146.0,1,37,38,9,7,128.5,0,0,1,1,0,0,19,0,0,6,13,3,12.66666667,0,0,6,12,2,10.0,0,10.8,1.4,1.74,-2.6666666699999997,0.2857142857142857,2,5.42857143
1,1,1,9085,1,1,133.1,1,37,38,7,5,106.0,1,0,0,1,0,1,21,0,0,6,13,6,16.15384615,0,0,6,10,6,15.75,0,15.5,2.8,-4.06,-0.4038461499999997,0.8571428571428571,0,13.846153842857142
1,17,1,9085,1,1,134.0,1,19,37,2,7,131.2,0,0,0,1,0,0,19,0,0,5,8,1,11.0,0,0,5,6,5,11.2,0,7.6,2.6,0.32,0.1999999999999993,0.8333333333333334,1,1.8333333333333333
1,17,1,9773,1,1,161.0,1,1,19,4,7,148.4,0,0,0,1,0,1,19,0,0,6,6,6,13.83333333,0,0,6,7,6,14.42857143,0,15.5,2.8,-4.06,0.5952380999999995,0.8571428571428571,0,11.857142854285714
1,1,1,9500,1,1,152.0,1,1,1,4,4,141.0,1,0,0,1,0,1,18,0,0,7,7,7,15.13571429,0,0,8,8,8,15.2875,0,12.4,0.5,1.79,0.1517857100000004,0.8888888888888888,0,13.24375000375
1,17,1,9853,1,1,125.0,1,3,3,3,3,116.6,1,0,0,0,0,1,18,0,0,7,7,7,12.28571429,0,0,7,8,6,13.33333333,0,8.9,1.4,3.51,1.0476190400000007,0.75,1,10.75000000375
1,1,1,9238,1,1,135.0,1,38,38,5,7,121.0,0,0,0,1,0,0,19,0,0,6,13,3,10.33333333,0,0,6,12,3,10.33333333,0,7.6,2.6,0.32,0.0,0.42857142857142855,1,4.428571427142857
1,1,1,9853,1,1,125.0,1,19,19,5,5,117.0,0,0,0,1,0,1,19,0,0,6,7,6,13.42857143,0,0,6,6,6,13.16666667,0,15.5,2.8,-4.06,-0.2619047600000002,0.8571428571428571,0,11.510204082857141
1,1,1,9238,1,1,124.0,1,34,34,0,0,129.3,0,0,0,1,0,0,19,0,0,6,8,6,11.5,0,0,6,7,6,11.16666667,0,7.6,2.6,0.32,-0.3333333300000003,0.8571428571428571,1,9.857142857142856
1,1,1,9853,1,1,140.0,1,37,37,9,9,145.3,0,0,0,1,0,0,18,0,0,6,6,6,13.66666667,0,0,6,9,6,12.33333333,0,7.6,2.6,0.32,-1.3333333399999994,0.8571428571428571,1,11.714285717142856
1,17,1,9853,1,1,134.0,1,1,19,4,5,122.5,1,0,0,1,0,0,22,0,0,6,10,5,13.16666667,0,0,6,8,5,12.4,0,15.5,2.8,-4.06,-0.7666666699999993,0.7142857142857143,1,9.404761907142857
1,39,1,9500,1,1,150.0,1,1,19,5,3,140.0,0,1,0,1,0,0,26,0,0,7,11,5,11.2,0,0,8,13,5,12.14,0,16.2,0.3,-0.92,0.9400000000000013,0.5555555555555556,1,7.0
1,17,2,9085,1,1,120.0,1,1,1,9,10,115.0,0,0,0,0,0,0,20,0,0,5,8,2,10.5,0,0,5,8,2,12.33333333,0,7.6,2.6,0.32,1.8333333300000003,0.3333333333333333,2,3.5
1,17,1,9670,1,1,124.0,1,37,19,5,8,114.2,1,0,1,1,0,0,18,0,0,6,6,5,11.8,0,0,6,9,4,13.71428571,0,10.8,1.4,1.74,1.9142857099999997,0.5714285714285714,2,8.428571428571429
1,17,1,9254,1,1,136.0,1,37,37,7,7,121.7,1,0,0,1,0,0,20,0,0,6,13,3,10.33333333,0,0,6,12,3,10.33333333,0,10.8,1.4,1.74,0.0,0.42857142857142855,1,4.428571427142857
1,1,1,9773,1,1,120.0,1,38,37,9,9,114.8,1,1,0,1,0,0,19,0,0,6,11,4,12.25,0,0,6,11,3,11.0,0,7.6,2.6,0.32,-1.25,0.42857142857142855,1,7.0
1,1,1,9254,1,1,128.0,1,19,38,9,9,127.0,0,0,0,1,0,0,19,0,0,6,6,6,12.0,0,0,6,7,4,12.75,0,12.4,0.5,1.79,0.75,0.5714285714285714,1,10.285714285714285
1,17,1,9500,1,1,142.0,1,37,37,5,5,131.3,1,0,0,1,0,0,19,0,0,8,8,7,14.73142857,0,0,8,8,7,14.73142857,0,10.8,1.4,1.74,0.0,0.7777777777777778,1,11.457777776666667
1,17,1,9238,1,1,135.0,1,1,19,4,4,129.1,0,0,0,1,0,0,19,0,0,6,6,6,14.66666667,0,0,6,7,6,14.57142857,0,15.5,2.8,-4.06,-0.09523809999999955,0.8571428571428571,1,12.571428574285713
1,1,2,9500,1,1,137.0,1,19,19,7,7,120.8,1,0,0,1,0,1,18,0,0,8,8,7,14.65428571,0,0,8,8,7,14.65428571,0,10.8,1.4,1.74,0.0,0.7777777777777778,0,11.397777774444444
1,1,3,9500,1,1,128.0,1,1,1,4,10,118.9,1,0,0,1,0,0,20,0,0,7,8,7,11.5875,0,0,8,9,7,14.07142857,0,13.9,-0.3,0.79,2.48392857,0.7777777777777778,1,10.1390625
1,1,1,9238,1,1,132.0,1,1,38,9,7,127.1,1,0,0,1,0,1,20,0,0,6,9,6,12.33333333,0,0,6,6,6,11.83333333,0,8.9,1.4,3.51,-0.5,0.8571428571428571,0,10.571428568571429
1,1,1,9085,1,1,126.0,1,1,1,9,9,127.4,1,0,0,1,0,0,19,0,0,6,13,6,15.23076923,0,0,6,10,6,12.375,0,15.5,2.8,-4.06,-2.85576923,0.8571428571428571,1,13.054945054285714
1,1,1,9853,1,1,133.1,1,19,19,9,9,97.0,1,0,0,1,0,0,23,0,0,6,9,5,11.6,0,0,6,9,3,11.0,0,12.7,3.7,-1.7,-0.5999999999999996,0.42857142857142855,1,8.285714285714286
1,1,1,9500,1,1,135.0,1,2,1,2,8,126.6,0,0,0,1,0,1,19,0,0,7,7,7,12.90142857,0,0,8,9,8,13.09444444,0,11.1,0.6,2.02,0.19301586999999998,0.8888888888888888,0,11.28874999875
1,1,1,9500,1,1,144.0,1,37,37,9,3,150.5,0,0,0,1,0,0,20,0,0,7,7,6,13.91666667,0,0,7,7,6,13.91666667,0,7.6,2.6,0.32,0.0,0.75,1,10.4375000025
1,17,1,9147,1,1,116.0,1,38,2,9,2,112.2,1,0,0,1,0,0,20,0,0,5,8,3,11.33333333,0,0,5,12,2,10.66666667,0,10.8,1.4,1.74,-0.6666666600000006,0.3333333333333333,1,5.666666665
1,17,1,9670,1,1,121.0,1,19,38,4,10,114.4,0,0,0,1,0,0,19,0,0,6,10,5,11.5,0,0,6,9,4,14.6,0,11.1,0.6,2.02,3.0999999999999996,0.5714285714285714,1,8.214285714285715
1,1,3,9500,1,1,134.0,1,37,38,9,9,120.3,1,0,0,1,0,1,18,0,0,8,8,7,12.08285714,0,0,8,8,7,12.08285714,0,10.8,1.4,1.74,0.0,0.7777777777777778,0,9.397777775555555
1,17,2,9147,1,1,125.0,1,38,38,6,8,114.5,1,0,0,1,0,1,19,0,0,5,6,5,13.4,0,0,5,5,5,12.4,0,12.4,0.5,1.79,-1.0,0.8333333333333334,0,11.166666666666668
1,1,1,9773,1,1,140.0,1,1,19,4,8,124.6,1,0,0,1,0,0,19,0,0,6,7,5,14.2,0,0,6,7,6,14.57142857,0,15.5,2.8,-4.06,0.37142857000000085,0.8571428571428571,1,10.142857142857142
1,17,1,9254,1,1,122.0,1,19,19,5,5,118.2,0,0,0,1,0,1,20,0,0,6,10,4,11.25,0,0,6,6,6,10.5,0,12.4,0.5,1.79,-0.75,0.8571428571428571,0,6.428571428571428
1,1,1,9670,1,1,130.0,1,19,37,4,5,118.8,0,0,0,1,0,1,18,0,0,6,6,6,14.5,0,0,6,8,6,13.66666667,0,12.7,3.7,-1.7,-0.8333333300000003,0.8571428571428571,0,12.428571428571427
1,43,1,9130,1,1,127.0,1,19,38,4,5,120.7,1,0,1,1,0,0,18,0,0,5,11,1,12.0,0,0,5,9,3,12.0,0,12.7,3.7,-1.7,0.0,0.5,2,2.0
1,17,1,9670,1,1,123.0,1,19,19,1,1,114.6,0,0,0,1,0,0,18,0,0,5,5,4,11.0,0,0,5,5,4,11.0,0,9.4,-0.8,-3.12,0.0,0.6666666666666666,1,7.333333333333333
1,1,1,9238,1,1,128.0,1,37,19,9,3,116.5,1,0,0,1,0,1,19,0,0,6,6,6,13.0,0,0,6,6,6,14.16666667,0,12.4,0.5,1.79,1.1666666699999997,0.8571428571428571,0,11.142857142857142
1,1,1,9500,1,1,128.0,1,3,1,2,1,127.8,0,0,0,1,0,1,19,0,0,7,8,7,14.4125,0,0,8,8,8,16.05,0,13.9,-0.3,0.79,1.637500000000001,0.8888888888888888,0,12.6109375
1,1,2,9500,1,1,140.0,1,1,19,7,7,129.9,1,0,0,1,0,0,18,0,0,7,8,7,12.92875,0,0,8,8,8,14.0625,0,15.5,2.8,-4.06,1.1337499999999991,0.8888888888888888,1,11.31265625
1,1,2,9773,1,1,121.0,1,1,19,9,7,118.9,1,0,0,1,0,0,20,0,0,6,6,6,13.33333333,0,0,6,10,5,12.8,0,11.1,0.6,2.02,-0.5333333299999996,0.7142857142857143,1,11.428571425714285
1,1,3,9254,1,1,122.0,1,19,38,3,10,114.3,1,0,0,1,0,1,20,0,0,6,8,5,12.8,0,0,6,9,5,12.8,0,12.4,0.5,1.79,0.0,0.7142857142857143,0,9.142857142857144
1,18,1,9500,1,1,126.0,1,38,37,5,5,114.8,1,0,0,1,0,0,20,0,0,8,8,7,14.40285714,0,0,8,8,7,14.40285714,0,10.8,1.4,1.74,0.0,0.7777777777777778,1,11.20222222
1,1,2,9500,1,1,131.0,1,19,19,7,5,122.1,1,0,0,1,0,0,18,0,0,7,8,7,14.13125,0,0,8,8,8,13.98375,0,15.5,2.8,-4.06,-0.14749999999999908,0.8888888888888888,1,12.36484375
1,1,3,9147,1,1,131.0,1,19,38,9,7,132.4,1,0,0,1,0,0,19,0,0,5,5,5,11.8,0,0,5,8,4,11.25,0,9.4,-0.8,-3.12,-0.5500000000000007,0.6666666666666666,1,9.833333333333334
1,43,1,9853,1,1,140.0,1,37,19,9,8,122.3,0,0,0,1,0,0,22,0,0,6,9,5,13.6,0,0,6,8,5,12.0,0,12.7,3.7,-1.7,-1.5999999999999996,0.7142857142857143,1,9.714285714285714
1,17,1,9773,1,1,125.0,1,37,37,5,7,120.1,0,0,0,1,0,1,18,0,0,6,7,6,12.5,0,0,6,8,6,13.33333333,0,16.2,0.3,-0.92,0.8333333300000003,0.8571428571428571,0,10.714285714285714
1,1,1,9130,1,1,160.0,1,3,3,3,2,155.1,1,0,0,1,0,0,20,0,0,5,5,5,16.4,0,0,5,5,5,14.6,0,12.7,3.7,-1.7,-1.799999999999999,0.8333333333333334,1,13.666666666666666
1,17,1,9238,1,1,144.0,1,3,1,2,3,126.9,0,0,0,1,0,0,19,0,0,6,8,5,10.6,0,0,6,11,4,10.5,0,15.5,2.8,-4.06,-0.09999999999999964,0.5714285714285714,1,7.571428571428571
1,17,1,9238,1,1,148.0,1,1,1,4,9,129.8,0,0,0,1,0,0,20,0,0,6,11,5,10.6,0,0,6,11,4,10.4,0,15.5,2.8,-4.06,-0.1999999999999993,0.5714285714285714,1,7.571428571428571
1,17,3,9500,1,1,144.0,1,1,37,9,9,126.5,1,0,0,1,0,1,20,0,0,8,8,7,13.48714286,0,0,8,8,7,13.48714286,0,10.8,1.4,1.74,0.0,0.7777777777777778,0,10.490000002222223
1,1,1,9254,1,1,132.0,1,19,38,9,7,120.1,0,0,0,1,0,1,20,0,0,6,6,6,12.33333333,0,0,6,7,6,11.83333333,0,13.9,-0.3,0.79,-0.5,0.8571428571428571,0,10.571428568571429
1,1,1,9670,1,1,142.0,1,38,19,7,10,128.4,0,0,0,1,0,0,23,0,0,6,11,6,11.875,0,0,6,9,5,12.83333333,0,11.1,0.6,2.02,0.9583333300000003,0.7142857142857143,1,10.178571428571429
1,1,2,9500,1,1,136.0,1,19,19,9,9,140.0,1,0,0,1,0,0,20,0,0,7,7,6,13.96666667,0,0,7,7,6,13.96666667,0,7.6,2.6,0.32,0.0,0.75,1,10.4750000025
1,1,1,9670,1,1,122.0,1,1,19,3,5,116.8,1,0,0,1,0,0,21,0,0,5,8,4,11.5,0,0,5,5,5,12.8,0,7.6,2.6,0.32,1.3000000000000007,0.8333333333333334,1,7.666666666666666
1,1,1,9500,1,1,117.0,1,3,1,3,3,113.2,0,1,0,1,0,0,18,0,0,7,10,6,11.98,0,0,8,11,7,13.225,0,16.2,0.3,-0.92,1.2449999999999992,0.7777777777777778,1,8.985
1,1,1,9500,1,1,136.0,1,1,1,4,4,123.8,0,0,0,1,0,0,19,0,0,7,10,6,11.61428571,0,0,8,8,8,14.0375,0,13.9,-0.3,0.79,2.423214289999999,0.8888888888888888,1,8.7107142825
1,17,1,9853,1,1,126.0,1,1,37,7,9,132.7,0,0,0,1,0,1,18,0,0,6,7,6,12.66666667,0,0,6,7,5,12.2,0,10.8,1.4,1.74,-0.4666666700000004,0.7142857142857143,0,10.85714286
1,17,3,9500,1,1,132.0,1,37,37,9,7,128.3,1,0,0,1,0,1,19,0,0,7,8,7,14.70625,0,0,8,8,8,14.4775,0,15.5,2.8,-4.06,-0.22875000000000156,0.8888888888888888,0,12.867968750000001
1,1,3,9500,1,1,128.0,1,38,38,5,5,118.6,1,0,0,1,0,1,19,0,0,7,9,6,11.81428571,0,0,8,8,7,13.54285714,0,13.9,-0.3,0.79,1.7285714300000006,0.7777777777777778,0,8.8607142825
1,1,1,9670,1,1,125.0,1,37,37,5,5,124.0,0,0,0,1,0,0,19,0,0,6,7,6,14.85714286,0,0,6,6,6,13.33333333,0,12.4,0.5,1.79,-1.5238095299999994,0.8571428571428571,1,12.734693879999998
1,1,1,9853,1,1,126.0,1,3,1,2,5,116.9,1,1,0,1,0,0,18,0,0,7,10,6,10.66666667,0,0,7,12,6,12.83333333,0,13.9,-0.3,0.79,2.1666666600000006,0.75,1,8.0000000025
1,17,1,9254,1,1,122.0,1,1,19,4,3,130.4,1,0,0,1,0,0,18,0,0,6,10,5,11.8,0,0,6,10,5,12.2,0,11.1,0.6,2.02,0.3999999999999986,0.7142857142857143,1,8.428571428571429
1,17,1,9070,1,1,126.0,1,19,38,9,7,118.7,0,0,0,1,0,0,18,0,0,6,7,5,11.8,0,0,6,6,6,12.66666667,0,16.2,0.3,-0.92,0.866666669999999,0.8571428571428571,1,8.428571428571429
1,17,1,9500,1,1,128.0,1,38,38,7,7,131.5,0,0,0,1,0,0,18,0,0,8,8,8,12.77125,0,0,8,8,8,12.77125,0,9.4,-0.8,-3.12,0.0,0.8888888888888888,1,11.352222222222222
1,17,2,9254,1,1,128.0,1,38,38,9,9,129.1,1,0,0,1,0,0,18,0,0,6,6,6,12.66666667,0,0,6,7,5,14.6,0,11.1,0.6,2.02,1.93333333,0.7142857142857143,1,10.85714286
1,1,2,9500,1,1,135.0,1,37,1,7,7,132.8,1,0,0,1,0,1,18,0,0,8,12,7,11.72142857,0,0,8,12,7,11.72142857,0,12.7,3.7,-1.7,0.0,0.7777777777777778,0,9.116666665555556
1,1,2,9773,1,1,138.0,1,19,1,9,3,133.5,1,0,0,1,0,0,18,0,0,6,6,6,12.66666667,0,0,6,6,6,13.66666667,0,12.7,3.7,-1.7,1.0,0.8571428571428571,1,10.85714286
1,39,2,9670,1,1,140.0,1,34,34,0,0,100.0,0,0,0,1,0,0,28,0,0,5,6,4,12.5,0,0,5,7,4,11.75,0,7.6,2.6,0.32,-0.75,0.6666666666666666,1,8.333333333333332
1,17,2,9853,1,1,138.0,1,1,1,9,4,123.0,1,0,0,1,0,0,23,0,0,6,10,5,12.8,0,0,6,9,3,11.66666667,0,10.8,1.4,1.74,-1.133333330000001,0.42857142857142855,1,9.142857142857144
1,17,2,9853,1,1,118.0,1,37,37,9,9,112.1,1,0,0,1,0,0,23,0,0,6,11,4,11.25,0,0,6,10,5,10.2,0,7.6,2.6,0.32,-1.0500000000000007,0.7142857142857143,1,6.428571428571428
1,1,1,9130,1,1,154.0,1,3,3,2,2,137.2,1,0,1,1,1,0,18,0,0,6,11,5,13.625,0,0,6,9,4,11.75,0,16.2,0.3,-0.92,-1.875,0.5714285714285714,2,9.732142857142858
1,17,1,9147,1,1,126.0,1,37,37,4,7,116.9,0,0,0,1,1,1,19,0,0,5,12,3,11.66666667,0,0,5,10,3,11.66666667,0,12.7,3.7,-1.7,0.0,0.5,0,5.833333335
1,1,2,9500,1,1,145.0,1,4,2,2,3,127.3,1,0,0,1,1,0,18,0,0,8,8,7,11.69,0,0,8,8,7,11.69,0,10.8,1.4,1.74,0.0,0.7777777777777778,1,9.092222222222222
1,43,1,9991,0,1,150.0,1,3,3,4,4,100.0,1,0,0,1,1,0,24,0,0,5,10,4,11.5,0,0,5,11,5,11.28571429,0,13.9,-0.3,0.79,-0.2142857100000004,0.8333333333333334,1,7.666666666666666
1,17,1,9254,1,1,127.0,1,3,19,4,4,116.9,0,0,0,1,1,0,21,0,0,6,7,5,11.0,0,0,6,7,5,12.4,0,15.5,2.8,-4.06,1.4000000000000004,0.7142857142857143,1,7.857142857142858
1,18,3,9773,1,1,128.0,1,19,1,9,9,122.1,1,0,0,1,1,0,19,0,0,6,9,4,12.5,0,0,6,6,6,11.33333333,0,10.8,1.4,1.74,-1.1666666699999997,0.8571428571428571,1,7.142857142857142
1,39,1,9500,1,1,127.0,1,19,19,5,5,160.0,0,0,0,1,1,0,28,0,0,7,7,7,14.52857143,0,0,8,11,8,15.01818182,0,16.2,0.3,-0.92,0.48961039000000106,0.8888888888888888,1,12.71250000125
1,1,1,9147,1,1,117.0,1,19,19,5,7,118.4,0,0,0,1,1,0,20,0,0,5,8,5,10.0,0,0,5,10,2,12.0,0,7.6,2.6,0.32,2.0,0.3333333333333333,1,8.333333333333334
1,1,1,9500,1,1,154.0,1,1,1,5,3,144.9,0,0,0,1,1,1,18,0,0,7,7,7,15.95714286,0,0,8,9,8,15.18888889,0,16.2,0.3,-0.92,-0.76825397,0.8888888888888888,0,13.962500002499999
1,17,2,9119,1,1,127.0,1,19,1,9,10,121.1,1,0,0,1,1,1,18,0,0,5,6,5,13.2,0,0,5,8,5,12.6,0,8.9,1.4,3.51,-0.5999999999999996,0.8333333333333334,0,11.0
1,1,2,9147,1,1,133.0,1,19,1,5,10,121.8,0,0,0,1,1,0,20,0,0,5,9,4,10.2,0,0,5,6,3,11.0,0,15.5,2.8,-4.06,0.8000000000000007,0.5,1,6.799999999999999
1,1,1,9670,1,1,133.1,1,38,19,5,6,138.0,0,0,1,1,1,0,22,0,0,6,8,6,12.625,0,0,6,11,2,14.5,0,11.1,0.6,2.02,1.875,0.2857142857142857,2,10.821428571428571
1,17,2,9147,1,1,125.0,1,19,38,9,7,116.3,1,0,0,1,1,0,19,0,0,5,8,5,13.25,0,0,5,8,5,11.0,0,13.9,-0.3,0.79,-2.25,0.8333333333333334,1,11.041666666666668
1,17,1,9147,1,1,130.0,1,19,1,7,4,117.8,1,0,0,1,1,0,20,0,0,5,8,3,11.0,0,0,5,11,3,12.0,0,10.8,1.4,1.74,1.0,0.5,1,5.5
1,42,1,9500,1,1,111.0,1,1,3,9,10,128.2,1,0,0,1,1,0,23,0,0,8,8,8,12.5075,0,0,8,8,8,12.5075,0,9.4,-0.8,-3.12,0.0,0.8888888888888888,1,11.117777777777777
1,39,1,9991,0,1,139.0,1,1,1,4,10,140.7,0,0,0,1,1,0,25,0,0,5,13,1,10.0,0,0,5,8,2,11.33333333,0,12.4,0.5,1.79,1.3333333300000003,0.3333333333333333,1,1.6666666666666665
1,1,1,9130,1,1,132.0,1,19,38,9,9,130.4,1,0,0,1,1,0,18,0,0,6,6,6,13.5,0,0,6,9,5,13.2,0,8.9,1.4,3.51,-0.3000000000000007,0.7142857142857143,1,11.571428571428571
1,39,1,9670,1,1,133.1,1,19,19,3,9,118.0,0,0,0,1,1,0,27,0,0,6,7,6,14.0,0,0,6,7,6,14.71428571,0,8.9,1.4,3.51,0.7142857100000004,0.8571428571428571,1,12.0
1,39,1,9003,1,1,120.0,1,3,4,2,2,120.0,0,0,0,1,1,0,27,0,0,6,10,5,13.0,0,0,6,13,5,11.5,0,16.2,0.3,-0.92,-1.5,0.7142857142857143,1,9.285714285714286
1,1,2,9500,1,1,149.0,1,3,1,9,9,137.5,0,0,0,1,1,0,19,0,0,8,8,7,13.82857143,0,0,8,8,7,13.82857143,0,12.7,3.7,-1.7,0.0,0.7777777777777778,1,10.755555556666668
1,17,1,9670,1,1,141.0,1,1,19,8,7,128.8,1,0,0,1,0,0,19,0,0,6,6,6,14.83333333,0,0,6,8,6,13.28571429,0,8.9,1.4,3.51,-1.5476190400000007,0.8571428571428571,1,12.714285711428571
1,1,1,9147,1,1,148.0,1,37,38,9,8,133.0,1,0,0,1,0,0,18,0,0,5,10,4,12.0,0,0,5,9,4,12.8,0,13.9,-0.3,0.79,0.8000000000000007,0.6666666666666666,1,8.0
1,1,1,9147,1,1,143.0,1,1,19,3,3,133.9,0,0,0,1,0,1,18,0,0,5,5,5,15.0,0,0,5,5,5,15.2,0,12.7,3.7,-1.7,0.1999999999999993,0.8333333333333334,0,12.5
1,17,1,9773,1,1,121.0,1,38,38,9,8,120.4,1,0,0,1,0,1,18,0,0,6,6,6,12.83333333,0,0,6,7,6,12.28571429,0,15.5,2.8,-4.06,-0.5476190400000007,0.8571428571428571,0,10.999999997142856
1,1,3,9254,1,1,122.0,1,37,37,9,3,124.5,1,0,0,1,0,0,19,0,0,6,12,6,11.66666667,0,0,6,14,3,12.0,0,7.6,2.6,0.32,0.3333333300000003,0.42857142857142855,1,10.000000002857142
1,1,2,9670,1,1,123.0,1,19,1,9,3,117.8,1,0,0,1,0,0,18,0,0,6,6,6,13.83333333,0,0,6,11,6,14.55555556,0,10.8,1.4,1.74,0.7222222299999999,0.8571428571428571,1,11.857142854285714
1,1,1,9500,1,1,133.0,1,3,19,2,8,126.7,0,0,0,1,0,0,19,0,0,7,12,4,12.45,0,0,7,11,5,11.7,0,16.2,0.3,-0.92,-0.75,0.625,1,6.225
1,17,1,9670,1,1,155.0,1,1,19,4,8,134.7,1,0,0,1,0,0,20,0,0,6,8,5,13.4,0,0,6,10,4,13.0,0,12.7,3.7,-1.7,-0.40000000000000036,0.5714285714285714,1,9.571428571428571
1,17,1,9003,1,1,119.0,1,37,37,4,6,113.2,0,0,1,1,0,0,20,0,0,6,8,6,13.33333333,0,0,6,8,5,14.0,0,11.1,0.6,2.02,0.6666666699999997,0.7142857142857143,2,11.428571425714285
1,17,1,9853,1,1,133.1,1,38,12,7,0,111.5,0,0,0,0,0,1,20,0,0,6,10,4,12.0,0,0,6,14,3,10.0,0,7.6,2.6,0.32,-2.0,0.42857142857142855,1,6.857142857142857
1,17,1,9670,1,1,149.0,1,19,37,7,4,134.3,0,1,0,1,0,0,20,0,0,6,7,6,12.66666667,0,0,6,9,6,13.77777778,0,10.8,1.4,1.74,1.1111111099999995,0.8571428571428571,1,10.85714286
1,1,1,9500,1,1,143.0,1,1,37,3,8,128.0,0,0,0,1,0,1,18,0,0,7,9,7,13.05555556,0,0,8,8,8,15.8125,0,13.9,-0.3,0.79,2.75694444,0.8888888888888888,0,11.423611115
1,43,3,9500,1,1,126.0,1,38,37,6,5,124.3,1,0,0,1,0,1,18,0,0,7,8,5,11.98,0,0,7,8,5,11.98,0,7.6,2.6,0.32,0.0,0.625,0,7.487500000000001
1,1,1,9070,1,1,116.0,1,1,1,1,1,110.8,1,0,0,1,0,0,20,0,0,6,6,6,12.83333333,0,0,6,10,6,11.16666667,0,12.4,0.5,1.79,-1.6666666600000006,0.8571428571428571,1,10.999999997142856
1,17,3,9147,1,1,118.0,1,1,19,5,7,118.0,0,0,0,1,0,0,20,0,0,5,11,4,11.0,0,0,5,7,5,13.2,0,12.4,0.5,1.79,2.1999999999999993,0.8333333333333334,1,7.333333333333333
1,1,1,9500,1,1,130.0,1,19,37,9,9,117.8,1,0,0,1,0,1,19,0,0,8,8,7,12.35714286,0,0,8,8,7,12.35714286,0,12.7,3.7,-1.7,0.0,0.7777777777777778,0,9.611111113333333
1,17,1,9500,1,1,143.0,1,37,37,9,8,130.6,1,0,0,1,0,0,20,0,0,7,8,7,12.84714286,0,0,8,10,8,13.78888889,0,16.2,0.3,-0.92,0.9417460300000009,0.8888888888888888,1,11.2412500025
1,17,2,9500,1,1,137.0,1,19,37,4,7,126.3,1,0,0,1,0,1,19,0,0,7,9,6,12.34,0,0,8,9,8,13.01875,0,11.1,0.6,2.02,0.6787500000000009,0.8888888888888888,0,9.254999999999999
1,1,1,9773,1,1,133.1,1,3,19,4,5,105.0,1,0,0,1,0,0,20,0,0,6,6,6,13.83333333,0,0,6,6,6,12.5,0,12.7,3.7,-1.7,-1.3333333300000003,0.8571428571428571,1,11.857142854285714
1,17,2,9147,1,1,116.0,1,1,38,4,3,114.6,1,0,0,1,0,0,19,0,0,5,15,2,10.75,0,0,5,11,2,10.0,0,13.9,-0.3,0.79,-0.75,0.3333333333333333,1,3.583333333333333
1,17,1,9500,1,1,137.0,1,38,37,7,5,131.0,1,0,0,1,0,1,18,0,0,8,8,8,13.73125,0,0,8,8,8,13.73125,0,9.4,-0.8,-3.12,0.0,0.8888888888888888,0,12.205555555555554
1,1,1,9853,1,1,133.1,1,19,19,9,8,132.0,1,0,0,1,0,0,21,0,0,6,8,5,12.0,0,0,6,9,5,10.8,0,12.7,3.7,-1.7,-1.1999999999999993,0.7142857142857143,1,8.571428571428571
1,1,3,9500,1,1,106.0,1,19,37,9,7,109.5,1,0,0,1,0,0,19,0,0,7,8,7,13.025,0,0,8,9,8,13.81111111,0,13.9,-0.3,0.79,0.7861111100000002,0.8888888888888888,1,11.396875
1,17,2,9773,1,1,125.0,1,1,38,5,6,115.9,1,0,0,1,0,0,18,0,0,6,6,6,13.0,0,0,6,6,6,14.16666667,0,12.4,0.5,1.79,1.1666666699999997,0.8571428571428571,1,11.142857142857142
1,1,1,9773,1,1,134.0,1,19,37,9,9,131.6,1,1,0,1,0,0,19,0,0,6,10,5,11.8,0,0,6,10,5,12.0,0,10.8,1.4,1.74,0.1999999999999993,0.7142857142857143,1,8.428571428571429
1,39,1,9500,1,1,133.1,1,19,37,9,9,120.0,0,0,0,1,0,1,25,0,0,8,8,7,12.04285714,0,0,8,8,7,12.04285714,0,12.7,3.7,-1.7,0.0,0.7777777777777778,0,9.366666664444445
1,1,2,9853,1,1,117.0,1,1,38,4,9,109.7,1,0,0,1,0,0,19,0,0,6,9,5,12.2,0,0,6,10,4,13.0,0,9.4,-0.8,-3.12,0.8000000000000007,0.5714285714285714,1,8.714285714285714
1,1,1,9500,1,1,136.0,1,1,19,5,7,136.4,0,0,0,1,0,1,19,0,0,7,8,7,12.8375,0,0,8,8,8,15.5,0,13.9,-0.3,0.79,2.6624999999999996,0.8888888888888888,0,11.2328125
1,1,1,9670,1,1,135.0,1,37,37,9,7,132.6,1,0,0,1,0,1,18,0,0,6,7,6,13.5,0,0,6,9,5,14.0,0,8.9,1.4,3.51,0.5,0.7142857142857143,0,11.571428571428571
1,39,1,9991,0,1,120.0,1,38,1,9,4,123.2,0,0,0,1,0,0,27,0,0,5,9,3,10.66666667,0,0,5,7,4,11.4,0,10.8,1.4,1.74,0.7333333300000007,0.6666666666666666,1,5.333333335
1,17,3,9238,1,1,121.0,1,1,1,4,5,117.2,0,0,0,1,0,0,19,0,0,6,11,5,11.2,0,0,6,13,5,11.6,0,15.5,2.8,-4.06,0.40000000000000036,0.7142857142857143,1,8.0
1,18,1,9773,1,1,135.0,1,1,1,3,3,129.8,0,0,0,1,0,1,18,0,0,6,6,6,12.66666667,0,0,6,6,6,11.83333333,0,12.7,3.7,-1.7,-0.8333333399999994,0.8571428571428571,0,10.85714286
1,1,1,9147,1,1,129.0,1,37,38,4,9,121.0,1,0,0,1,0,0,18,0,0,5,8,2,10.5,0,0,5,7,3,12.33333333,0,7.6,2.6,0.32,1.8333333300000003,0.5,1,3.5
1,1,3,9500,1,1,143.0,1,37,38,7,7,133.8,1,0,0,1,0,0,18,0,0,8,8,8,14.26875,0,0,8,8,8,14.26875,0,9.4,-0.8,-3.12,0.0,0.8888888888888888,1,12.683333333333334
1,1,1,9147,1,1,130.0,1,19,37,9,9,131.8,1,0,0,1,0,1,19,0,0,5,8,2,10.5,0,0,5,11,3,13.33333333,0,7.6,2.6,0.32,2.8333333300000003,0.5,0,3.5
1,1,1,9238,1,1,135.0,1,37,1,3,5,121.0,0,0,0,1,0,0,21,0,0,6,11,5,11.2,0,0,6,15,1,10.0,0,7.6,2.6,0.32,-1.1999999999999993,0.14285714285714285,1,8.0
1,1,1,9670,1,1,117.0,1,1,38,5,1,113.5,1,0,0,1,0,0,20,0,0,5,6,4,11.5,0,0,5,5,4,10.75,0,9.4,-0.8,-3.12,-0.75,0.6666666666666666,1,7.666666666666666
1,17,1,9238,1,1,151.0,1,19,1,5,0,144.4,1,0,0,1,0,0,18,0,0,6,8,6,15.375,0,0,6,7,6,16.42857143,0,16.2,0.3,-0.92,1.0535714300000016,0.8571428571428571,1,13.178571428571427
1,1,1,9773,1,1,125.0,1,19,38,3,5,115.9,0,0,0,1,0,0,19,0,0,6,13,4,11.75,0,0,6,10,4,11.0,0,10.8,1.4,1.74,-0.75,0.5714285714285714,1,6.7142857142857135
1,1,1,9238,1,1,135.0,1,37,19,5,10,121.0,0,0,1,1,0,0,18,0,0,6,10,5,10.6,0,0,6,14,2,10.0,0,7.6,2.6,0.32,-0.5999999999999996,0.2857142857142857,2,7.571428571428571
1,43,1,9070,1,1,141.0,1,1,19,5,10,127.0,0,0,0,1,0,0,20,0,0,6,6,5,12.4,0,0,6,9,5,12.4,0,12.7,3.7,-1.7,0.0,0.7142857142857143,1,8.857142857142858
1,17,3,9500,1,1,143.0,1,3,3,9,7,129.0,1,0,0,1,1,0,19,0,0,7,8,7,13.3625,0,0,8,9,8,14.44444444,0,13.9,-0.3,0.79,1.0819444399999991,0.8888888888888888,1,11.692187500000001
1,17,2,9773,1,1,126.0,1,37,38,5,5,129.5,1,0,1,0,0,0,18,0,0,6,9,5,12.2,0,0,6,9,4,11.75,0,10.8,1.4,1.74,-0.4499999999999993,0.5714285714285714,3,8.714285714285714
1,1,1,9238,1,1,151.0,1,37,1,9,9,138.4,1,0,0,1,0,1,20,0,0,6,8,6,14.25,0,0,6,8,6,11.0,0,12.7,3.7,-1.7,-3.25,0.8571428571428571,0,12.214285714285714
1,1,2,9070,1,1,121.0,1,19,19,3,3,116.1,1,0,0,1,0,0,22,0,0,6,7,6,11.66666667,0,0,6,7,5,13.2,0,12.7,3.7,-1.7,1.5333333299999996,0.7142857142857143,1,10.000000002857142
1,1,1,9254,1,1,116.0,1,38,38,5,8,110.8,1,0,0,1,0,0,18,0,0,6,8,6,12.16666667,0,0,6,6,6,13.5,0,11.1,0.6,2.02,1.3333333300000003,0.8571428571428571,1,10.428571431428571
1,17,1,9853,1,1,147.0,1,37,37,9,9,142.8,1,0,0,1,0,0,23,0,0,6,11,2,10.0,0,0,6,15,2,11.0,0,7.6,2.6,0.32,1.0,0.2857142857142857,1,2.8571428571428568
1,1,1,9853,1,1,133.0,1,37,19,7,7,126.7,1,0,0,1,0,0,18,0,0,6,9,5,11.83333333,0,0,6,6,4,12.0,0,15.5,2.8,-4.06,0.16666666999999968,0.5714285714285714,1,8.45238095
1,17,3,9500,1,1,133.0,1,38,19,9,8,128.8,1,0,0,1,1,0,18,0,0,7,8,7,11.8375,0,0,8,9,8,12.48125,0,13.9,-0.3,0.79,0.6437499999999989,0.8888888888888888,1,10.3578125
1,1,1,9254,1,1,140.0,1,19,19,9,3,130.0,0,0,0,1,1,0,21,0,0,6,8,6,12.57142857,0,0,6,10,4,13.0,0,12.7,3.7,-1.7,0.42857142999999986,0.5714285714285714,1,10.775510202857143
1,1,1,9147,1,1,143.0,1,3,1,5,5,152.1,1,0,1,1,1,0,18,0,0,5,15,4,13.33333333,0,0,5,6,2,13.5,0,13.9,-0.3,0.79,0.16666666999999968,0.3333333333333333,2,8.888888886666667
1,1,1,9254,1,1,154.0,1,3,1,2,1,137.2,0,0,0,1,1,0,20,0,0,6,12,3,10.0,0,0,6,9,5,10.8,0,15.5,2.8,-4.06,0.8000000000000007,0.7142857142857143,1,4.285714285714286
1,1,1,9500,1,1,143.0,1,3,3,2,2,129.0,0,0,0,1,1,0,18,0,0,8,8,7,13.10571429,0,0,8,8,7,13.10571429,0,10.8,1.4,1.74,0.0,0.7777777777777778,1,10.193333336666667
1,43,1,9670,1,1,142.0,1,38,1,8,10,138.5,1,0,0,1,1,0,18,0,0,6,16,5,13.8,0,0,6,7,5,12.4,0,13.9,-0.3,0.79,-1.4000000000000004,0.7142857142857143,1,9.857142857142858
1,1,1,9254,1,1,115.0,1,19,1,3,7,113.6,0,0,0,1,1,0,23,0,0,6,10,6,13.0,0,0,6,9,6,12.0,0,11.1,0.6,2.02,-1.0,0.8571428571428571,1,11.142857142857142
1,43,1,9670,1,1,141.0,1,3,2,2,2,133.3,1,0,0,1,1,0,18,0,0,6,13,4,13.75,0,0,6,8,5,11.2,0,13.9,-0.3,0.79,-2.5500000000000007,0.7142857142857143,1,7.857142857142857
1,1,1,9773,1,1,120.0,1,19,37,9,9,118.3,0,0,1,0,1,1,18,0,0,6,11,5,12.16666667,0,0,6,15,3,12.0,0,13.9,-0.3,0.79,-0.16666666999999968,0.42857142857142855,2,8.690476192857142
1,1,1,9254,1,1,132.0,1,1,19,6,6,124.7,1,0,0,1,1,0,21,0,0,6,9,6,12.0,0,0,6,8,5,11.6,0,13.9,-0.3,0.79,-0.40000000000000036,0.7142857142857143,1,10.285714285714285
1,17,2,9670,1,1,110.0,1,3,3,4,10,115.6,1,0,0,1,1,0,21,0,0,6,10,6,11.875,0,0,6,8,5,12.0,0,11.1,0.6,2.02,0.125,0.7142857142857143,1,10.178571428571429
1,1,1,9254,1,1,136.0,1,3,3,2,2,128.7,0,0,0,1,1,0,19,0,0,6,7,6,14.42857143,0,0,6,6,6,12.5,0,8.9,1.4,3.51,-1.9285714299999999,0.8571428571428571,1,12.36734694
1,17,3,9500,1,1,142.0,1,3,3,3,3,132.9,1,0,0,1,1,0,18,0,0,7,8,5,14.2,0,0,7,9,6,12.4,0,12.4,0.5,1.79,-1.799999999999999,0.75,1,8.875
1,39,1,9991,0,1,150.0,1,1,19,4,8,123.0,0,0,0,1,1,0,27,0,0,5,8,4,11.5,0,0,5,9,3,10.33333333,0,12.7,3.7,-1.7,-1.1666666699999997,0.5,1,7.666666666666666
1,1,2,9500,1,1,134.0,1,1,1,5,3,128.4,1,0,0,1,0,0,18,0,0,7,7,7,13.47142857,0,0,8,9,8,13.94444444,0,16.2,0.3,-0.92,0.47301586999999934,0.8888888888888888,1,11.78749999875
1,1,2,9670,1,1,130.0,1,38,37,5,5,123.4,1,0,0,1,0,0,21,0,0,5,5,4,11.75,0,0,5,5,3,13.33333333,0,9.4,-0.8,-3.12,1.5833333300000003,0.5,1,7.833333333333333
1,1,1,9070,1,1,141.0,1,37,37,9,9,126.7,1,0,1,1,0,1,20,0,0,6,9,6,13.33333333,0,0,6,10,6,14.66666667,0,12.7,3.7,-1.7,1.3333333399999994,0.8571428571428571,1,11.428571425714285
1,42,1,9500,1,1,123.0,1,37,37,3,3,123.0,1,0,0,1,0,1,21,0,0,8,8,8,13.105,0,0,8,8,8,13.105,0,9.4,-0.8,-3.12,0.0,0.8888888888888888,0,11.648888888888889
1,1,3,9070,1,1,122.0,1,37,37,9,9,125.9,1,0,0,1,1,1,20,0,0,6,6,6,15.5,0,0,6,7,6,12.16666667,0,12.4,0.5,1.79,-3.3333333300000003,0.8571428571428571,0,13.285714285714285
1,1,1,9254,1,1,111.0,1,1,1,3,3,112.4,1,0,0,1,1,0,20,0,0,6,10,6,12.33333333,0,0,6,9,4,13.0,0,12.4,0.5,1.79,0.6666666699999997,0.5714285714285714,1,10.571428568571429
1,1,1,9085,1,1,134.0,1,1,1,9,9,133.0,1,0,0,1,0,1,20,0,0,6,8,6,15.14285714,0,0,6,8,6,15.14285714,0,11.1,0.6,2.02,0.0,0.8571428571428571,0,12.979591834285714
1,1,3,9500,1,1,136.0,1,1,19,4,9,131.1,1,0,0,1,0,0,19,0,0,7,9,6,13.41142857,0,0,8,12,7,13.29444444,0,15.5,2.8,-4.06,-0.11698413000000052,0.7777777777777778,1,10.0585714275
1,1,2,9238,1,1,129.0,1,38,1,4,10,129.4,1,0,0,1,0,0,18,0,0,6,7,6,12.33333333,0,0,6,7,6,12.16666667,0,9.4,-0.8,-3.12,-0.16666666000000063,0.8571428571428571,1,10.571428568571429
1,17,3,9773,1,1,123.0,1,1,19,5,5,117.4,1,0,0,1,0,1,18,0,0,6,6,6,12.5,0,0,6,6,6,13.83333333,0,16.2,0.3,-0.92,1.3333333300000003,0.8571428571428571,0,10.714285714285714
1,17,1,9773,1,1,150.0,1,38,38,7,7,137.8,1,0,0,1,0,1,18,0,0,6,6,6,15.0,0,0,6,6,6,15.5,0,8.9,1.4,3.51,0.5,0.8571428571428571,0,12.857142857142856
1,17,1,9670,1,1,113.0,1,1,1,5,4,106.7,1,0,1,1,0,0,20,0,0,6,10,2,11.66666667,0,0,6,10,4,10.5,0,15.5,2.8,-4.06,-1.1666666699999997,0.5714285714285714,2,3.333333334285714
1,1,1,9500,1,1,152.0,1,19,37,3,8,156.9,0,0,0,1,0,1,18,0,0,7,10,7,14.668,0,0,8,8,8,14.63375,0,15.5,2.8,-4.06,-0.034250000000000114,0.8888888888888888,0,12.834499999999998
1,1,2,9773,1,1,130.0,1,1,34,9,9,124.8,1,0,0,1,0,1,20,0,0,6,7,5,12.8,0,0,6,6,6,12.33333333,0,12.4,0.5,1.79,-0.4666666700000004,0.8571428571428571,0,9.142857142857144
1,1,1,9238,1,1,121.0,1,1,1,1,1,115.1,1,0,0,1,0,0,19,0,0,6,10,6,10.83333333,0,0,6,7,6,12.14285714,0,11.1,0.6,2.02,1.30952381,0.8571428571428571,1,9.285714282857143
1,1,1,9070,1,1,153.0,1,3,3,1,2,146.7,1,0,0,1,0,0,18,0,0,6,6,6,13.66666667,0,0,6,6,5,14.0,0,12.7,3.7,-1.7,0.3333333300000003,0.7142857142857143,1,11.714285717142856
1,1,1,9500,1,1,148.0,1,3,1,4,5,132.8,0,0,0,1,0,0,18,0,0,8,8,7,14.53714286,0,0,8,8,7,14.53714286,0,10.8,1.4,1.74,0.0,0.7777777777777778,1,11.306666668888889
1,17,1,9773,1,1,138.0,1,1,19,9,9,124.0,0,0,0,1,0,1,19,0,0,6,6,6,13.16666667,0,0,6,6,6,13.83333333,0,11.1,0.6,2.02,0.6666666600000006,0.8571428571428571,0,11.285714288571429
1,17,1,9238,1,1,145.0,1,1,40,9,2,129.6,0,0,0,1,0,1,19,0,0,6,7,6,11.33333333,0,0,6,7,6,12.42857143,0,11.1,0.6,2.02,1.0952380999999995,0.8571428571428571,0,9.714285711428571
1,17,3,9238,1,1,118.0,1,3,1,2,5,110.0,1,0,0,1,0,0,18,0,0,6,6,6,12.0,0,0,6,6,5,13.6,0,8.9,1.4,3.51,1.5999999999999996,0.7142857142857143,1,10.285714285714285
1,1,3,9773,1,1,121.0,1,19,19,3,3,116.1,0,0,0,1,0,1,18,0,0,6,6,6,13.16666667,0,0,6,6,6,12.16666667,0,12.4,0.5,1.79,-1.0,0.8571428571428571,0,11.285714288571429
1,1,3,9773,1,1,135.0,1,38,38,5,8,133.3,1,0,0,1,0,1,18,0,0,6,6,6,14.83333333,0,0,6,6,6,14.16666667,0,8.9,1.4,3.51,-0.6666666600000006,0.8571428571428571,0,12.714285711428571
1,18,3,9500,1,1,145.0,1,1,1,4,8,133.6,1,0,0,1,0,0,18,0,0,7,8,7,13.08714286,0,0,8,8,8,12.95,0,11.1,0.6,2.02,-0.13714286000000087,0.8888888888888888,1,11.4512500025
1,1,1,9130,1,1,133.0,1,1,37,9,9,123.2,1,0,0,1,0,1,19,0,0,6,8,6,13.33333333,0,0,6,7,6,13.66666667,0,8.9,1.4,3.51,0.33333333999999937,0.8571428571428571,0,11.428571425714285
1,1,1,9853,1,1,127.0,1,3,1,3,7,137.2,1,0,0,1,0,0,18,0,0,6,7,6,12.16666667,0,0,6,10,4,12.75,0,10.8,1.4,1.74,0.5833333300000003,0.5714285714285714,1,10.428571431428571
1,1,1,9773,1,1,141.0,1,38,38,9,9,128.4,1,0,0,1,0,0,18,0,0,6,6,6,15.5,0,0,6,6,6,14.0,0,11.1,0.6,2.02,-1.5,0.8571428571428571,1,13.285714285714285
1,1,3,9853,1,1,122.0,1,1,3,5,3,113.6,0,0,0,1,0,0,19,0,0,7,7,7,13.85714286,0,0,7,7,7,14.28571429,0,11.1,0.6,2.02,0.42857142999999986,0.875,1,12.1250000025
1,17,2,9147,1,1,118.0,1,19,1,9,3,113.5,1,0,1,1,0,0,20,0,0,5,10,2,11.5,0,0,5,8,3,10.0,0,11.1,0.6,2.02,-1.5,0.5,2,3.833333333333333
1,17,3,9070,1,1,142.0,1,1,38,3,5,146.9,1,0,0,1,0,1,18,0,0,6,6,6,13.0,0,0,6,6,6,12.16666667,0,16.2,0.3,-0.92,-0.8333333300000003,0.8571428571428571,0,11.142857142857142
1,1,1,9130,1,1,143.0,1,3,3,2,10,141.3,0,0,1,0,0,0,23,0,0,6,10,6,14.0,0,0,6,11,4,13.0,0,11.1,0.6,2.02,-1.0,0.5714285714285714,3,12.0
1,17,2,9853,1,1,112.0,1,19,38,5,7,107.1,1,0,0,1,0,1,18,0,0,7,8,7,12.14285714,0,0,7,9,6,13.66666667,0,11.1,0.6,2.02,1.5238095299999994,0.75,0,10.6249999975
1,17,1,9500,1,1,135.0,1,19,38,9,9,129.2,0,0,0,1,0,1,18,0,0,7,7,7,14.14571429,0,0,8,9,8,13.62777778,0,11.1,0.6,2.02,-0.5179365100000002,0.8888888888888888,0,12.37750000375
1,1,1,9500,1,1,162.0,1,3,4,3,3,154.1,0,0,0,1,0,0,18,0,0,7,7,7,14.45,0,0,8,9,8,14.14444444,0,11.1,0.6,2.02,-0.30555556000000017,0.8888888888888888,1,12.643749999999999
1,1,1,9853,1,1,143.0,1,19,3,4,4,147.2,0,0,0,1,0,0,18,0,0,7,7,7,15.71428571,0,0,7,7,7,15.0,0,11.1,0.6,2.02,-0.7142857100000004,0.875,1,13.74999999625
1,51,1,9147,1,1,130.0,1,1,1,4,4,120.0,0,0,0,1,0,0,21,0,0,5,9,5,12.8,0,0,5,11,3,12.66666667,0,11.1,0.6,2.02,-0.13333333000000103,0.5,1,10.666666666666668
1,17,1,9070,1,1,136.0,1,1,37,4,5,130.8,0,0,0,1,0,0,20,0,0,6,6,6,12.5,0,0,6,8,6,11.5,0,10.8,1.4,1.74,-1.0,0.8571428571428571,1,10.714285714285714
1,16,1,9070,1,1,125.0,1,1,1,4,4,120.8,1,0,0,1,0,0,18,0,0,6,6,6,14.5,0,0,6,6,6,12.83333333,0,12.4,0.5,1.79,-1.6666666699999997,0.8571428571428571,1,12.428571428571427
1,17,2,9500,1,1,132.0,1,19,37,3,5,125.4,1,0,0,0,0,1,20,0,0,7,7,7,13.46285714,0,0,8,10,7,13.16428571,0,11.1,0.6,2.02,-0.29857143000000086,0.7777777777777778,1,11.779999997500001
1,1,1,9147,1,1,142.0,1,19,19,9,9,127.0,1,0,0,1,0,1,18,0,0,5,10,5,12.0,0,0,5,8,4,11.6,0,13.9,-0.3,0.79,-0.40000000000000036,0.6666666666666666,0,10.0
1,1,2,9238,1,1,133.1,1,19,19,9,9,106.0,1,0,0,1,0,1,20,0,0,6,7,6,12.57142857,0,0,6,7,6,13.28571429,0,12.4,0.5,1.79,0.7142857199999995,0.8571428571428571,0,10.775510202857143
1,17,3,9670,1,1,125.0,1,1,3,4,3,117.3,1,0,0,1,0,0,18,0,0,6,8,6,14.0,0,0,6,9,5,14.0,0,8.9,1.4,3.51,0.0,0.7142857142857143,1,12.0
1,17,1,9853,1,1,127.0,1,1,1,5,7,121.4,1,0,0,1,0,0,18,0,0,7,8,7,11.57142857,0,0,7,9,6,13.16666667,0,11.1,0.6,2.02,1.5952380999999995,0.75,1,10.12499999875
1,1,3,9070,1,1,132.0,1,1,3,9,7,126.1,1,0,0,1,0,1,18,0,0,6,6,6,15.83333333,0,0,6,6,6,15.33333333,0,11.1,0.6,2.02,-0.5,0.8571428571428571,0,13.571428568571427
1,17,1,9254,1,1,136.0,1,39,3,3,3,128.7,1,0,0,1,0,0,20,0,0,6,8,6,11.66666667,0,0,6,10,6,11.0,0,13.9,-0.3,0.79,-0.6666666699999997,0.8571428571428571,1,10.000000002857142
1,1,3,9119,1,1,133.0,1,3,1,3,4,121.8,1,0,0,1,1,0,18,0,0,5,9,4,12.0,0,0,5,10,2,11.0,0,8.9,1.4,3.51,-1.0,0.3333333333333333,1,8.0
1,17,3,9119,1,1,138.0,1,3,3,3,4,125.4,1,1,0,1,1,0,19,0,0,5,10,3,13.33333333,0,0,5,9,4,10.75,0,8.9,1.4,3.51,-2.5833333300000003,0.6666666666666666,1,6.666666665
1,1,1,9147,1,1,125.0,1,38,1,3,10,114.5,1,0,0,1,1,0,19,0,0,5,5,5,13.8,0,0,5,7,5,12.4,0,9.4,-0.8,-3.12,-1.4000000000000004,0.8333333333333334,1,11.500000000000002
1,17,1,9147,1,1,116.0,1,3,1,3,4,115.7,0,0,0,0,1,0,22,0,0,5,10,4,11.5,0,0,5,11,4,14.0,0,8.9,1.4,3.51,2.5,0.6666666666666666,2,7.666666666666666
1,1,3,9500,1,1,147.0,1,37,38,9,5,134.8,1,0,0,1,0,0,18,0,0,7,7,6,14.01666667,0,0,7,7,6,14.01666667,0,7.6,2.6,0.32,0.0,0.75,1,10.5125000025
1,1,1,9238,1,1,143.0,1,38,34,9,9,133.6,1,0,0,1,0,0,18,0,0,6,9,5,11.4,0,0,6,8,5,10.8,0,9.4,-0.8,-3.12,-0.5999999999999996,0.7142857142857143,1,8.142857142857144
1,17,1,9147,1,1,118.0,1,19,19,9,9,122.2,0,0,0,1,0,0,19,0,0,5,11,3,10.66666667,0,0,5,9,4,10.25,0,11.1,0.6,2.02,-0.4166666699999997,0.6666666666666666,1,5.333333335
1,1,1,9085,1,1,122.0,1,1,1,2,5,113.3,1,0,0,1,0,0,18,0,0,5,9,4,14.25,0,0,5,8,5,12.71428571,0,10.8,1.4,1.74,-1.5357142899999996,0.8333333333333334,1,9.5
1,5,2,9853,1,1,122.0,1,19,19,4,5,112.6,1,0,0,1,0,0,22,0,0,6,10,5,12.6,0,0,6,9,4,11.25,0,12.7,3.7,-1.7,-1.3499999999999996,0.5714285714285714,1,9.0
1,1,1,9238,1,1,127.0,1,1,19,4,3,141.7,1,0,0,1,1,0,22,0,0,6,6,6,12.66666667,0,0,6,6,6,13.83333333,0,10.8,1.4,1.74,1.1666666600000006,0.8571428571428571,1,10.85714286
1,1,1,9773,1,1,108.0,1,34,38,0,3,105.9,0,0,0,1,1,0,20,0,0,6,11,4,10.75,0,0,6,13,2,10.0,0,7.6,2.6,0.32,-0.75,0.2857142857142857,1,6.142857142857142
1,18,2,9119,1,1,136.0,1,1,2,5,4,122.7,1,0,0,1,1,0,18,0,0,5,7,5,12.6,0,0,5,9,3,13.25,0,13.9,-0.3,0.79,0.6500000000000004,0.5,1,10.5
1,39,1,9670,1,1,133.1,1,38,19,9,8,122.9,0,0,1,0,1,0,25,0,0,6,7,3,14.0,0,0,6,9,2,14.5,0,13.9,-0.3,0.79,0.5,0.2857142857142857,3,6.0
1,18,1,9254,1,1,137.0,1,19,19,4,5,126.9,0,0,0,1,1,0,20,0,0,6,7,6,13.85714286,0,0,6,7,5,12.8,0,16.2,0.3,-0.92,-1.057142859999999,0.7142857142857143,1,11.877551022857142
1,1,1,9556,1,1,135.0,1,1,1,1,1,131.5,0,0,0,1,1,1,21,0,0,7,14,5,11.2,0,0,8,11,6,11.58333333,0,16.2,0.3,-0.92,0.383333330000001,0.6666666666666666,0,7.0
1,1,1,9500,1,1,138.0,1,38,38,9,9,126.8,0,0,0,1,1,1,19,0,0,7,9,7,14.24444444,0,0,8,12,8,12.23333333,0,15.5,2.8,-4.06,-2.01111111,0.8888888888888888,0,12.463888885000001
1,17,1,9070,1,1,119.0,1,38,19,9,9,115.2,0,0,0,1,1,1,21,0,0,6,8,4,11.5,0,0,6,7,5,11.0,0,15.5,2.8,-4.06,-0.5,0.7142857142857143,0,6.571428571428571
1,1,2,9670,1,1,135.0,1,19,19,7,10,121.4,0,0,0,1,1,0,19,0,0,5,7,3,12.33333333,0,0,5,5,5,11.6,0,9.4,-0.8,-3.12,-0.7333333300000007,0.8333333333333334,1,6.166666665
1,17,2,9070,1,1,126.0,1,38,38,9,8,129.9,1,0,0,1,1,1,19,0,0,6,6,6,13.66666667,0,0,6,7,5,13.2,0,12.4,0.5,1.79,-0.4666666700000004,0.7142857142857143,0,11.714285717142856
1,16,2,9500,1,1,127.0,1,2,38,4,9,119.0,1,0,0,1,0,1,19,0,0,8,12,7,12.6,0,0,8,12,7,12.6,0,10.8,1.4,1.74,0.0,0.7777777777777778,0,9.8
1,1,1,9500,1,1,136.0,1,19,19,4,7,136.0,0,0,0,1,0,1,19,0,0,7,7,7,14.01428571,0,0,8,8,8,15.35,0,13.9,-0.3,0.79,1.3357142900000003,0.8888888888888888,0,12.26249999625
1,1,3,9773,1,1,145.0,1,38,38,9,5,133.1,0,0,0,1,0,1,20,0,0,6,9,4,13.0,0,0,6,13,4,11.25,0,10.8,1.4,1.74,-1.75,0.5714285714285714,0,7.428571428571428
1,1,2,9773,1,1,159.0,1,1,19,9,9,151.3,1,0,0,1,0,0,18,0,0,6,6,6,14.0,0,0,6,6,6,14.66666667,0,10.8,1.4,1.74,0.6666666699999997,0.8571428571428571,1,12.0
1,43,1,9500,1,1,150.0,1,37,37,9,9,130.8,1,0,0,1,0,1,21,0,0,8,8,7,14.42857143,0,0,8,8,7,14.42857143,0,12.7,3.7,-1.7,0.0,0.7777777777777778,0,11.222222223333333
1,17,1,9773,1,1,120.0,1,37,37,5,5,125.3,0,0,0,1,0,0,18,0,0,6,9,6,12.5,0,0,6,9,6,13.0,0,7.6,2.6,0.32,0.5,0.8571428571428571,1,10.714285714285714
1,1,1,9254,1,1,112.0,1,38,19,9,5,113.8,1,0,0,1,0,0,21,0,0,6,10,6,10.83333333,0,0,6,10,4,11.0,0,7.6,2.6,0.32,0.16666666999999968,0.5714285714285714,1,9.285714282857143
1,17,1,9670,1,1,128.0,1,19,19,7,7,124.4,0,0,0,1,0,1,19,0,0,6,6,6,13.0,0,0,6,6,6,14.0,0,13.9,-0.3,0.79,1.0,0.8571428571428571,0,11.142857142857142
1,17,1,9147,1,1,114.0,1,19,19,9,7,107.7,0,0,0,1,0,0,19,0,0,5,7,2,10.0,0,0,5,11,2,14.0,0,10.8,1.4,1.74,4.0,0.3333333333333333,1,3.333333333333333
1,43,2,9238,1,1,118.0,1,38,38,5,5,110.0,0,0,0,1,0,1,19,0,0,6,8,6,11.42857143,0,0,6,11,5,11.2,0,10.8,1.4,1.74,-0.22857143000000057,0.7142857142857143,0,9.795918368571428
1,1,2,9500,1,1,145.0,1,37,1,9,4,138.8,1,0,0,1,0,1,18,0,0,7,7,6,12.95,0,0,7,7,6,12.95,0,7.6,2.6,0.32,0.0,0.75,0,9.712499999999999
1,1,3,9500,1,1,114.0,1,1,1,5,5,114.5,1,0,0,1,0,1,19,0,0,7,7,7,13.09428571,0,0,8,8,8,12.55,0,12.4,0.5,1.79,-0.5442857099999987,0.8888888888888888,0,11.45749999625
1,17,2,9238,1,1,145.0,1,19,38,7,6,128.6,1,0,0,1,0,1,19,0,0,6,12,5,11.71428571,0,0,6,11,6,11.0,0,12.7,3.7,-1.7,-0.7142857100000004,0.8571428571428571,0,8.367346935714286
1,1,1,9853,1,1,145.0,1,37,37,9,5,146.8,0,0,0,1,0,0,18,0,0,6,6,6,13.16666667,0,0,6,6,6,13.33333333,0,7.6,2.6,0.32,0.16666666000000063,0.8571428571428571,1,11.285714288571429
1,1,1,9085,1,1,128.0,1,19,1,5,4,135.7,1,0,0,1,0,0,20,0,0,5,7,4,12.75,0,0,5,5,5,13.4,0,10.8,1.4,1.74,0.6500000000000004,0.8333333333333334,1,8.5
1,39,1,9500,1,1,130.0,1,37,37,9,7,133.0,1,0,0,1,0,1,26,0,0,7,7,6,13.7,0,0,7,7,6,13.7,0,7.6,2.6,0.32,0.0,0.75,0,10.274999999999999
1,1,1,9853,1,1,115.0,1,19,38,9,9,108.0,0,0,0,1,0,1,19,0,0,7,10,6,13.0,0,0,7,7,7,13.28571429,0,12.4,0.5,1.79,0.2857142899999996,0.875,0,9.75
1,1,1,9773,1,1,145.0,1,19,38,4,10,131.7,1,0,0,1,0,0,18,0,0,6,7,6,12.66666667,0,0,6,8,4,12.25,0,7.6,2.6,0.32,-0.4166666699999997,0.5714285714285714,1,10.85714286
1,1,3,9773,1,1,110.0,1,19,19,5,5,105.5,1,0,0,1,0,0,19,0,0,6,6,6,13.0,0,0,6,8,5,12.4,0,12.4,0.5,1.79,-0.5999999999999996,0.7142857142857143,1,11.142857142857142
1,1,1,9238,1,1,128.0,1,37,19,9,4,127.3,1,0,0,1,0,1,19,0,0,6,8,6,14.0,0,0,6,8,6,12.28571429,0,16.2,0.3,-0.92,-1.7142857100000004,0.8571428571428571,0,12.0
1,16,1,9556,1,1,137.0,1,37,37,9,7,122.7,1,0,0,1,0,1,18,0,0,7,7,7,15.28571429,0,0,8,8,8,16.075,0,12.4,0.5,1.79,0.7892857099999997,0.8888888888888888,0,13.37500000375
1,17,2,9254,1,1,123.0,1,37,37,7,7,113.9,1,0,0,1,0,0,18,0,0,6,6,6,13.16666667,0,0,6,6,6,12.66666667,0,11.1,0.6,2.02,-0.5,0.8571428571428571,1,11.285714288571429
1,39,1,9991,0,1,130.0,1,37,37,9,9,120.2,1,0,0,1,1,0,30,0,0,5,7,5,11.0,0,0,5,5,5,11.6,0,7.6,2.6,0.32,0.5999999999999996,0.8333333333333334,1,9.166666666666668
1,17,1,9773,1,1,130.0,1,19,37,9,9,140.2,0,0,0,1,1,1,19,0,0,6,6,6,12.0,0,0,6,7,6,11.66666667,0,16.2,0.3,-0.92,-0.3333333300000003,0.8571428571428571,0,10.285714285714285
1,1,3,9773,1,1,115.0,1,38,1,9,4,116.1,1,0,0,1,1,0,19,0,0,6,6,6,12.5,0,0,6,7,5,13.0,0,12.4,0.5,1.79,0.5,0.7142857142857143,1,10.714285714285714
1,1,1,9147,1,1,150.0,1,1,19,5,5,137.8,1,0,0,1,1,1,19,0,0,5,6,5,13.2,0,0,5,6,5,12.66666667,0,16.2,0.3,-0.92,-0.5333333299999996,0.8333333333333334,0,11.0
1,1,1,9130,1,1,133.0,1,3,1,2,4,126.0,0,0,0,1,1,0,18,0,0,5,7,3,13.66666667,0,0,5,5,5,13.2,0,7.6,2.6,0.32,-0.4666666700000004,0.8333333333333334,1,6.833333335
1,1,1,9773,1,1,121.0,1,1,3,3,7,113.0,1,0,0,1,1,1,18,0,0,6,7,6,11.66666667,0,0,6,12,5,10.2,0,12.4,0.5,1.79,-1.4666666700000004,0.7142857142857143,0,10.000000002857142
1,39,1,9119,1,1,150.0,1,1,38,3,5,120.0,0,0,0,1,1,0,24,0,0,5,6,3,10.66666667,0,0,5,9,2,10.5,0,15.5,2.8,-4.06,-0.16666666999999968,0.3333333333333333,1,5.333333335
1,43,1,9670,1,1,130.0,1,34,34,0,0,114.8,0,0,0,1,1,0,25,0,0,5,5,4,13.75,0,0,5,5,4,14.75,0,7.6,2.6,0.32,1.0,0.6666666666666666,1,9.166666666666666
1,17,3,9119,1,1,120.0,1,1,19,9,3,116.9,1,0,1,0,1,0,18,0,0,5,10,3,12.0,0,0,5,8,3,10.33333333,0,8.9,1.4,3.51,-1.6666666699999997,0.5,3,6.0
1,1,1,9773,1,1,134.0,1,1,38,4,5,122.8,0,0,0,1,1,0,18,0,0,6,6,6,12.0,0,0,6,6,6,12.5,0,12.7,3.7,-1.7,0.5,0.8571428571428571,1,10.285714285714285
1,1,1,9147,1,1,128.0,1,1,1,2,10,116.5,0,0,0,1,1,0,19,0,0,5,8,2,10.0,0,0,5,8,1,16.0,0,7.6,2.6,0.32,6.0,0.16666666666666666,1,3.333333333333333
1,1,1,9500,1,1,154.0,1,19,19,3,3,142.0,0,0,0,1,1,0,19,0,0,8,8,7,13.71428571,0,0,8,8,7,13.71428571,0,12.7,3.7,-1.7,0.0,0.7777777777777778,1,10.666666663333334
1,1,1,9238,1,1,127.0,1,2,2,3,4,115.8,1,0,0,1,1,0,19,0,0,6,11,3,12.0,0,0,6,12,2,10.0,0,11.1,0.6,2.02,-2.0,0.2857142857142857,1,5.142857142857142
1,17,1,9500,1,1,130.0,1,1,3,9,2,128.6,1,0,0,1,0,0,18,0,0,7,7,7,14.72857143,0,0,8,11,8,16.32727273,0,16.2,0.3,-0.92,1.5987013,0.8888888888888888,1,12.88750000125
1,1,1,9130,1,1,135.0,1,3,3,2,2,137.1,1,0,0,1,0,0,18,0,0,6,8,6,12.0,0,0,6,8,5,14.8,0,12.4,0.5,1.79,2.8000000000000007,0.7142857142857143,1,10.285714285714285
1,1,1,9773,1,1,143.0,1,1,3,3,3,149.0,1,0,0,1,0,0,18,0,0,6,8,6,11.42857143,0,0,6,7,6,11.0,0,11.1,0.6,2.02,-0.42857142999999986,0.8571428571428571,1,9.795918368571428
1,17,1,9254,1,1,115.0,1,1,19,3,3,109.4,1,0,0,1,0,0,19,0,0,6,8,6,12.66666667,0,0,6,8,5,13.4,0,11.1,0.6,2.02,0.7333333300000007,0.7142857142857143,1,10.85714286
1,1,3,9070,1,1,146.0,1,34,34,0,0,143.6,1,0,0,1,0,0,18,0,0,6,6,6,12.5,0,0,6,6,6,13.0,0,7.6,2.6,0.32,0.5,0.8571428571428571,1,10.714285714285714
1,17,2,9147,1,1,122.0,1,19,19,7,7,116.1,1,0,0,1,0,1,19,0,0,5,8,5,11.2,0,0,5,5,3,11.0,0,12.4,0.5,1.79,-0.1999999999999993,0.5,0,9.333333333333334
1,17,3,9670,1,1,122.0,1,1,38,3,3,114.3,1,0,0,1,0,0,18,0,0,6,8,6,13.875,0,0,6,7,6,13.71428571,0,11.1,0.6,2.02,-0.1607142899999996,0.8571428571428571,1,11.892857142857142
1,1,2,9500,1,1,135.0,1,19,19,9,10,122.9,1,0,0,1,0,0,18,0,0,7,10,7,13.128,0,0,8,13,6,13.19333333,0,15.5,2.8,-4.06,0.06533332999999963,0.6666666666666666,1,11.487
1,17,1,9500,1,1,128.0,1,19,1,4,3,117.2,1,0,0,1,0,0,20,0,0,7,9,6,11.605,0,0,8,10,7,12.4125,0,16.2,0.3,-0.92,0.8074999999999992,0.7777777777777778,1,8.70375
1,17,1,9147,1,1,139.0,1,1,38,4,5,152.0,0,0,0,1,0,1,18,0,0,5,5,5,14.6,0,0,5,8,5,12.0,0,12.7,3.7,-1.7,-2.5999999999999996,0.8333333333333334,0,12.166666666666666
1,17,1,9254,1,1,116.0,1,19,19,9,8,119.9,1,0,0,1,0,0,20,0,0,6,6,6,12.33333333,0,0,6,6,6,12.33333333,0,12.4,0.5,1.79,0.0,0.8571428571428571,1,10.571428568571429
1,17,3,9773,1,1,132.0,1,1,1,4,9,124.3,1,0,1,1,0,1,19,0,0,6,6,6,11.83333333,0,0,6,7,6,12.28571429,0,15.5,2.8,-4.06,0.4523809599999993,0.8571428571428571,1,10.14285714
1,1,2,9500,1,1,126.0,1,1,38,4,7,124.3,1,0,0,1,0,1,20,0,0,8,8,8,12.98125,0,0,8,8,8,12.98125,0,9.4,-0.8,-3.12,0.0,0.8888888888888888,0,11.538888888888888
1,43,2,9500,1,1,120.0,1,41,3,2,2,112.7,0,0,0,1,0,0,21,0,0,8,12,6,11.68,0,0,8,12,6,11.68,0,10.8,1.4,1.74,0.0,0.6666666666666666,1,7.786666666666666
1,17,1,9070,1,1,116.0,1,38,38,9,9,123.7,0,0,0,1,0,0,20,0,0,6,6,6,14.5,0,0,6,7,6,13.5,0,11.1,0.6,2.02,-1.0,0.8571428571428571,1,12.428571428571427
1,17,2,9500,1,1,135.0,1,19,19,9,4,129.8,1,0,0,1,0,0,18,0,0,7,8,7,13.175,0,0,8,8,8,14.875,0,13.9,-0.3,0.79,1.6999999999999993,0.8888888888888888,1,11.528125000000001
1,1,2,9147,1,1,132.0,1,1,19,4,3,126.4,1,0,0,1,0,1,18,0,0,5,13,3,10.6,0,0,5,12,3,10.5,0,13.9,-0.3,0.79,-0.09999999999999964,0.5,0,5.3
1,1,1,9853,1,1,120.0,1,19,37,5,7,115.1,0,0,0,1,0,1,18,0,0,6,11,4,12.0,0,0,6,8,4,10.75,0,15.5,2.8,-4.06,-1.25,0.5714285714285714,0,6.857142857142857
1,1,1,9773,1,1,144.0,1,37,37,8,8,138.4,0,0,0,1,0,0,18,0,0,6,7,6,13.42857143,0,0,6,7,6,14.14285714,0,13.9,-0.3,0.79,0.7142857100000004,0.8571428571428571,1,11.510204082857141
1,17,1,9085,1,1,129.0,1,1,37,9,9,118.2,1,0,0,1,0,1,18,0,0,5,7,4,13.25,0,0,5,8,5,15.57142857,0,10.8,1.4,1.74,2.32142857,0.8333333333333334,0,8.833333333333332
1,1,3,9070,1,1,125.0,1,1,38,9,7,118.0,0,0,0,1,0,1,18,0,0,6,6,6,14.33333333,0,0,6,7,6,14.0,0,11.1,0.6,2.02,-0.3333333300000003,0.8571428571428571,0,12.285714282857143
1,1,1,9853,1,1,124.0,1,3,1,2,5,121.6,0,0,0,1,0,0,18,0,0,6,9,5,12.33333333,0,0,6,10,5,10.6,0,15.5,2.8,-4.06,-1.7333333300000007,0.7142857142857143,1,8.809523807142858
1,1,1,9500,1,1,133.0,1,1,19,9,6,121.5,1,0,0,1,0,1,20,0,0,7,8,6,12.39666667,0,0,8,9,7,12.94285714,0,11.1,0.6,2.02,0.5461904699999991,0.7777777777777778,0,9.2975000025
1,1,1,9500,1,1,143.0,1,38,38,5,5,133.9,0,0,0,1,0,0,18,0,0,7,7,7,15.01428571,0,0,8,8,8,16.0875,0,12.4,0.5,1.79,1.0732142899999992,0.8888888888888888,1,13.13749999625
1,17,2,9500,1,1,134.0,1,19,37,4,7,133.5,1,0,0,1,0,0,19,0,0,7,8,7,14.05,0,0,8,8,8,15.1,0,13.9,-0.3,0.79,1.049999999999999,0.8888888888888888,1,12.293750000000001
1,17,3,9500,1,1,138.0,1,3,3,4,5,130.0,1,0,0,1,0,0,18,0,0,7,8,7,14.85,0,0,8,8,8,15.2,0,13.9,-0.3,0.79,0.34999999999999964,0.8888888888888888,1,12.99375
1,1,2,9500,1,1,142.0,1,37,37,9,7,132.7,1,0,0,1,0,1,19,0,0,7,8,7,14.7875,0,0,8,8,8,15.8625,0,13.9,-0.3,0.79,1.075000000000001,0.8888888888888888,0,12.9390625
1,1,1,9500,1,1,118.0,1,19,19,5,7,117.8,0,0,0,1,0,1,19,0,0,7,7,7,13.7,0,0,8,9,7,14.67142857,0,12.4,0.5,1.79,0.9714285700000005,0.7777777777777778,0,11.987499999999999
1,1,2,9500,1,1,131.0,1,1,37,4,4,126.1,1,0,0,1,0,1,19,0,0,7,7,7,12.49571429,0,0,8,9,7,12.24285714,0,11.1,0.6,2.02,-0.25285715000000053,0.7777777777777778,0,10.933750003750001
1,1,1,9500,1,1,130.0,1,1,38,1,7,120.0,0,0,0,1,0,0,19,0,0,7,7,6,14.56666667,0,0,7,7,6,14.56666667,0,7.6,2.6,0.32,0.0,0.75,1,10.9250000025
1,1,1,9500,1,1,130.0,1,19,19,4,10,116.8,0,0,0,1,0,0,20,0,0,8,8,7,12.68571429,0,0,8,8,7,12.68571429,0,12.7,3.7,-1.7,0.0,0.7777777777777778,1,9.86666667
1,1,1,9500,1,1,149.0,1,19,1,4,4,134.8,0,0,0,1,0,0,18,0,0,8,8,8,14.445,0,0,8,8,8,14.445,0,9.4,-0.8,-3.12,0.0,0.8888888888888888,1,12.84
1,43,1,9500,1,1,128.0,1,1,19,9,8,100.0,1,0,0,1,0,0,20,0,0,7,8,7,13.1,0,0,8,8,8,14.8125,0,13.9,-0.3,0.79,1.7125000000000004,0.8888888888888888,1,11.4625
1,1,2,9670,1,1,111.0,1,19,19,9,9,114.2,1,0,0,1,0,0,18,0,0,6,9,4,13.2,0,0,6,10,5,12.8,0,12.4,0.5,1.79,-0.3999999999999986,0.7142857142857143,1,7.542857142857142
1,1,1,9500,1,1,140.0,1,1,1,4,4,123.5,1,0,0,1,0,1,19,0,0,8,8,8,14.75,0,0,8,8,8,14.75,0,9.4,-0.8,-3.12,0.0,0.8888888888888888,0,13.11111111111111
1,1,1,9853,1,1,145.0,1,38,37,5,5,142.2,0,0,0,1,0,0,19,0,0,6,9,4,12.5,0,0,6,9,5,12.5,0,9.4,-0.8,-3.12,0.0,0.7142857142857143,1,7.142857142857142
1,1,1,9238,1,1,132.0,1,37,37,9,5,135.9,0,0,0,1,0,0,18,0,0,6,11,5,12.4,0,0,6,7,6,13.0,0,9.4,-0.8,-3.12,0.5999999999999996,0.8571428571428571,1,8.857142857142858
1,1,2,9773,1,1,116.0,1,19,19,4,7,110.1,1,0,0,1,0,0,18,0,0,6,6,6,13.33333333,0,0,6,6,6,12.0,0,11.1,0.6,2.02,-1.3333333300000003,0.8571428571428571,1,11.428571425714285
1,17,1,9254,1,1,158.0,1,37,37,5,9,138.1,1,0,0,1,0,0,19,0,0,6,8,4,12.5,0,0,6,11,1,14.0,0,7.6,2.6,0.32,1.5,0.14285714285714285,1,7.142857142857142
1,1,2,9500,1,1,112.0,1,1,37,4,9,106.8,1,0,0,1,0,1,19,0,0,7,8,6,13.53333333,0,0,8,9,7,13.61428571,0,12.4,0.5,1.79,0.08095238000000116,0.7777777777777778,0,10.1499999975
1,1,1,9070,1,1,126.0,1,1,19,4,0,120.1,0,1,0,1,0,1,20,0,0,6,6,6,13.16666667,0,0,6,6,6,12.66666667,0,11.1,0.6,2.02,-0.5,0.8571428571428571,0,11.285714288571429
1,1,2,9254,1,1,120.0,1,19,19,9,9,116.5,1,0,0,1,0,1,19,0,0,6,9,5,13.2,0,0,6,8,5,11.0,0,12.4,0.5,1.79,-2.1999999999999993,0.7142857142857143,0,9.428571428571429
1,51,1,9070,1,1,117.0,1,5,1,2,10,120.0,1,0,0,1,0,0,21,0,0,6,7,5,12.2,0,0,6,7,4,12.6,0,8.9,1.4,3.51,0.40000000000000036,0.5714285714285714,1,8.714285714285714
1,1,1,9853,1,1,153.0,1,1,19,9,4,139.7,1,0,0,1,0,1,19,0,0,7,7,7,13.42857143,0,0,7,7,7,14.85714286,0,11.1,0.6,2.02,1.4285714299999999,0.875,0,11.75000000125
1,17,1,9670,1,1,126.0,1,12,38,9,5,122.2,0,0,0,1,0,1,19,0,0,6,6,6,13.66666667,0,0,6,9,6,13.66666667,0,8.9,1.4,3.51,0.0,0.8571428571428571,0,11.714285717142856
1,17,2,9853,1,1,114.0,1,1,1,4,0,108.8,1,0,0,1,0,0,18,0,0,7,11,5,11.4,0,0,7,9,6,13.33333333,0,13.9,-0.3,0.79,1.93333333,0.75,1,7.125
1,17,1,9130,1,1,130.0,1,1,1,4,5,123.8,0,0,0,1,0,0,18,0,0,5,7,4,12.0,0,0,5,6,5,12.0,0,7.6,2.6,0.32,0.0,0.8333333333333334,1,8.0
1,17,3,9238,1,1,143.0,1,37,38,0,7,126.9,1,0,0,1,0,0,18,0,0,6,14,5,11.0,0,0,6,6,6,11.66666667,0,7.6,2.6,0.32,0.6666666699999997,0.8571428571428571,1,7.857142857142858
1,17,3,9500,1,1,136.0,1,19,1,9,9,129.0,1,0,0,1,0,1,19,0,0,7,7,7,13.30857143,0,0,8,10,8,12.55,0,12.4,0.5,1.79,-0.7585714299999999,0.8888888888888888,0,11.64500000125
1,1,1,9853,1,1,125.0,1,37,37,9,9,114.9,1,0,1,0,0,0,21,0,0,6,8,3,13.66666667,0,0,6,7,3,10.66666667,0,15.5,2.8,-4.06,-3.0,0.42857142857142855,3,5.857142858571428
1,1,1,9254,1,1,130.0,1,37,38,9,9,133.9,1,0,0,1,0,0,18,0,0,6,10,5,12.2,0,0,6,8,4,11.25,0,9.4,-0.8,-3.12,-0.9499999999999993,0.5714285714285714,1,8.714285714285714
1,1,1,9773,1,1,135.0,1,1,4,5,3,124.9,0,0,0,1,0,1,20,0,0,6,7,6,12.66666667,0,0,6,6,6,12.83333333,0,10.8,1.4,1.74,0.16666666000000063,0.8571428571428571,0,10.85714286
1,1,2,9500,1,1,133.0,1,19,37,1,9,128.5,1,0,0,1,0,1,19,0,0,8,8,8,14.07125,0,0,8,8,8,14.07125,0,9.4,-0.8,-3.12,0.0,0.8888888888888888,0,12.507777777777775
1,1,2,9853,1,1,121.0,1,38,38,7,5,120.0,1,0,0,1,0,0,18,0,0,6,10,3,12.0,0,0,6,8,4,10.25,0,10.8,1.4,1.74,-1.75,0.5714285714285714,1,5.142857142857142
1,1,1,9238,1,1,128.0,1,19,19,0,5,120.3,1,0,0,1,0,0,19,0,0,6,12,2,13.0,0,0,6,8,5,11.6,0,7.6,2.6,0.32,-1.4000000000000004,0.7142857142857143,1,3.714285714285714
1,1,3,9500,1,1,135.0,1,38,19,8,8,126.3,1,0,1,1,0,1,18,0,0,7,8,7,12.65,0,0,8,9,8,12.44555556,0,15.5,2.8,-4.06,-0.20444443999999962,0.8888888888888888,1,11.06875
1,1,2,9500,1,1,113.0,1,38,19,9,7,106.7,1,0,0,1,0,1,20,0,0,7,10,5,12.62,0,0,7,8,6,12.5,0,11.1,0.6,2.02,-0.11999999999999922,0.75,0,7.887499999999999
1,39,1,9991,0,1,120.0,1,38,38,3,3,140.0,0,0,0,1,0,0,25,0,0,5,11,3,10.66666667,0,0,5,11,3,11.33333333,0,15.5,2.8,-4.06,0.6666666600000006,0.5,1,5.333333335
1,1,1,9500,1,1,145.0,1,19,19,9,7,136.6,0,0,0,1,0,1,19,0,0,7,12,6,13.76666667,0,0,8,10,7,14.05142857,0,15.5,2.8,-4.06,0.28476190000000123,0.7777777777777778,0,10.3250000025
1,18,1,9500,1,1,124.0,1,38,37,9,7,119.3,1,0,0,1,0,0,19,0,0,8,8,8,13.11625,0,0,8,8,8,13.11625,0,9.4,-0.8,-3.12,0.0,0.8888888888888888,1,11.658888888888889
1,1,1,9500,1,1,138.0,1,38,19,9,5,144.3,0,0,0,1,0,0,20,0,0,7,9,6,12.7,0,0,8,8,7,13.57142857,0,13.9,-0.3,0.79,0.8714285700000008,0.7777777777777778,1,9.524999999999999
1,17,1,9500,1,1,127.0,1,19,38,5,9,129.5,1,0,0,1,0,1,20,0,0,7,7,6,12.33333333,0,0,7,7,6,12.33333333,0,7.6,2.6,0.32,0.0,0.75,0,9.2499999975
1,1,3,9670,1,1,111.0,1,1,1,5,5,105.4,0,0,0,1,0,0,20,0,0,5,6,5,13.33333333,0,0,5,6,5,13.2,0,7.6,2.6,0.32,-0.13333333000000103,0.8333333333333334,1,11.111111108333334
1,1,1,9773,1,1,152.0,1,38,37,9,9,139.1,0,0,0,1,0,1,19,0,0,6,6,6,12.83333333,0,0,6,6,6,13.5,0,16.2,0.3,-0.92,0.6666666699999997,0.8571428571428571,0,10.999999997142856
1,1,2,9670,1,1,144.0,1,37,38,9,9,126.9,0,0,0,1,0,1,21,0,0,5,5,5,13.2,0,0,5,5,4,13.0,0,9.4,-0.8,-3.12,-0.1999999999999993,0.6666666666666666,0,11.0
1,1,1,9238,1,1,125.0,1,37,38,9,9,125.0,1,0,1,0,0,1,19,0,0,6,8,5,10.6,0,0,6,8,5,11.0,0,10.8,1.4,1.74,0.40000000000000036,0.7142857142857143,2,7.571428571428571
1,1,1,9147,1,1,150.0,1,37,37,9,6,138.5,0,0,0,1,0,1,18,0,0,5,5,5,14.0,0,0,5,6,5,13.6,0,12.4,0.5,1.79,-0.40000000000000036,0.8333333333333334,0,11.666666666666668
1,1,3,9500,1,1,145.0,1,19,37,7,7,141.5,1,0,0,1,0,1,18,0,0,8,8,8,13.05875,0,0,8,8,8,13.05875,0,9.4,-0.8,-3.12,0.0,0.8888888888888888,0,11.607777777777777
1,1,1,9500,1,1,145.0,1,19,1,9,5,145.0,0,0,0,1,0,1,18,0,0,7,7,7,14.07142857,0,0,8,8,8,15.1625,0,13.9,-0.3,0.79,1.0910714299999995,0.8888888888888888,0,12.31249999875
1,1,3,9070,1,1,136.0,1,37,38,9,9,125.2,1,0,0,1,0,1,18,0,0,6,6,6,14.0,0,0,6,8,6,13.625,0,10.8,1.4,1.74,-0.375,0.8571428571428571,0,12.0
1,1,1,9254,1,1,145.0,1,1,38,4,9,131.7,1,0,0,1,0,1,21,0,0,6,8,6,12.16666667,0,0,6,11,3,11.66666667,0,10.8,1.4,1.74,-0.5,0.42857142857142855,0,10.428571431428571
1,1,1,9085,1,1,149.0,1,19,19,4,6,147.6,1,0,0,1,0,0,20,0,0,6,14,6,13.92307692,0,0,6,9,6,14.25,0,15.5,2.8,-4.06,0.32692308000000025,0.8571428571428571,1,11.93406593142857
1,1,1,9670,1,1,128.0,1,1,1,2,2,130.8,1,0,0,1,0,0,20,0,0,5,5,4,15.0,0,0,5,5,4,13.75,0,7.6,2.6,0.32,-1.25,0.6666666666666666,1,10.0
1,1,1,9853,1,1,152.0,1,19,19,9,5,154.1,0,0,1,1,0,1,18,0,0,6,6,6,13.33333333,0,0,6,7,6,12.57142857,0,12.7,3.7,-1.7,-0.7619047600000002,0.8571428571428571,1,11.428571425714285
1,16,2,9147,1,1,132.0,1,37,37,9,9,122.6,1,0,0,1,0,1,20,0,0,5,8,3,12.0,0,0,5,9,4,12.625,0,10.8,1.4,1.74,0.625,0.6666666666666666,0,6.0
1,18,2,9853,1,1,120.0,1,1,1,9,0,115.8,0,0,0,1,0,0,18,0,0,7,12,6,12.0,0,0,7,11,6,12.16666667,0,13.9,-0.3,0.79,0.16666666999999968,0.75,1,9.0
1,1,1,9500,1,1,148.0,1,19,19,4,4,133.8,0,0,0,1,0,0,18,0,0,8,8,7,13.48571429,0,0,8,8,7,13.48571429,0,12.7,3.7,-1.7,0.0,0.7777777777777778,1,10.488888892222223
1,1,1,9070,1,1,130.0,1,12,19,4,5,118.5,0,1,0,1,0,1,18,0,0,6,6,6,12.0,0,0,6,8,6,11.28571429,0,8.9,1.4,3.51,-0.7142857100000004,0.8571428571428571,0,10.285714285714285
1,17,3,9147,1,1,112.0,1,1,19,3,5,107.8,1,0,0,1,0,0,19,0,0,5,7,3,10.33333333,0,0,5,11,3,14.42857143,0,10.8,1.4,1.74,4.0952380999999995,0.5,1,5.166666665
1,1,1,9500,1,1,138.0,1,38,1,9,4,127.5,1,0,0,1,0,0,19,0,0,7,10,5,12.94,0,0,7,7,5,13.76,0,16.2,0.3,-0.92,0.8200000000000003,0.625,1,8.0875
1,1,3,9500,1,1,135.0,1,1,37,7,7,120.5,1,0,0,1,0,0,19,0,0,8,11,7,13.25857143,0,0,8,11,7,13.25857143,0,10.8,1.4,1.74,0.0,0.7777777777777778,1,10.312222223333334
1,1,1,9147,1,1,118.0,1,1,2,10,10,117.3,1,0,0,1,0,0,19,0,0,5,9,4,12.25,0,0,5,10,4,12.0,0,8.9,1.4,3.51,-0.25,0.6666666666666666,1,8.166666666666666
1,17,1,9254,1,1,123.0,1,38,37,9,7,120.6,1,0,0,0,0,0,19,0,0,6,9,3,11.66666667,0,0,6,15,1,10.0,0,10.8,1.4,1.74,-1.6666666699999997,0.14285714285714285,2,5.000000001428571
1,1,1,9147,1,1,121.0,1,19,19,3,9,112.6,1,0,0,1,0,1,20,0,0,5,7,5,14.2,0,0,5,7,5,13.28571429,0,11.1,0.6,2.02,-0.9142857099999997,0.8333333333333334,0,11.833333333333334
1,17,3,9500,1,1,139.0,1,38,1,9,5,131.8,1,0,0,1,0,0,18,0,0,8,8,7,14.65285714,0,0,8,8,7,14.65285714,0,10.8,1.4,1.74,0.0,0.7777777777777778,1,11.396666664444444
1,43,2,9773,1,1,132.0,1,19,19,0,0,127.1,0,0,0,1,1,0,23,0,0,6,9,6,12.33333333,0,0,6,11,5,13.0,0,7.6,2.6,0.32,0.6666666699999997,0.7142857142857143,1,10.571428568571429
1,17,2,9773,1,1,139.0,1,3,1,2,7,124.0,1,0,0,1,0,1,20,0,0,6,6,6,14.0,0,0,6,7,6,13.85714286,0,15.5,2.8,-4.06,-0.14285714000000027,0.8571428571428571,0,12.0
1,1,1,9670,1,1,135.0,1,19,37,5,7,121.4,0,0,0,1,1,0,21,0,0,5,7,4,11.5,0,0,5,6,4,11.75,0,9.4,-0.8,-3.12,0.25,0.6666666666666666,1,7.666666666666666
1,1,1,9147,1,1,117.0,1,38,19,5,7,118.1,0,0,0,1,1,0,19,0,0,5,6,5,11.2,0,0,5,5,5,13.2,0,12.4,0.5,1.79,2.0,0.8333333333333334,1,9.333333333333334
1,42,1,9119,1,1,144.0,1,34,34,0,0,119.5,0,0,0,1,1,0,18,0,0,5,6,1,10.0,0,0,5,7,1,12.0,0,10.8,1.4,1.74,2.0,0.16666666666666666,1,1.6666666666666665
1,39,1,9991,0,1,130.0,1,1,1,4,10,115.2,0,0,0,1,1,0,24,0,0,5,5,4,12.0,0,0,5,6,5,12.66666667,0,12.4,0.5,1.79,0.6666666699999997,0.8333333333333334,1,8.0
1,18,1,9670,1,1,140.0,1,1,37,9,9,130.2,1,0,0,1,1,0,22,0,0,6,11,4,13.0,0,0,6,11,4,12.6,0,12.7,3.7,-1.7,-0.40000000000000036,0.5714285714285714,1,7.428571428571428
1,16,2,9238,1,1,130.0,1,37,37,5,6,126.9,1,0,0,1,0,0,18,0,0,6,8,6,13.57142857,0,0,6,11,5,12.16666667,0,9.4,-0.8,-3.12,-1.4047619000000005,0.7142857142857143,1,11.632653059999999
1,18,1,9556,1,1,140.0,1,38,37,9,9,122.8,0,0,0,1,0,1,19,0,0,7,11,7,12.625,0,0,8,11,8,12.5125,0,12.7,3.7,-1.7,-0.11250000000000071,0.8888888888888888,0,11.046875
1,1,3,9500,1,1,133.1,1,19,19,5,5,108.5,1,0,0,1,0,0,19,0,0,7,9,7,12.60625,0,0,8,12,6,11.9,0,12.4,0.5,1.79,-0.7062499999999989,0.6666666666666666,1,11.030468749999999
1,1,1,9238,1,1,135.0,1,19,19,9,9,124.5,0,0,0,1,0,1,18,0,0,6,11,5,11.14285714,0,0,6,8,6,12.28571429,0,16.2,0.3,-0.92,1.1428571499999993,0.8571428571428571,0,7.959183671428572
1,17,1,9147,1,1,140.0,1,37,37,9,7,132.3,1,0,0,1,0,0,20,0,0,5,9,1,10.0,0,0,5,10,1,11.0,0,7.6,2.6,0.32,1.0,0.16666666666666666,1,1.6666666666666665
1,17,1,9254,1,1,128.0,1,19,1,5,7,120.7,1,0,1,1,0,0,18,0,0,6,8,6,11.66666667,0,0,6,10,4,11.5,0,13.9,-0.3,0.79,-0.16666666999999968,0.5714285714285714,2,10.000000002857142
1,1,1,9670,1,1,141.0,1,1,19,4,4,132.6,0,0,0,1,0,1,18,0,0,6,8,6,14.0,0,0,6,7,6,13.14285714,0,11.1,0.6,2.02,-0.8571428599999997,0.8571428571428571,0,12.0
1,17,1,9853,1,1,125.0,1,19,19,4,7,128.5,1,0,0,1,0,0,18,0,0,7,9,6,11.5,0,0,7,8,7,12.71428571,0,13.9,-0.3,0.79,1.2142857100000004,0.875,1,8.625
1,42,1,9853,1,1,120.0,1,1,37,5,5,113.9,1,0,0,1,0,0,21,0,0,6,8,4,12.25,0,0,6,13,3,10.33333333,0,12.7,3.7,-1.7,-1.9166666699999997,0.42857142857142855,1,7.0
1,1,1,9238,1,1,147.0,1,1,19,4,4,137.2,0,0,0,0,0,0,18,0,0,6,6,6,14.5,0,0,6,6,6,15.16666667,0,10.8,1.4,1.74,0.6666666699999997,0.8571428571428571,2,12.428571428571427
1,1,1,9130,1,1,161.0,1,1,19,4,4,152.3,0,0,0,1,0,0,18,0,0,6,7,6,15.57142857,0,0,6,7,6,14.71428571,0,11.1,0.6,2.02,-0.8571428599999997,0.8571428571428571,1,13.346938774285714
1,17,1,9238,1,1,123.0,1,1,1,9,9,113.2,0,0,0,1,0,1,20,0,0,6,11,4,10.75,0,0,6,13,5,11.5,0,15.5,2.8,-4.06,0.75,0.7142857142857143,0,6.142857142857142
1,1,2,9500,1,1,140.0,1,1,1,4,10,128.3,1,0,0,1,0,0,19,0,0,8,8,7,12.76428571,0,0,8,8,7,12.76428571,0,10.8,1.4,1.74,0.0,0.7777777777777778,1,9.927777774444444
1,18,2,9147,1,1,143.0,1,19,38,9,7,132.2,1,0,0,1,0,1,18,0,0,5,8,5,13.75,0,0,5,6,5,12.16666667,0,13.9,-0.3,0.79,-1.5833333300000003,0.8333333333333334,0,11.458333333333334
1,1,1,9500,1,1,132.0,1,19,1,9,5,123.4,0,0,0,1,0,1,18,0,0,7,7,7,14.60428571,0,0,8,9,8,15.68333333,0,11.1,0.6,2.02,1.0790476200000008,0.8888888888888888,0,12.77874999625
1,1,3,9500,1,1,137.0,1,19,38,7,7,126.5,1,0,0,1,0,1,19,0,0,8,8,8,13.57625,0,0,8,8,8,13.57625,0,9.4,-0.8,-3.12,0.0,0.8888888888888888,0,12.067777777777778
1,17,1,9238,1,1,153.0,1,38,38,7,7,159.7,1,0,0,1,0,1,18,0,0,6,7,6,15.14285714,0,0,6,6,6,15.83333333,0,12.7,3.7,-1.7,0.69047619,0.8571428571428571,0,12.979591834285714
1,1,1,9147,1,1,160.0,1,9,19,4,3,151.3,0,0,0,1,0,0,23,0,0,5,8,3,10.66666667,0,0,5,8,5,11.6,0,7.6,2.6,0.32,0.93333333,0.8333333333333334,1,5.333333335
1,17,1,9238,1,1,145.0,1,38,38,5,7,138.0,1,0,0,1,0,0,20,0,0,6,11,5,11.2,0,0,6,6,6,12.0,0,9.4,-0.8,-3.12,0.8000000000000007,0.8571428571428571,1,8.0
1,1,1,9238,1,1,120.0,1,19,38,5,6,112.3,0,0,0,1,0,1,22,0,0,6,10,5,10.71428571,0,0,6,10,5,12.2,0,12.7,3.7,-1.7,1.4857142899999989,0.7142857142857143,0,7.653061221428572
1,1,1,9238,1,1,122.0,1,1,19,4,4,127.3,1,0,1,1,0,0,20,0,0,6,6,6,12.16666667,0,0,6,7,6,11.66666667,0,9.4,-0.8,-3.12,-0.5,0.8571428571428571,2,10.428571431428571
1,17,2,9773,1,1,133.1,1,3,1,4,5,115.0,1,0,0,1,0,0,19,0,0,6,6,6,12.83333333,0,0,6,6,6,12.66666667,0,16.2,0.3,-0.92,-0.16666666000000063,0.8571428571428571,1,10.999999997142856
1,39,1,9991,0,1,133.1,1,19,38,7,4,125.7,0,0,0,1,0,0,26,0,0,5,9,2,12.0,0,0,5,9,3,11.0,0,10.8,1.4,1.74,-1.0,0.5,1,4.0
1,1,1,9238,1,1,128.0,1,19,19,9,9,120.0,0,0,0,1,0,1,18,0,0,6,8,6,13.5,0,0,6,9,6,12.83333333,0,11.1,0.6,2.02,-0.6666666699999997,0.8571428571428571,0,11.571428571428571
1,1,2,9853,1,1,124.0,1,38,37,5,3,118.1,1,0,0,0,0,0,18,0,0,6,11,3,13.0,0,0,6,10,5,11.8,0,9.4,-0.8,-3.12,-1.1999999999999993,0.7142857142857143,2,5.571428571428571
1,1,1,9254,1,1,158.0,1,19,39,4,8,153.5,1,0,0,1,0,0,20,0,0,6,7,6,14.83333333,0,0,6,6,6,16.0,0,11.1,0.6,2.02,1.1666666699999997,0.8571428571428571,1,12.714285711428571
1,43,1,9773,1,1,137.0,1,38,37,9,5,127.9,1,0,0,1,0,0,20,0,0,6,6,6,11.83333333,0,0,6,7,6,12.85714286,0,15.5,2.8,-4.06,1.0238095299999994,0.8571428571428571,1,10.14285714
1,17,3,9670,1,1,123.0,1,38,38,7,8,118.8,1,1,0,1,0,1,18,0,0,6,10,5,12.0,0,0,6,11,5,12.33333333,0,11.1,0.6,2.02,0.3333333300000003,0.7142857142857143,0,8.571428571428571
1,1,1,9238,1,1,126.0,1,38,38,7,8,126.7,1,0,0,1,0,0,19,0,0,6,11,4,12.75,0,0,6,7,6,11.33333333,0,7.6,2.6,0.32,-1.4166666699999997,0.8571428571428571,1,7.285714285714286
1,17,1,9238,1,1,115.0,1,19,38,5,5,115.0,1,0,0,1,0,0,19,0,0,6,6,6,12.0,0,0,6,7,6,12.85714286,0,11.1,0.6,2.02,0.8571428599999997,0.8571428571428571,1,10.285714285714285
1,1,3,9556,1,1,132.0,1,38,37,7,7,119.0,1,0,0,1,0,0,19,0,0,7,9,7,11.67777778,0,0,8,8,8,13.8,0,12.7,3.7,-1.7,2.122222220000001,0.8888888888888888,1,10.2180555575
1,1,1,9085,1,1,143.0,1,19,38,9,9,133.4,1,0,0,1,0,0,19,0,0,6,7,6,16.0,0,0,6,8,6,15.875,0,12.4,0.5,1.79,-0.125,0.8571428571428571,1,13.714285714285714
1,1,3,9238,1,1,137.0,1,1,1,3,3,131.4,1,0,0,1,0,0,20,0,0,6,9,5,11.8,0,0,6,7,6,11.5,0,7.6,2.6,0.32,-0.3000000000000007,0.8571428571428571,1,8.428571428571429
1,18,2,9500,1,1,135.0,1,38,37,9,5,125.3,1,0,0,1,0,1,18,0,0,8,8,7,11.78571429,0,0,8,8,7,11.78571429,0,12.7,3.7,-1.7,0.0,0.7777777777777778,0,9.16666667
1,17,2,9500,1,1,127.0,1,19,37,9,7,121.3,1,0,0,1,0,1,20,0,0,8,8,7,12.46428571,0,0,8,8,7,12.46428571,0,10.8,1.4,1.74,0.0,0.7777777777777778,0,9.694444441111111
1,17,1,9773,1,1,121.0,1,37,19,9,10,113.7,0,0,0,1,0,0,18,0,0,6,8,5,12.6,0,0,6,10,6,12.42857143,0,15.5,2.8,-4.06,-0.17142856999999978,0.8571428571428571,1,9.0
1,43,1,9147,1,1,131.0,1,19,38,9,9,129.7,1,0,0,1,0,0,19,0,0,5,5,5,12.6,0,0,5,6,4,12.4,0,16.2,0.3,-0.92,-0.1999999999999993,0.6666666666666666,1,10.5
1,17,2,9254,1,1,136.0,1,19,19,4,7,123.1,1,0,0,1,0,0,19,0,0,6,8,6,12.16666667,0,0,6,6,6,13.5,0,11.1,0.6,2.02,1.3333333300000003,0.8571428571428571,1,10.428571431428571
1,17,1,9238,1,1,120.0,1,19,37,9,9,113.0,1,0,0,1,0,1,20,0,0,6,7,6,11.71428571,0,0,6,8,6,12.625,0,13.9,-0.3,0.79,0.9107142899999996,0.8571428571428571,0,10.040816322857143
1,1,3,9500,1,1,133.1,1,38,19,7,9,115.5,1,0,0,1,1,1,20,0,0,8,8,7,13.02428571,0,0,8,8,7,13.02428571,0,10.8,1.4,1.74,0.0,0.7777777777777778,0,10.129999996666665
1,1,1,9670,1,1,124.0,1,19,37,5,7,119.1,0,0,0,1,1,1,20,0,0,5,7,4,11.0,0,0,5,7,4,11.5,0,9.4,-0.8,-3.12,0.5,0.6666666666666666,0,7.333333333333333
1,17,2,9853,1,1,127.0,1,19,38,3,3,121.1,1,0,0,1,1,0,19,0,0,7,10,6,13.66666667,0,0,7,9,6,12.5,0,12.4,0.5,1.79,-1.1666666699999997,0.75,1,10.2500000025
1,1,2,9070,1,1,129.0,1,1,1,4,9,132.9,1,0,0,1,1,1,20,0,0,6,9,6,11.375,0,0,6,6,5,13.8,0,7.6,2.6,0.32,2.4250000000000007,0.7142857142857143,0,9.75
1,1,1,9238,1,1,137.0,1,19,1,9,9,132.8,0,0,0,1,1,0,19,0,0,6,6,6,12.83333333,0,0,6,8,6,11.83333333,0,10.8,1.4,1.74,-1.0,0.8571428571428571,1,10.999999997142856
1,1,1,9773,1,1,120.0,1,36,37,0,0,126.7,1,0,0,1,1,0,20,0,0,6,9,5,12.6,0,0,6,11,4,11.5,0,7.6,2.6,0.32,-1.0999999999999996,0.5714285714285714,1,9.0
1,1,1,9500,1,1,110.0,1,19,19,9,7,105.8,1,0,0,1,1,0,22,0,0,7,8,6,14.33333333,0,0,8,9,7,13.77142857,0,11.1,0.6,2.02,-0.5619047600000009,0.7777777777777778,1,10.7499999975
1,17,2,9119,1,1,120.0,1,1,19,9,8,117.2,0,0,0,1,1,1,18,0,0,5,8,4,13.5,0,0,6,10,6,13.625,0,11.1,0.6,2.02,0.125,0.8571428571428571,0,9.0
1,1,1,9500,1,1,143.0,1,38,38,9,9,140.0,0,0,0,1,1,0,19,0,0,8,8,7,14.28571429,0,0,8,8,7,14.28571429,0,12.7,3.7,-1.7,0.0,0.7777777777777778,1,11.111111114444444
1,18,1,9254,1,1,118.0,1,38,38,5,5,123.3,1,0,0,1,1,0,26,0,0,6,10,4,10.0,0,0,6,11,3,12.0,0,9.4,-0.8,-3.12,2.0,0.42857142857142855,1,5.7142857142857135
1,1,2,9773,1,1,137.0,1,1,19,7,7,133.2,1,0,0,1,0,1,19,0,0,6,7,6,14.71428571,0,0,6,6,6,15.0,0,13.9,-0.3,0.79,0.2857142899999996,0.8571428571428571,0,12.612244894285714
1,1,3,9773,1,1,130.0,1,19,19,9,9,123.0,1,0,0,1,0,0,18,0,0,6,6,6,12.66666667,0,0,6,7,6,12.83333333,0,12.7,3.7,-1.7,0.16666666000000063,0.8571428571428571,1,10.85714286
1,17,3,9147,1,1,147.0,1,19,38,5,7,132.3,1,0,0,1,0,1,18,0,0,5,5,5,13.4,0,0,5,6,5,12.2,0,12.7,3.7,-1.7,-1.200000000000001,0.8333333333333334,0,11.166666666666668
1,18,1,9500,1,1,140.0,1,37,38,5,7,126.0,1,0,0,1,0,0,18,0,0,8,8,7,13.31428571,0,0,8,8,7,13.31428571,0,12.7,3.7,-1.7,0.0,0.7777777777777778,1,10.355555552222222
1,1,3,9500,1,1,132.0,1,38,38,9,9,119.3,1,0,0,1,0,0,19,0,0,8,8,7,11.98857143,0,0,8,8,7,11.98857143,0,10.8,1.4,1.74,0.0,0.7777777777777778,1,9.324444445555557
1,1,1,9085,1,1,130.0,1,37,37,9,6,126.5,1,0,0,1,0,1,18,0,0,6,13,6,16.46153846,0,0,6,8,6,13.875,0,15.5,2.8,-4.06,-2.58653846,0.8571428571428571,0,14.109890108571427
1,1,1,9773,1,1,151.0,1,38,37,9,5,138.4,1,0,0,1,0,1,24,0,0,6,7,6,13.66666667,0,0,6,6,6,12.83333333,0,10.8,1.4,1.74,-0.8333333399999994,0.8571428571428571,0,11.714285717142856
1,1,1,9670,1,1,127.0,1,19,1,5,7,118.3,1,0,0,1,0,0,18,0,0,6,7,6,12.33333333,0,0,6,10,3,12.0,0,13.9,-0.3,0.79,-0.3333333300000003,0.42857142857142855,1,10.571428568571429
1,17,2,9500,1,1,131.0,1,19,37,9,7,129.8,1,0,0,1,0,0,20,0,0,7,8,6,14.37,0,0,8,10,7,14.65,0,12.4,0.5,1.79,0.28000000000000114,0.7777777777777778,1,10.7775
1,43,1,9254,1,1,130.0,1,1,19,5,7,130.0,0,0,0,1,0,1,19,0,0,6,11,4,12.0,0,0,6,14,3,11.0,0,10.8,1.4,1.74,-1.0,0.42857142857142855,0,6.857142857142857
1,17,2,9853,1,1,131.0,1,1,38,4,8,121.9,1,0,0,1,0,0,19,0,0,6,10,5,12.6,0,0,6,7,5,11.2,0,10.8,1.4,1.74,-1.4000000000000004,0.7142857142857143,1,9.0
1,17,3,9147,1,1,125.0,1,3,38,2,10,118.7,1,0,0,1,0,0,18,0,0,5,16,4,10.66666667,0,0,5,11,2,12.0,0,13.9,-0.3,0.79,1.3333333300000003,0.3333333333333333,1,7.111111113333333
1,1,2,9500,1,1,152.0,1,37,37,9,9,139.0,1,0,0,1,0,0,18,0,0,7,7,6,14.33333333,0,0,7,7,6,14.33333333,0,7.6,2.6,0.32,0.0,0.75,1,10.7499999975
1,17,3,9556,1,1,131.0,1,19,38,9,7,128.5,0,0,0,1,0,1,18,0,0,7,9,7,12.85555556,0,0,8,8,8,13.9125,0,12.7,3.7,-1.7,1.0569444399999988,0.8888888888888888,0,11.248611115000001
1,1,1,9500,1,1,141.0,1,1,1,3,10,142.8,0,0,0,1,0,0,18,0,0,7,7,7,13.7,0,0,8,9,8,13.99444444,0,11.1,0.6,2.02,0.29444444000000125,0.8888888888888888,1,11.987499999999999
1,1,1,9238,1,1,107.0,1,19,37,7,7,103.5,1,0,0,1,0,0,20,0,0,6,13,3,11.2,0,0,6,9,4,12.0,0,16.2,0.3,-0.92,0.8000000000000007,0.5714285714285714,1,4.8
1,1,1,9500,1,1,133.0,1,38,38,5,5,123.2,0,0,0,1,0,0,18,0,0,7,7,7,13.28571429,0,0,8,9,8,13.33333333,0,16.2,0.3,-0.92,0.04761904000000072,0.8888888888888888,1,11.62500000375
1,17,2,9853,1,1,126.0,1,1,19,2,10,126.0,1,0,0,1,0,0,19,0,0,6,9,5,13.0,0,0,6,8,5,10.4,0,7.6,2.6,0.32,-2.5999999999999996,0.7142857142857143,1,9.285714285714286
1,39,1,9500,1,1,133.1,1,1,38,3,7,121.7,0,0,0,1,0,1,27,0,0,7,8,6,12.6,0,0,7,9,6,11.68571429,0,12.4,0.5,1.79,-0.9142857099999997,0.75,0,9.45
1,17,1,9147,1,1,147.0,1,37,37,9,6,142.8,1,0,1,0,0,1,19,0,0,5,5,5,12.8,0,0,5,5,4,12.0,0,11.1,0.6,2.02,-0.8000000000000007,0.6666666666666666,2,10.666666666666668
1,18,1,9500,1,1,130.0,1,37,38,7,8,119.3,1,0,0,1,0,1,19,0,0,8,8,7,11.4,0,0,8,8,7,11.4,0,10.8,1.4,1.74,0.0,0.7777777777777778,0,8.866666666666667
1,1,1,9853,1,1,133.0,1,37,37,9,7,124.6,1,0,0,1,0,1,18,0,0,6,8,5,13.0,0,0,6,9,5,13.5,0,9.4,-0.8,-3.12,0.5,0.7142857142857143,0,9.285714285714286
1,17,1,9070,1,1,122.0,1,1,1,4,8,123.8,1,0,1,0,0,1,18,0,0,6,6,6,11.83333333,0,0,6,8,6,11.0,0,12.7,3.7,-1.7,-0.8333333300000003,0.8571428571428571,2,10.14285714
1,1,3,9085,1,1,138.0,1,1,3,4,4,126.3,1,0,0,1,0,0,18,0,0,6,8,6,14.0,0,0,6,9,6,13.33333333,0,8.9,1.4,3.51,-0.6666666699999997,0.8571428571428571,1,12.0
1,1,3,9500,1,1,128.0,1,1,1,7,7,120.5,1,0,0,1,0,1,19,0,0,7,10,5,13.04,0,0,7,7,7,12.5,0,12.4,0.5,1.79,-0.5399999999999991,0.875,0,8.149999999999999
1,1,3,9500,1,1,141.0,1,19,19,9,9,126.0,1,0,0,1,0,0,18,0,0,8,8,7,15.65714286,0,0,8,8,7,15.65714286,0,12.7,3.7,-1.7,0.0,0.7777777777777778,1,12.177777780000001
1,1,2,9070,1,1,145.0,1,1,19,4,3,133.5,0,0,0,1,0,0,19,0,0,6,6,6,12.16666667,0,0,6,6,6,11.33333333,0,12.7,3.7,-1.7,-0.8333333399999994,0.8571428571428571,1,10.428571431428571
1,1,1,9238,1,1,108.0,1,1,38,5,8,105.9,0,0,0,1,0,1,20,0,0,6,11,5,10.6,0,0,6,9,5,11.16666667,0,11.1,0.6,2.02,0.56666667,0.7142857142857143,0,7.571428571428571
1,1,1,9085,1,1,132.0,1,1,12,4,5,124.3,0,0,0,1,0,0,20,0,0,6,10,6,13.42857143,0,0,6,11,5,12.66666667,0,13.9,-0.3,0.79,-0.7619047600000002,0.7142857142857143,1,11.510204082857141
1,1,1,9500,1,1,138.0,1,19,37,4,9,141.0,0,0,0,1,1,0,19,0,0,7,7,6,13.7,0,0,7,7,6,13.7,0,7.6,2.6,0.32,0.0,0.75,1,10.274999999999999
1,1,1,9147,1,1,140.0,1,19,19,7,3,120.0,1,0,0,1,1,0,21,0,0,5,8,3,10.0,0,0,5,10,4,11.0,0,12.7,3.7,-1.7,1.0,0.6666666666666666,1,5.0
1,1,1,9500,1,1,129.0,1,1,1,9,9,120.0,0,0,0,1,1,0,20,0,0,8,8,7,15.02857143,0,0,8,8,7,15.02857143,0,12.7,3.7,-1.7,0.0,0.7777777777777778,1,11.68888889
1,1,1,9238,1,1,116.0,1,1,19,5,9,111.1,0,0,0,1,1,0,18,0,0,6,8,6,12.0,0,0,6,7,6,11.71428571,0,15.5,2.8,-4.06,-0.2857142899999996,0.8571428571428571,1,10.285714285714285
1,1,1,9773,1,1,130.0,1,1,38,3,5,128.6,1,0,0,1,1,0,19,0,0,6,8,5,12.0,0,0,6,8,5,12.4,0,9.4,-0.8,-3.12,0.40000000000000036,0.7142857142857143,1,8.571428571428571
1,17,1,9147,1,1,136.0,1,1,1,9,3,122.7,1,0,0,1,1,0,18,0,0,5,6,5,12.0,0,0,5,7,4,12.5,0,15.5,2.8,-4.06,0.5,0.6666666666666666,1,10.0
1,18,1,9556,1,1,133.1,1,3,19,2,8,106.0,1,0,0,1,1,0,21,0,0,7,8,7,12.375,0,0,7,11,5,12.58333333,0,8.9,1.4,3.51,0.20833333000000032,0.625,1,10.828125
1,1,1,9500,1,1,148.0,1,19,38,9,8,134.8,1,0,0,1,1,0,18,0,0,7,7,6,13.35,0,0,7,7,6,13.35,0,7.6,2.6,0.32,0.0,0.75,1,10.0125
1,39,1,9070,1,1,130.0,1,1,1,5,3,112.0,1,0,0,1,1,1,24,0,0,6,6,6,15.0,0,0,6,6,2,16.0,0,15.5,2.8,-4.06,1.0,0.2857142857142857,0,12.857142857142856
1,1,3,9147,1,1,133.0,1,37,37,9,5,119.7,1,0,0,1,1,0,19,0,0,5,8,5,13.25,0,0,5,6,5,11.83333333,0,13.9,-0.3,0.79,-1.4166666699999997,0.8333333333333334,1,11.041666666666668
1,1,2,9500,1,1,140.0,1,1,1,2,7,131.0,1,0,0,1,0,1,18,0,0,8,8,8,13.88125,0,0,8,8,8,13.88125,0,9.4,-0.8,-3.12,0.0,0.8888888888888888,0,12.338888888888889
1,1,2,9254,1,1,127.0,1,3,19,3,10,130.9,1,0,0,1,0,0,18,0,0,6,8,6,11.33333333,0,0,6,8,5,12.6,0,9.4,-0.8,-3.12,1.2666666699999993,0.7142857142857143,1,9.714285711428571
1,17,1,9238,1,1,132.0,1,1,19,4,9,127.1,1,0,0,1,0,0,19,0,0,6,7,6,12.85714286,0,0,6,7,6,13.66666667,0,13.9,-0.3,0.79,0.80952381,0.8571428571428571,1,11.020408165714285
1,17,1,9254,1,1,115.0,1,12,1,9,3,108.7,1,0,0,1,0,1,18,0,0,6,9,5,11.4,0,0,6,6,6,11.33333333,0,12.4,0.5,1.79,-0.06666667000000004,0.8571428571428571,0,8.142857142857144
1,1,1,9130,1,1,133.1,1,1,1,3,9,138.0,1,0,0,1,0,0,20,0,0,6,11,6,13.33333333,0,0,6,10,6,13.0,0,16.2,0.3,-0.92,-0.3333333300000003,0.8571428571428571,1,11.428571425714285
1,17,1,9853,1,1,141.0,1,19,19,9,8,142.8,0,0,0,1,0,1,19,0,0,7,7,7,14.42857143,0,0,7,7,7,14.14285714,0,16.2,0.3,-0.92,-0.2857142899999996,0.875,0,12.62500000125
1,1,2,9254,1,1,136.0,1,38,38,9,7,125.2,1,0,0,1,0,1,18,0,0,6,8,6,12.28571429,0,0,6,9,5,12.4,0,8.9,1.4,3.51,0.11428571000000076,0.7142857142857143,0,10.530612248571428
1,18,2,9500,1,1,129.0,1,38,37,5,5,119.0,1,0,0,1,0,1,19,0,0,8,8,7,12.34285714,0,0,8,8,7,12.34285714,0,10.8,1.4,1.74,0.0,0.7777777777777778,0,9.599999997777777
1,1,2,9773,1,1,132.0,1,38,1,9,9,124.3,1,0,0,1,0,0,19,0,0,6,6,5,12.2,0,0,6,7,5,10.8,0,10.8,1.4,1.74,-1.3999999999999986,0.7142857142857143,1,8.714285714285714
1,17,1,9254,1,1,118.0,1,11,34,5,0,122.2,1,0,0,1,0,0,22,0,0,6,10,4,10.5,0,0,6,14,1,11.0,0,7.6,2.6,0.32,0.5,0.14285714285714285,1,6.0
1,15,1,9147,1,1,150.0,1,38,1,9,1,150.0,0,0,0,1,1,0,19,0,0,5,5,5,10.6,0,0,5,8,5,11.6,0,12.4,0.5,1.79,1.0,0.8333333333333334,1,8.833333333333334
1,16,2,9238,1,1,122.0,1,19,37,9,7,127.3,1,0,0,1,0,1,19,0,0,6,8,4,11.25,0,0,6,6,6,12.0,0,10.8,1.4,1.74,0.75,0.8571428571428571,0,6.428571428571428
1,1,2,9773,1,1,122.0,1,37,37,9,9,126.9,1,0,0,1,0,1,19,0,0,6,11,4,11.0,0,0,6,11,3,11.66666667,0,9.4,-0.8,-3.12,0.6666666699999997,0.42857142857142855,0,6.285714285714286
1,18,3,9500,1,1,131.0,1,19,1,4,7,127.5,1,0,0,1,0,0,18,0,0,7,7,7,13.45714286,0,0,8,8,8,14.5125,0,13.9,-0.3,0.79,1.05535714,0.8888888888888888,1,11.775000002499999
1,17,1,9670,1,1,130.0,1,3,19,5,5,121.6,0,0,0,1,0,0,18,0,0,6,6,6,13.66666667,0,0,6,8,5,13.6,0,8.9,1.4,3.51,-0.06666667000000004,0.7142857142857143,1,11.714285717142856
1,39,1,9130,1,1,114.0,1,38,38,9,10,120.0,0,0,0,1,0,0,24,0,0,6,9,6,12.57142857,0,0,6,10,5,12.83333333,0,11.1,0.6,2.02,0.2619047600000002,0.7142857142857143,1,10.775510202857143
1,1,3,9147,1,1,127.0,1,1,38,5,7,123.5,1,0,0,1,0,1,19,0,0,5,5,5,11.6,0,0,5,11,3,12.66666667,0,9.4,-0.8,-3.12,1.06666667,0.5,0,9.666666666666666
1,17,3,9238,1,1,141.0,1,19,38,9,7,125.6,1,0,0,1,0,1,19,0,0,6,8,6,11.33333333,0,0,6,6,6,11.83333333,0,8.9,1.4,3.51,0.5,0.8571428571428571,0,9.714285711428571
1,1,1,9254,1,1,129.0,1,38,38,6,6,118.5,1,0,0,1,0,0,18,0,0,6,6,6,10.66666667,0,0,6,6,6,11.5,0,7.6,2.6,0.32,0.8333333300000003,0.8571428571428571,1,9.142857145714284
1,1,1,9254,1,1,143.0,1,2,37,1,1,133.2,1,0,0,1,0,0,19,0,0,6,9,5,13.4,0,0,6,16,2,13.5,0,10.8,1.4,1.74,0.09999999999999964,0.2857142857142857,1,9.571428571428571
1,17,1,9773,1,1,120.0,1,19,38,9,7,117.9,1,0,0,1,0,1,21,0,0,6,6,5,13.0,0,0,6,7,6,12.83333333,0,8.9,1.4,3.51,-0.16666666999999968,0.8571428571428571,0,9.285714285714286
1,1,3,9500,1,1,144.0,1,38,38,5,7,128.0,1,0,0,1,0,1,18,0,0,8,11,7,12.90857143,0,0,8,11,7,12.90857143,0,10.8,1.4,1.74,0.0,0.7777777777777778,0,10.040000001111112
1,1,3,9254,1,1,129.0,1,37,38,7,7,122.0,1,0,0,1,0,1,18,0,0,6,9,6,10.83333333,0,0,6,8,5,11.0,0,7.6,2.6,0.32,0.16666666999999968,0.7142857142857143,0,9.285714282857143
1,16,3,9070,1,1,152.0,1,1,38,4,8,156.9,1,0,0,1,0,0,19,0,0,6,6,6,15.33333333,0,0,6,9,6,15.83333333,0,12.7,3.7,-1.7,0.5,0.8571428571428571,1,13.14285714
1,1,2,9500,1,1,130.0,1,1,38,9,9,125.1,1,0,0,1,0,1,18,0,0,7,9,6,12.81666667,0,0,8,11,6,12.875,0,11.1,0.6,2.02,0.05833332999999996,0.6666666666666666,0,9.6125000025
1,18,1,9670,1,1,133.0,1,1,1,9,9,121.5,1,0,0,1,0,1,19,0,0,6,7,6,13.0,0,0,6,6,6,14.33333333,0,12.4,0.5,1.79,1.3333333300000003,0.8571428571428571,0,11.142857142857142
1,43,1,9991,0,1,140.0,1,1,1,6,6,100.0,0,0,0,1,1,0,34,0,0,5,5,5,13.8,0,0,5,6,5,13.83333333,0,9.4,-0.8,-3.12,0.033333329999999606,0.8333333333333334,1,11.500000000000002
1,17,3,9119,1,1,138.0,1,1,19,4,3,125.4,1,0,0,1,1,1,18,0,0,5,9,4,12.25,0,0,5,9,3,12.33333333,0,8.9,1.4,3.51,0.08333333000000032,0.5,0,8.166666666666666
1,17,1,9130,1,1,132.0,1,2,1,4,1,127.8,0,0,0,1,1,0,18,0,0,6,9,6,12.0,0,0,6,10,5,12.16666667,0,11.1,0.6,2.02,0.16666666999999968,0.7142857142857143,1,10.285714285714285
1,1,1,9147,1,1,123.0,1,1,19,4,5,117.8,0,0,0,1,1,0,20,0,0,5,9,5,12.0,0,0,5,9,4,13.0,0,8.9,1.4,3.51,1.0,0.6666666666666666,1,10.0
1,39,1,9670,1,1,120.0,1,38,37,7,7,140.0,0,0,0,1,1,0,24,0,0,6,15,4,10.5,0,0,6,16,4,12.5,0,15.5,2.8,-4.06,2.0,0.5714285714285714,1,6.0
1,1,3,9670,1,1,121.0,1,3,19,2,8,122.4,1,0,0,1,1,0,19,0,0,5,7,3,11.66666667,0,0,5,5,4,12.0,0,9.4,-0.8,-3.12,0.3333333300000003,0.6666666666666666,1,5.833333335
1,51,1,9119,1,1,140.0,1,1,19,4,4,150.0,0,0,0,1,1,0,23,0,0,5,7,2,13.0,0,0,5,11,1,10.0,0,8.9,1.4,3.51,-3.0,0.16666666666666666,1,4.333333333333333
1,17,2,9254,1,1,135.0,1,19,19,4,3,135.0,1,0,0,1,1,0,20,0,0,6,8,6,11.83333333,0,0,6,9,5,10.4,0,7.6,2.6,0.32,-1.43333333,0.7142857142857143,1,10.14285714
1,1,3,9254,1,1,123.0,1,1,1,4,3,123.4,1,0,0,1,1,0,18,0,0,6,8,6,12.33333333,0,0,6,6,6,13.66666667,0,11.1,0.6,2.02,1.3333333399999994,0.8571428571428571,1,10.571428568571429
1,17,1,9147,1,1,120.0,1,3,38,3,7,124.2,1,0,0,1,1,0,18,0,0,5,13,5,12.0,0,0,5,9,4,11.4,0,13.9,-0.3,0.79,-0.5999999999999996,0.6666666666666666,1,10.0
1,17,1,9773,1,1,130.0,1,19,38,4,9,126.2,0,0,0,1,1,1,18,0,0,6,7,6,11.33333333,0,0,6,8,6,12.28571429,0,16.2,0.3,-0.92,0.9523809599999993,0.8571428571428571,0,9.714285711428571
1,17,1,9119,1,1,131.0,1,1,3,9,10,123.7,1,0,0,1,1,0,20,0,0,5,7,4,12.0,0,0,5,8,2,12.5,0,10.8,1.4,1.74,0.5,0.3333333333333333,1,8.0
1,1,2,9670,1,1,140.0,1,3,1,2,6,137.6,1,0,0,1,1,1,21,0,0,6,8,6,15.16666667,0,0,6,7,6,14.42857143,0,8.9,1.4,3.51,-0.7380952399999998,0.8571428571428571,0,13.000000002857142
1,17,1,9254,1,1,126.0,1,1,1,9,9,124.3,0,0,0,1,0,1,19,0,0,6,8,6,11.16666667,0,0,6,7,4,13.4,0,16.2,0.3,-0.92,2.2333333300000007,0.5714285714285714,0,9.571428574285713
1,18,2,9238,1,1,121.0,1,19,1,4,3,121.4,1,0,0,1,0,1,19,0,0,6,8,4,10.75,0,0,6,11,5,11.5,0,15.5,2.8,-4.06,0.75,0.7142857142857143,0,6.142857142857142
1,17,1,9670,1,1,133.1,1,1,37,4,9,96.0,1,0,0,1,0,1,25,0,0,6,8,6,11.28571429,0,0,6,10,5,12.2,0,15.5,2.8,-4.06,0.9142857099999997,0.7142857142857143,0,9.67346939142857
1,1,1,9773,1,1,133.1,1,1,3,9,9,116.0,0,0,0,1,1,0,20,0,0,6,8,6,11.5,0,0,6,8,6,11.0,0,16.2,0.3,-0.92,-0.5,0.8571428571428571,1,9.857142857142856
1,43,1,9556,1,1,130.0,1,1,37,5,5,128.0,1,0,0,1,1,0,20,0,0,7,8,7,13.58571429,0,0,8,8,8,14.6875,0,15.5,2.8,-4.06,1.1017857099999997,0.8888888888888888,1,11.88750000375
1,17,2,9670,1,1,110.0,1,1,1,4,10,115.3,1,0,0,1,1,0,19,0,0,6,8,6,13.85714286,0,0,6,8,5,13.0,0,15.5,2.8,-4.06,-0.8571428599999997,0.7142857142857143,1,11.877551022857142
1,1,1,9070,1,1,138.0,1,38,37,3,3,133.1,0,0,0,1,1,0,18,0,0,6,6,6,14.0,0,0,6,7,6,13.85714286,0,8.9,1.4,3.51,-0.14285714000000027,0.8571428571428571,1,12.0
1,1,1,9670,1,1,125.0,1,19,1,7,4,122.6,0,0,0,1,1,0,21,0,0,5,7,5,11.16666667,0,0,5,5,4,11.0,0,9.4,-0.8,-3.12,-0.16666666999999968,0.6666666666666666,1,9.305555558333333
1,1,1,9500,1,1,151.0,1,1,1,4,3,132.3,0,0,0,1,1,0,19,0,0,8,9,7,12.82857143,0,0,8,9,7,12.82857143,0,12.7,3.7,-1.7,0.0,0.7777777777777778,1,9.977777778888889
1,17,1,9773,1,1,112.0,1,1,1,5,1,111.7,0,0,1,0,1,0,19,0,0,6,6,6,12.5,0,0,6,10,4,12.6,0,15.5,2.8,-4.06,0.09999999999999964,0.5714285714285714,3,10.714285714285714
1,39,1,9119,1,1,120.0,1,37,37,9,9,98.7,0,0,0,1,1,1,28,0,0,5,12,3,10.0,0,0,5,10,3,12.4,0,12.4,0.5,1.79,2.4000000000000004,0.5,0,5.0
1,17,3,9500,1,1,143.0,1,38,1,9,5,133.8,1,0,0,1,0,0,18,0,0,7,7,6,13.03333333,0,0,7,7,6,13.03333333,0,7.6,2.6,0.32,0.0,0.75,1,9.7749999975
1,1,1,9238,1,1,141.0,1,38,19,9,10,125.6,1,0,0,1,0,1,18,0,0,6,6,6,12.66666667,0,0,6,6,6,12.0,0,9.4,-0.8,-3.12,-0.6666666699999997,0.8571428571428571,0,10.85714286
1,17,1,9147,1,1,129.0,1,38,37,3,5,132.9,1,0,0,1,0,0,19,0,0,5,5,3,11.66666667,0,0,5,10,4,10.8,0,9.4,-0.8,-3.12,-0.866666669999999,0.6666666666666666,1,5.833333335
1,18,1,9773,1,1,125.0,1,19,37,9,5,122.2,0,0,0,0,0,0,18,0,0,6,7,5,12.6,0,0,6,6,5,11.8,0,11.1,0.6,2.02,-0.7999999999999989,0.7142857142857143,2,9.0
1,1,3,9500,1,1,141.0,1,3,19,2,10,126.8,1,0,0,1,1,0,18,0,0,8,8,8,13.24875,0,0,8,8,8,13.24875,0,9.4,-0.8,-3.12,0.0,0.8888888888888888,1,11.776666666666666
1,17,1,9130,1,1,137.0,1,38,19,5,7,130.0,1,0,0,1,0,0,21,0,0,6,12,5,13.6,0,0,6,10,4,14.25,0,12.4,0.5,1.79,0.6500000000000004,0.5714285714285714,1,9.714285714285714
1,1,2,9147,1,1,108.0,1,1,19,4,4,105.9,1,0,0,1,1,0,21,0,0,5,9,4,10.75,0,0,5,6,5,11.4,0,11.1,0.6,2.02,0.6500000000000004,0.8333333333333334,1,7.166666666666666
1,1,3,9085,1,1,131.0,1,37,19,9,8,136.3,1,0,1,0,0,0,18,0,0,5,7,3,13.0,0,0,5,8,3,12.0,0,7.6,2.6,0.32,-1.0,0.5,3,6.5
1,1,1,9773,1,1,146.0,1,37,37,9,7,149.2,1,0,0,1,1,1,21,0,0,6,6,6,13.5,0,0,6,6,6,14.16666667,0,12.7,3.7,-1.7,0.6666666699999997,0.8571428571428571,0,11.571428571428571
1,17,1,9853,1,1,119.0,1,37,38,9,9,125.0,1,0,0,1,0,1,21,0,0,6,9,5,12.0,0,0,6,8,5,11.2,0,10.8,1.4,1.74,-0.8000000000000007,0.7142857142857143,0,8.571428571428571
1,1,1,9773,1,1,132.0,1,37,19,9,9,131.0,1,0,0,1,0,1,18,0,0,6,8,5,13.0,0,0,6,7,6,13.0,0,15.5,2.8,-4.06,0.0,0.8571428571428571,0,9.285714285714286
1,1,1,9147,1,1,132.0,1,38,37,7,7,131.3,1,0,0,1,0,0,18,0,0,5,8,4,12.0,0,0,5,8,4,12.25,0,9.4,-0.8,-3.12,0.25,0.6666666666666666,1,8.0
1,17,2,9119,1,1,133.1,1,1,2,3,3,117.0,1,0,0,1,1,0,21,0,0,5,10,5,11.16666667,0,0,5,10,3,10.8,0,12.4,0.5,1.79,-0.366666669999999,0.5,1,9.305555558333333
1,17,1,9254,1,1,119.0,1,37,37,5,4,118.0,1,0,0,1,1,0,19,0,0,6,13,2,10.5,0,0,6,11,1,12.0,0,10.8,1.4,1.74,1.5,0.14285714285714285,1,3.0
1,17,1,9147,1,1,118.0,1,1,38,9,9,118.4,1,0,0,1,1,0,19,0,0,5,10,2,10.5,0,0,5,5,4,11.75,0,12.4,0.5,1.79,1.25,0.6666666666666666,1,3.5
1,1,1,9670,1,1,127.0,1,1,37,4,9,128.1,0,0,0,1,1,0,19,0,0,5,8,4,12.5,0,0,5,6,4,11.0,0,7.6,2.6,0.32,-1.5,0.6666666666666666,1,8.333333333333332
1,1,2,9500,1,1,133.1,1,37,37,9,9,99.0,1,0,0,1,1,0,22,0,0,7,9,6,12.83333333,0,0,8,12,6,12.5,0,16.2,0.3,-0.92,-0.3333333300000003,0.6666666666666666,1,9.6249999975
1,17,1,9238,1,1,136.0,1,37,37,7,7,140.9,1,0,0,1,1,0,18,0,0,6,10,4,12.0,0,0,6,7,5,11.8,0,9.4,-0.8,-3.12,-0.1999999999999993,0.7142857142857143,1,6.857142857142857
1,17,1,9773,1,1,117.0,1,38,38,9,9,111.1,0,0,1,1,1,0,19,0,0,6,6,4,11.25,0,0,6,6,3,11.33333333,0,16.2,0.3,-0.92,0.08333333000000032,0.42857142857142855,2,6.428571428571428
1,1,2,9254,1,1,125.0,1,1,19,4,1,121.5,1,0,0,1,1,0,18,0,0,6,12,5,11.0,0,0,6,11,3,10.33333333,0,9.4,-0.8,-3.12,-0.6666666699999997,0.42857142857142855,1,7.857142857142858
1,17,1,9773,1,1,128.0,1,38,19,9,10,125.2,1,0,0,1,1,0,18,0,0,6,6,6,12.66666667,0,0,6,7,5,13.6,0,12.4,0.5,1.79,0.93333333,0.7142857142857143,1,10.85714286
1,1,2,9070,1,1,145.0,1,38,19,7,7,130.0,1,0,0,1,1,0,18,0,0,6,7,6,12.83333333,0,0,6,7,6,12.57142857,0,8.9,1.4,3.51,-0.2619047600000002,0.8571428571428571,1,10.999999997142856
1,17,2,9500,1,1,125.0,1,19,19,5,5,114.5,1,0,0,1,0,0,18,0,0,7,11,6,11.98333333,0,0,8,12,8,12.28125,0,16.2,0.3,-0.92,0.29791666999999933,0.8888888888888888,1,8.9874999975
1,18,1,9670,1,1,128.0,1,19,3,9,7,120.0,1,0,0,1,0,0,19,0,0,6,8,6,14.125,0,0,6,10,5,14.5,0,11.1,0.6,2.02,0.375,0.7142857142857143,1,12.107142857142856
1,1,1,9085,1,1,126.0,1,38,37,9,9,123.6,1,0,0,1,0,0,21,0,0,5,10,3,11.66666667,0,0,5,5,5,13.0,0,10.8,1.4,1.74,1.3333333300000003,0.8333333333333334,1,5.833333335
1,1,1,9670,1,1,141.0,1,19,3,4,0,137.9,1,0,0,0,1,0,20,0,0,5,6,3,12.0,0,0,5,5,4,12.75,0,7.6,2.6,0.32,0.75,0.6666666666666666,2,6.0
1,1,1,9500,1,1,121.0,1,1,1,4,4,114.9,0,0,0,1,1,1,21,0,0,7,9,6,13.34285714,0,0,8,10,7,11.65,0,12.4,0.5,1.79,-1.6928571399999992,0.7777777777777778,0,10.007142855
1,43,1,9500,1,1,140.0,1,1,38,4,7,100.0,0,0,0,1,0,1,18,0,0,7,8,7,13.6375,0,0,8,8,8,14.3875,0,13.9,-0.3,0.79,0.75,0.8888888888888888,0,11.932812499999999
1,1,1,9500,1,1,138.0,1,1,38,4,9,132.5,1,0,0,1,0,1,19,0,0,8,8,7,14.36,0,0,8,8,7,14.36,0,10.8,1.4,1.74,0.0,0.7777777777777778,0,11.168888888888889
1,1,1,9500,1,1,141.0,1,3,1,9,9,124.3,0,0,0,1,0,0,19,0,0,8,8,7,14.51428571,0,0,8,8,7,14.51428571,0,12.7,3.7,-1.7,0.0,0.7777777777777778,1,11.288888885555556
1,1,3,9500,1,1,142.0,1,1,1,4,7,131.0,1,0,0,1,0,0,18,0,0,8,8,7,14.7,0,0,8,8,7,14.7,0,10.8,1.4,1.74,0.0,0.7777777777777778,1,11.433333333333334
1,1,3,9556,1,1,122.0,1,19,19,3,10,113.3,1,0,0,1,0,1,20,0,0,7,7,7,13.0,0,0,8,8,8,15.0625,0,12.4,0.5,1.79,2.0625,0.8888888888888888,0,11.375
1,1,1,9147,1,1,131.0,1,3,19,1,4,118.8,0,0,0,1,0,0,19,0,0,5,6,5,13.4,0,0,5,6,5,13.0,0,16.2,0.3,-0.92,-0.40000000000000036,0.8333333333333334,1,11.166666666666668
1,1,2,9085,1,1,130.0,1,37,19,9,8,129.0,0,0,0,1,0,0,20,0,0,5,7,4,11.75,0,0,5,9,2,10.5,0,7.6,2.6,0.32,-1.25,0.3333333333333333,1,7.833333333333333
1,1,2,9085,1,1,157.0,1,3,3,5,2,153.9,1,0,0,1,0,0,18,0,0,6,7,6,16.57142857,0,0,6,6,6,15.66666667,0,13.9,-0.3,0.79,-0.9047618999999987,0.8571428571428571,1,14.204081631428568
1,1,1,9500,1,1,150.0,1,19,1,4,4,137.8,0,0,0,1,0,0,18,0,0,7,10,7,15.145,0,0,8,8,8,15.7425,0,15.5,2.8,-4.06,0.5975000000000001,0.8888888888888888,1,13.251875
1,17,1,9500,1,1,148.0,1,1,37,9,7,143.3,0,0,0,1,0,1,18,0,0,7,7,7,13.44285714,0,0,8,8,8,15.075,0,13.9,-0.3,0.79,1.63214286,0.8888888888888888,0,11.762499997499999
1,1,1,9773,1,1,150.0,1,1,1,4,4,138.1,1,0,0,1,0,0,19,0,0,6,7,6,14.0,0,0,6,7,5,15.0,0,11.1,0.6,2.02,1.0,0.7142857142857143,1,12.0
1,17,1,9238,1,1,158.0,1,1,1,5,6,140.5,0,0,0,1,0,1,20,0,0,6,9,6,11.33333333,0,0,6,6,6,12.33333333,0,10.8,1.4,1.74,1.0,0.8571428571428571,0,9.714285711428571
1,39,1,9991,0,1,133.1,1,1,1,4,2,127.7,0,0,0,1,0,0,25,0,0,5,12,4,12.5,0,0,5,10,4,11.0,0,13.9,-0.3,0.79,-1.5,0.6666666666666666,1,8.333333333333332
1,1,1,9085,1,1,148.0,1,19,3,4,2,136.5,0,0,0,1,0,0,19,0,0,6,13,6,15.30769231,0,0,6,9,6,14.0,0,15.5,2.8,-4.06,-1.3076923100000002,0.8571428571428571,1,13.120879122857142
1,1,1,9773,1,1,117.0,1,1,19,4,4,109.3,0,0,0,1,1,0,19,0,0,6,11,4,12.25,0,0,6,10,3,12.66666667,0,7.6,2.6,0.32,0.4166666699999997,0.42857142857142855,1,7.0
1,1,2,9670,1,1,124.0,1,19,1,9,4,117.7,1,0,1,1,1,0,20,0,0,5,5,4,12.0,0,0,5,6,5,11.6,0,9.4,-0.8,-3.12,-0.40000000000000036,0.8333333333333334,2,8.0
1,1,1,9670,1,1,124.0,1,2,2,3,3,124.7,1,0,0,1,1,0,21,0,0,5,7,3,11.0,0,0,5,5,4,12.75,0,7.6,2.6,0.32,1.75,0.6666666666666666,1,5.5
1,17,3,9070,1,1,128.0,1,37,37,5,5,124.5,1,0,0,1,1,0,18,0,0,6,6,6,14.16666667,0,0,6,8,5,13.0,0,10.8,1.4,1.74,-1.1666666699999997,0.7142857142857143,1,12.142857145714284
1,1,1,9500,1,1,133.0,1,37,38,9,9,130.2,1,0,0,1,1,1,19,0,0,7,7,7,13.7,0,0,8,9,8,14.02222222,0,16.2,0.3,-0.92,0.32222222000000045,0.8888888888888888,0,11.987499999999999
1,17,1,9670,1,1,120.0,1,38,37,9,8,113.4,1,0,0,1,1,1,19,0,0,6,6,6,13.33333333,0,0,6,7,6,13.28571429,0,8.9,1.4,3.51,-0.04761904000000072,0.8571428571428571,0,11.428571425714285
1,17,1,9070,1,1,141.0,1,19,38,4,5,133.7,1,0,0,1,1,0,22,0,0,6,7,5,11.4,0,0,6,6,6,12.16666667,0,7.6,2.6,0.32,0.7666666699999993,0.8571428571428571,1,8.142857142857144
1,1,1,9500,1,1,156.0,1,38,37,9,9,156.3,0,0,0,1,1,1,18,0,0,8,8,8,15.63375,0,0,8,8,8,15.63375,0,9.4,-0.8,-3.12,0.0,0.8888888888888888,0,13.896666666666665
1,1,1,9773,1,1,137.0,1,1,1,5,5,129.3,1,0,0,1,1,0,18,0,0,6,6,6,13.66666667,0,0,6,6,6,14.5,0,12.7,3.7,-1.7,0.8333333300000003,0.8571428571428571,1,11.714285717142856
1,1,1,9238,1,1,130.0,1,38,38,7,7,136.3,1,0,0,1,1,0,18,0,0,6,8,6,12.5,0,0,6,7,6,11.5,0,10.8,1.4,1.74,-1.0,0.8571428571428571,1,10.714285714285714
1,39,1,9670,1,1,133.1,1,1,19,4,9,140.0,0,0,0,1,1,1,25,0,0,6,8,6,12.28571429,0,0,6,6,6,13.0,0,15.5,2.8,-4.06,0.7142857100000004,0.8571428571428571,0,10.530612248571428
1,1,3,9500,1,1,130.0,1,37,38,9,5,130.5,1,0,0,1,0,0,19,0,0,7,7,6,12.45,0,0,7,7,6,12.45,0,7.6,2.6,0.32,0.0,0.75,1,9.337499999999999
1,1,3,9500,1,1,137.0,1,19,19,5,4,131.5,1,0,0,1,0,1,20,0,0,8,8,8,13.38125,0,0,8,8,8,13.38125,0,9.4,-0.8,-3.12,0.0,0.8888888888888888,0,11.894444444444444
1,17,2,9500,1,1,135.0,1,1,19,4,10,133.5,1,0,0,1,0,0,19,0,0,8,8,8,13.3425,0,0,8,8,8,13.3425,0,9.4,-0.8,-3.12,0.0,0.8888888888888888,1,11.86
1,17,1,9085,1,1,128.0,1,38,37,9,9,116.5,1,0,0,1,1,0,18,0,0,5,6,5,12.0,0,0,5,8,5,12.14285714,0,10.8,1.4,1.74,0.14285714000000027,0.8333333333333334,1,10.0
1,1,2,9254,1,1,121.0,1,37,37,9,9,124.2,1,0,0,1,0,1,18,0,0,6,8,6,10.57142857,0,0,6,9,5,11.4,0,16.2,0.3,-0.92,0.8285714300000002,0.7142857142857143,0,9.061224488571428
1,1,1,9773,1,1,132.0,1,2,1,9,9,126.4,1,1,0,1,0,1,18,0,0,6,9,6,11.16666667,0,0,6,11,5,12.4,0,10.8,1.4,1.74,1.2333333300000007,0.7142857142857143,0,9.571428574285713
1,1,3,9147,1,1,128.0,1,3,3,5,10,116.5,0,0,0,1,1,0,20,0,0,5,7,5,11.6,0,0,5,5,5,12.8,0,12.4,0.5,1.79,1.200000000000001,0.8333333333333334,1,9.666666666666666
1,1,1,9147,1,1,118.0,1,1,1,9,9,111.0,0,0,0,0,1,0,21,0,0,5,7,2,11.0,0,0,5,9,3,11.42857143,0,10.8,1.4,1.74,0.42857142999999986,0.5,2,3.6666666666666665
1,39,1,9003,1,1,140.0,1,3,1,5,9,130.0,0,0,0,1,1,0,27,0,0,6,6,6,14.16666667,0,0,6,7,6,13.83333333,0,11.1,0.6,2.02,-0.33333333999999937,0.8571428571428571,1,12.142857145714284
1,18,1,9130,1,1,146.0,1,3,3,5,2,137.8,0,0,0,1,1,0,18,0,0,6,11,5,13.6,0,0,6,13,3,12.66666667,0,13.9,-0.3,0.79,-0.93333333,0.42857142857142855,1,9.714285714285714
1,1,1,9130,1,1,121.0,1,3,19,2,9,115.4,1,0,0,1,1,0,18,0,0,6,8,6,13.71428571,0,0,6,7,5,13.33333333,0,15.5,2.8,-4.06,-0.3809523800000001,0.7142857142857143,1,11.755102037142857
1,43,1,9773,1,1,127.0,1,1,1,9,6,110.0,0,0,1,0,1,0,19,0,0,6,10,3,11.66666667,0,0,6,11,2,10.0,0,16.2,0.3,-0.92,-1.6666666699999997,0.2857142857142857,3,5.000000001428571
1,43,1,9130,1,1,156.0,1,19,1,9,4,156.0,0,0,1,0,1,0,24,0,0,6,11,5,11.83333333,0,0,6,11,4,11.5,0,15.5,2.8,-4.06,-0.3333333300000003,0.5714285714285714,3,8.45238095
1,17,2,9070,1,1,152.0,1,39,39,3,3,134.2,1,0,0,1,1,0,20,0,0,6,7,5,11.8,0,0,6,9,4,12.0,0,15.5,2.8,-4.06,0.1999999999999993,0.5714285714285714,1,8.428571428571429
1,1,1,9119,1,1,150.0,1,1,1,3,3,143.4,0,0,0,0,1,1,18,0,0,5,5,5,14.2,0,0,5,5,5,14.2,0,8.9,1.4,3.51,0.0,0.8333333333333334,1,11.833333333333334
1,1,2,9773,1,1,140.0,1,1,1,9,9,136.9,1,0,0,1,0,1,19,0,0,6,7,6,13.5,0,0,6,7,6,14.42857143,0,16.2,0.3,-0.92,0.9285714299999999,0.8571428571428571,0,11.571428571428571
1,42,1,9003,1,1,140.0,1,19,19,4,4,140.0,1,0,0,1,1,0,25,0,0,6,14,5,11.66666667,0,0,6,11,4,12.0,0,15.5,2.8,-4.06,0.3333333300000003,0.5714285714285714,1,8.333333335714286
1,1,1,9147,1,1,133.1,1,37,38,7,7,98.0,1,0,0,1,1,0,23,0,0,5,8,4,11.4,0,0,5,7,4,11.0,0,11.1,0.6,2.02,-0.40000000000000036,0.6666666666666666,1,7.6
1,1,1,9500,1,1,125.0,1,37,19,9,9,122.4,1,0,0,1,1,0,19,0,0,7,7,7,13.72571429,0,0,8,8,8,14.5,0,11.1,0.6,2.02,0.7742857099999991,0.8888888888888888,1,12.010000003750001
1,1,1,9670,1,1,133.1,1,1,37,9,10,139.0,0,0,0,1,1,0,21,0,0,6,6,5,12.8,0,0,6,9,5,12.25,0,10.8,1.4,1.74,-0.5500000000000007,0.7142857142857143,1,9.142857142857144
1,39,1,9500,1,1,130.0,1,37,37,3,7,143.8,0,0,0,1,1,0,27,0,0,8,8,7,15.57,0,0,8,8,7,15.57,0,10.8,1.4,1.74,0.0,0.7777777777777778,1,12.110000000000001
1,17,3,9254,1,1,118.0,1,19,1,4,4,115.9,1,0,0,1,1,1,18,0,0,6,7,6,12.14285714,0,0,6,8,6,11.33333333,0,8.9,1.4,3.51,-0.80952381,0.8571428571428571,0,10.408163262857142
1,1,3,9500,1,1,134.0,1,38,38,7,9,132.8,1,0,0,1,0,1,19,0,0,8,8,7,13.51285714,0,0,8,8,7,13.51285714,0,10.8,1.4,1.74,0.0,0.7777777777777778,0,10.509999997777777
1,1,1,9238,1,1,160.0,1,38,37,9,7,155.5,1,0,0,1,0,1,18,0,0,6,7,6,12.83333333,0,0,6,6,6,12.16666667,0,10.8,1.4,1.74,-0.6666666600000006,0.8571428571428571,0,10.999999997142856
1,1,2,9147,1,1,131.0,1,1,1,9,9,118.8,0,0,0,1,1,1,18,0,0,5,9,4,11.5,0,0,5,5,5,12.8,0,12.4,0.5,1.79,1.3000000000000007,0.8333333333333334,0,7.666666666666666
1,1,3,9119,1,1,117.0,1,1,1,3,5,111.1,0,0,0,1,1,1,19,0,0,5,10,5,11.8,0,0,5,12,3,11.5,0,11.1,0.6,2.02,-0.3000000000000007,0.5,0,9.833333333333334
1,39,1,9254,1,1,130.0,1,37,37,9,9,126.5,0,0,0,1,1,0,26,0,0,6,7,6,12.42857143,0,0,6,6,6,12.83333333,0,7.6,2.6,0.32,0.40476190000000045,0.8571428571428571,1,10.653061225714286
1,1,2,9147,1,1,142.0,1,37,38,9,9,137.5,1,0,0,1,1,0,19,0,0,5,10,5,12.0,0,0,5,9,5,11.5,0,13.9,-0.3,0.79,-0.5,0.8333333333333334,1,10.0
1,43,1,9070,1,1,130.0,1,37,37,9,9,129.0,1,0,0,1,0,0,25,0,0,6,6,6,13.5,0,0,6,6,6,12.5,0,9.4,-0.8,-3.12,-1.0,0.8571428571428571,1,11.571428571428571
1,17,3,9500,1,1,140.0,1,3,2,3,3,126.4,1,0,0,1,0,0,18,0,0,7,7,7,13.88428571,0,0,8,9,8,14.75,0,11.1,0.6,2.02,0.8657142899999997,0.8888888888888888,1,12.14874999625
1,43,1,9085,1,1,130.0,1,19,38,4,9,130.0,1,0,0,0,0,0,19,0,0,6,12,5,13.0,0,0,6,12,3,11.66666667,0,13.9,-0.3,0.79,-1.3333333300000003,0.42857142857142855,2,9.285714285714286
1,1,3,9500,1,1,122.0,1,3,1,4,3,114.8,1,0,0,1,0,1,19,0,0,7,11,4,12.65,0,0,7,9,5,11.1,0,12.4,0.5,1.79,-1.5500000000000007,0.625,0,6.325
1,1,1,9238,1,1,120.0,1,3,3,3,3,111.6,0,0,0,1,0,0,20,0,0,6,6,6,14.5,0,0,6,6,6,12.66666667,0,12.4,0.5,1.79,-1.8333333300000003,0.8571428571428571,1,12.428571428571427
1,17,1,9254,1,1,160.0,1,19,37,5,3,152.0,0,0,0,1,0,0,18,0,0,6,7,6,14.71428571,0,0,6,7,6,14.16666667,0,12.7,3.7,-1.7,-0.5476190400000007,0.8571428571428571,1,12.612244894285714
1,1,1,9238,1,1,141.0,1,38,1,5,7,132.6,0,0,0,1,0,1,18,0,0,6,7,6,13.28571429,0,0,6,6,6,14.33333333,0,12.4,0.5,1.79,1.0476190400000007,0.8571428571428571,0,11.387755105714286
1,1,1,9147,1,1,128.0,1,38,37,5,6,122.1,0,0,0,1,0,1,18,0,0,5,11,4,11.57142857,0,0,5,9,5,12.0,0,13.9,-0.3,0.79,0.42857142999999986,0.8333333333333334,0,7.714285713333333
1,1,1,9853,1,1,162.0,1,37,19,9,8,142.8,0,0,1,1,0,0,18,0,0,6,10,5,13.0,0,0,6,10,4,11.5,0,12.7,3.7,-1.7,-1.5,0.5714285714285714,2,9.285714285714286
1,1,1,9238,1,1,130.0,1,1,1,4,4,124.8,0,0,0,1,0,1,18,0,0,6,9,6,11.5,0,0,6,11,5,14.0,0,11.1,0.6,2.02,2.5,0.7142857142857143,0,9.857142857142856
1,1,1,9147,1,1,133.1,1,19,19,9,9,119.0,1,0,0,0,0,1,19,0,0,5,7,3,10.66666667,0,0,5,10,3,12.28571429,0,10.8,1.4,1.74,1.61904762,0.5,1,5.333333335
1,17,1,9500,1,1,137.0,1,19,38,3,9,124.9,0,0,0,1,0,1,19,0,0,7,11,6,13.8875,0,0,8,9,8,14.86444444,0,15.5,2.8,-4.06,0.9769444400000005,0.8888888888888888,0,10.415624999999999
1,17,3,9500,1,1,133.0,1,3,19,2,5,130.8,1,0,0,1,0,0,19,0,0,8,8,8,13.4275,0,0,8,8,8,13.4275,0,9.4,-0.8,-3.12,0.0,0.8888888888888888,1,11.935555555555554
1,39,1,9070,1,1,130.0,1,1,19,4,4,110.0,1,0,0,1,0,0,24,0,0,6,6,6,15.16666667,0,0,6,6,2,15.5,0,15.5,2.8,-4.06,0.3333333300000003,0.2857142857142857,1,13.000000002857142
1,1,1,9147,1,1,158.0,1,1,38,3,6,155.2,0,0,0,1,1,1,18,0,0,5,5,5,11.8,0,0,5,8,3,11.0,0,9.4,-0.8,-3.12,-0.8000000000000007,0.5,0,9.833333333333334
1,1,1,9130,1,1,138.0,1,3,19,2,4,131.0,1,0,0,1,1,0,19,0,0,6,8,4,11.6,0,0,6,14,2,13.0,0,11.1,0.6,2.02,1.4000000000000004,0.2857142857142857,1,6.628571428571428
1,17,1,9003,1,1,126.0,1,37,3,5,2,116.9,0,0,0,1,1,0,19,0,0,6,10,6,13.66666667,0,0,6,10,4,12.25,0,13.9,-0.3,0.79,-1.4166666699999997,0.5714285714285714,1,11.714285717142856
1,1,2,9500,1,1,143.0,1,5,5,2,2,137.8,0,0,0,1,1,0,19,0,0,7,10,6,13.49285714,0,0,8,9,8,12.68888889,0,12.4,0.5,1.79,-0.8039682500000005,0.8888888888888888,1,10.119642855
1,43,3,9254,1,1,135.0,1,3,3,2,2,122.1,0,0,0,1,1,0,19,0,0,6,14,3,12.5,0,0,6,9,4,11.0,0,12.7,3.7,-1.7,-1.5,0.5714285714285714,1,5.357142857142857
1,1,1,9119,1,1,148.0,1,19,38,9,7,133.0,0,0,0,1,1,0,18,0,0,5,12,5,13.28571429,0,0,5,16,5,14.8,0,12.4,0.5,1.79,1.5142857100000011,0.8333333333333334,1,11.071428575
1,1,1,9070,1,1,136.0,1,3,3,9,9,136.0,1,0,1,0,0,1,19,0,0,6,6,6,11.83333333,0,0,6,8,6,12.875,0,10.8,1.4,1.74,1.0416666699999997,0.8571428571428571,2,10.14285714
1,17,3,9070,1,1,130.0,1,1,4,4,2,131.4,0,0,0,1,1,0,20,0,0,6,6,6,14.16666667,0,0,6,8,6,12.33333333,0,11.1,0.6,2.02,-1.8333333399999994,0.8571428571428571,1,12.142857145714284
1,17,1,9070,1,1,127.0,1,37,38,9,5,131.2,1,0,0,1,1,0,18,0,0,6,6,6,11.83333333,0,0,6,6,6,13.16666667,0,7.6,2.6,0.32,1.3333333399999994,0.8571428571428571,1,10.14285714
1,39,1,9991,0,1,130.0,1,1,1,3,7,140.0,0,0,0,1,1,0,26,0,0,5,5,5,12.4,0,0,5,5,5,12.4,0,15.5,2.8,-4.06,0.0,0.8333333333333334,1,10.333333333333334
1,1,1,9773,1,1,150.0,1,19,11,0,0,131.1,1,0,0,1,1,0,19,0,0,6,6,6,11.66666667,0,0,6,10,3,12.66666667,0,7.6,2.6,0.32,1.0,0.42857142857142855,1,10.000000002857142
1,1,1,9500,1,1,125.0,1,37,37,9,9,118.8,0,0,0,1,1,0,24,0,0,7,7,6,13.3,0,0,7,7,6,13.3,0,7.6,2.6,0.32,0.0,0.75,1,9.975000000000001
1,17,1,9500,1,1,157.0,1,19,3,4,9,138.8,0,0,0,1,1,0,18,0,0,8,8,7,13.55714286,0,0,8,8,7,13.55714286,0,12.7,3.7,-1.7,0.0,0.7777777777777778,1,10.544444446666667
1,1,1,9500,1,1,132.0,1,19,2,9,3,126.0,1,0,0,1,0,0,19,0,0,7,7,6,12.18333333,0,0,7,7,6,12.18333333,0,7.6,2.6,0.32,0.0,0.75,1,9.1374999975
1,1,1,9070,1,1,124.0,1,19,19,7,9,132.1,1,0,0,1,0,0,19,0,0,6,10,2,10.5,0,0,6,6,3,11.0,0,7.6,2.6,0.32,0.5,0.42857142857142855,1,3.0
1,1,1,9773,1,1,121.0,1,3,3,2,2,112.3,1,0,1,0,0,0,18,0,0,6,7,5,12.2,0,0,6,11,4,11.5,0,11.1,0.6,2.02,-0.6999999999999993,0.5714285714285714,3,8.714285714285714
1,43,1,9773,1,1,126.0,1,1,37,3,0,110.0,0,0,1,1,0,0,20,0,0,6,7,6,13.33333333,0,0,6,8,6,12.66666667,0,12.4,0.5,1.79,-0.6666666600000006,0.8571428571428571,2,11.428571425714285
1,1,1,9130,1,1,127.0,1,1,1,4,4,120.4,1,0,0,1,0,0,18,0,0,6,9,6,15.125,0,0,6,9,6,14.0,0,13.9,-0.3,0.79,-1.125,0.8571428571428571,1,12.964285714285714
1,17,1,9500,1,1,160.0,1,19,1,4,10,153.0,1,0,0,1,0,0,18,0,0,7,7,6,13.11666667,0,0,7,7,6,13.11666667,0,7.6,2.6,0.32,0.0,0.75,1,9.8375000025
1,1,1,9773,1,1,121.0,1,19,1,7,9,117.9,1,0,0,1,0,0,19,0,0,6,7,6,12.83333333,0,0,6,7,6,11.66666667,0,11.1,0.6,2.02,-1.1666666600000006,0.8571428571428571,1,10.999999997142856
1,17,1,9853,1,1,112.0,1,2,19,3,9,106.1,1,0,0,1,0,0,19,0,0,6,8,5,12.33333333,0,0,6,8,5,11.0,0,15.5,2.8,-4.06,-1.3333333300000003,0.7142857142857143,1,8.809523807142858
1,1,1,9500,1,1,148.0,1,3,3,2,2,137.3,1,0,0,1,0,0,19,0,0,7,7,6,14.26666667,0,0,7,7,6,14.26666667,0,7.6,2.6,0.32,0.0,0.75,1,10.7000000025
1,1,2,9670,1,1,120.0,1,3,19,4,5,115.5,1,0,0,1,0,0,18,0,0,6,8,5,13.0,0,0,6,8,5,14.0,0,13.9,-0.3,0.79,1.0,0.7142857142857143,1,9.285714285714286
1,1,2,9500,1,1,132.0,1,37,37,5,7,127.5,1,0,0,1,0,0,20,0,0,8,8,8,12.48375,0,0,8,8,8,12.48375,0,9.4,-0.8,-3.12,0.0,0.8888888888888888,1,11.096666666666666
1,1,2,9556,1,1,125.0,1,38,1,9,3,116.3,1,0,0,1,0,0,18,0,0,7,8,7,13.42857143,0,0,8,8,8,15.3125,0,16.2,0.3,-0.92,1.8839285700000001,0.8888888888888888,1,11.75000000125
1,1,1,9853,1,1,142.0,1,12,12,9,4,132.6,1,0,0,1,0,0,18,0,0,6,8,5,15.4,0,0,6,7,5,12.2,0,7.6,2.6,0.32,-3.200000000000001,0.7142857142857143,1,11.0
1,1,2,9070,1,1,135.0,1,19,37,9,9,134.0,1,0,0,1,0,1,22,0,0,6,10,5,10.8,0,0,6,7,5,12.8,0,12.7,3.7,-1.7,2.0,0.7142857142857143,0,7.714285714285715
1,43,1,9670,1,1,151.0,1,19,19,1,1,100.0,0,0,1,1,0,0,20,0,0,6,12,5,12.2,0,0,6,8,5,14.6,0,13.9,-0.3,0.79,2.4000000000000004,0.7142857142857143,2,8.714285714285714
1,1,2,9238,1,1,136.0,1,37,38,9,8,139.2,1,0,0,1,0,0,18,0,0,6,7,6,13.83333333,0,0,6,6,6,14.0,0,9.4,-0.8,-3.12,0.16666666999999968,0.8571428571428571,1,11.857142854285714
1,1,1,9853,1,1,142.0,1,19,1,9,1,132.6,0,0,0,1,0,0,18,0,0,6,8,5,12.8,0,0,6,14,3,10.0,0,9.4,-0.8,-3.12,-2.8000000000000007,0.42857142857142855,1,9.142857142857144
1,17,3,9147,1,1,142.0,1,37,38,5,1,129.4,0,0,0,1,0,0,18,0,0,5,5,5,13.2,0,0,5,6,4,12.5,0,9.4,-0.8,-3.12,-0.6999999999999993,0.6666666666666666,1,11.0
1,1,1,9085,1,1,134.0,1,38,19,9,4,128.4,1,0,0,1,0,1,19,0,0,5,7,5,12.5,0,0,5,8,5,12.71428571,0,10.8,1.4,1.74,0.2142857100000004,0.8333333333333334,0,10.416666666666668
1,17,2,9773,1,1,142.0,1,19,19,9,9,139.9,0,0,0,1,0,1,18,0,0,6,7,6,13.42857143,0,0,6,6,6,12.5,0,13.9,-0.3,0.79,-0.9285714299999999,0.8571428571428571,0,11.510204082857141
1,1,1,9070,1,1,123.0,1,38,38,9,5,124.8,0,0,0,0,0,1,18,0,0,6,7,5,11.8,0,0,6,7,5,13.0,0,8.9,1.4,3.51,1.1999999999999993,0.7142857142857143,1,8.428571428571429
1,17,3,9500,1,1,133.0,1,1,1,9,9,128.5,1,0,0,1,0,1,18,0,0,7,7,7,14.86857143,0,0,8,9,8,15.11111111,0,11.1,0.6,2.02,0.24253968000000015,0.8888888888888888,0,13.010000001249999
1,17,1,9670,1,1,120.0,1,38,38,5,7,115.1,1,0,0,1,0,0,19,0,0,6,7,6,14.57142857,0,0,6,7,6,12.33333333,0,12.4,0.5,1.79,-2.23809524,0.8571428571428571,1,12.489795917142857
1,17,2,9238,1,1,125.0,1,19,19,3,3,118.0,1,0,0,1,0,0,18,0,0,6,9,5,11.0,0,0,6,9,4,11.25,0,8.9,1.4,3.51,0.25,0.5714285714285714,1,7.857142857142858
1,17,1,9130,1,1,147.0,1,4,1,2,10,141.8,1,0,0,1,0,0,19,0,0,6,8,6,13.0,0,0,6,9,4,12.8,0,13.9,-0.3,0.79,-0.1999999999999993,0.5714285714285714,1,11.142857142857142
1,1,2,9773,1,1,124.0,1,3,3,3,4,114.6,1,0,0,1,0,0,21,0,0,6,8,5,12.8,0,0,6,7,5,11.2,0,11.1,0.6,2.02,-1.6000000000000014,0.7142857142857143,1,9.142857142857144
1,1,2,9254,1,1,136.0,1,1,1,9,4,123.4,1,0,0,1,0,1,18,0,0,6,9,6,13.57142857,0,0,6,6,6,12.16666667,0,8.9,1.4,3.51,-1.4047619000000005,0.8571428571428571,0,11.632653059999999
1,1,1,9238,1,1,116.0,1,38,38,9,6,116.4,1,0,0,1,0,0,18,0,0,6,6,6,13.16666667,0,0,6,6,6,13.16666667,0,8.9,1.4,3.51,0.0,0.8571428571428571,1,11.285714288571429
1,1,1,9070,1,1,117.0,1,4,19,3,5,123.7,1,0,0,1,0,0,19,0,0,6,6,6,12.66666667,0,0,6,8,5,11.4,0,12.4,0.5,1.79,-1.2666666699999993,0.7142857142857143,1,10.85714286
1,1,2,9773,1,1,116.0,1,1,19,4,7,127.6,1,0,0,1,0,1,19,0,0,6,7,6,13.85714286,0,0,6,7,6,13.14285714,0,13.9,-0.3,0.79,-0.7142857199999995,0.8571428571428571,0,11.877551022857142
1,1,1,9500,1,1,157.0,1,19,38,5,3,149.3,0,0,0,1,0,0,18,0,0,8,8,8,14.035,0,0,8,8,8,14.035,0,9.4,-0.8,-3.12,0.0,0.8888888888888888,1,12.475555555555555
1,1,1,9773,1,1,139.0,1,38,38,9,9,145.0,1,0,0,1,0,1,18,0,0,6,6,6,13.33333333,0,0,6,6,6,13.33333333,0,9.4,-0.8,-3.12,0.0,0.8571428571428571,0,11.428571425714285
1,18,1,9500,1,1,115.0,1,38,37,5,5,115.0,0,0,0,1,0,0,20,0,0,7,13,6,11.7725,0,0,8,9,7,12.33,0,15.5,2.8,-4.06,0.5574999999999992,0.7777777777777778,1,8.829375
1,18,1,9853,1,1,117.0,1,19,38,4,0,113.5,1,0,0,1,0,0,19,0,0,7,10,6,12.16666667,0,0,7,9,6,13.16666667,0,12.4,0.5,1.79,1.0,0.75,1,9.1250000025
1,1,1,9238,1,1,133.1,1,12,38,4,9,107.0,1,0,0,1,0,0,19,0,0,6,11,5,10.6,0,0,6,10,6,11.71428571,0,11.1,0.6,2.02,1.1142857100000008,0.8571428571428571,1,7.571428571428571
1,1,1,9238,1,1,134.0,1,1,1,4,9,124.2,1,0,1,1,0,1,19,0,0,6,6,6,12.83333333,0,0,6,6,6,12.66666667,0,9.4,-0.8,-3.12,-0.16666666000000063,0.8571428571428571,1,10.999999997142856
1,1,1,9670,1,1,115.0,1,1,1,5,4,108.0,1,0,0,1,0,1,20,0,0,6,9,5,13.0,0,0,6,6,5,13.8,0,12.4,0.5,1.79,0.8000000000000007,0.7142857142857143,0,9.285714285714286
1,1,2,9500,1,1,119.0,1,1,1,4,4,115.2,1,0,0,1,0,1,20,0,0,7,8,7,12.725,0,0,8,8,8,13.7125,0,13.9,-0.3,0.79,0.9875000000000007,0.8888888888888888,0,11.134375
1,17,1,9853,1,1,146.0,1,1,1,3,4,128.2,0,0,1,1,0,0,18,0,0,6,8,4,13.25,0,0,6,10,3,10.66666667,0,12.7,3.7,-1.7,-2.5833333300000003,0.42857142857142855,2,7.571428571428571
1,17,1,9085,1,1,128.0,1,2,19,2,4,123.3,1,0,0,1,0,1,20,0,0,6,6,6,14.83333333,0,0,6,8,6,12.14285714,0,8.9,1.4,3.51,-2.69047619,0.8571428571428571,0,12.714285711428571
1,17,2,9670,1,1,129.0,1,19,19,5,4,129.4,0,0,0,1,0,1,19,0,0,6,7,5,11.2,0,0,6,10,5,13.125,0,10.8,1.4,1.74,1.9250000000000007,0.7142857142857143,0,8.0
1,17,1,9147,1,1,122.0,1,19,19,4,6,119.9,0,0,0,1,0,1,21,0,0,5,6,5,11.4,0,0,5,6,5,12.2,0,12.7,3.7,-1.7,0.7999999999999989,0.8333333333333334,0,9.5
1,44,1,9085,1,1,140.0,1,1,2,3,3,140.0,0,0,0,1,0,0,20,0,0,6,7,6,14.28571429,0,0,6,9,3,13.0,0,13.9,-0.3,0.79,-1.2857142899999996,0.42857142857142855,1,12.244897962857141
1,1,1,9670,1,1,123.0,1,12,1,9,9,119.2,1,0,0,1,0,1,18,0,0,6,8,5,13.5,0,0,6,6,6,14.5,0,12.4,0.5,1.79,1.0,0.8571428571428571,0,9.642857142857142
1,1,1,9147,1,1,140.0,1,19,19,9,9,124.3,1,0,0,1,0,1,18,0,0,5,8,4,10.75,0,0,5,5,5,13.0,0,12.4,0.5,1.79,2.25,0.8333333333333334,0,7.166666666666666
1,17,1,9238,1,1,116.0,1,19,19,7,7,111.1,1,0,0,1,0,1,18,0,0,6,9,6,11.33333333,0,0,6,9,6,11.83333333,0,8.9,1.4,3.51,0.5,0.8571428571428571,0,9.714285711428571
1,1,1,9500,1,1,147.0,1,38,19,5,8,147.3,0,0,0,1,0,0,18,0,0,7,7,6,13.96666667,0,0,7,7,6,13.96666667,0,7.6,2.6,0.32,0.0,0.75,1,10.4750000025
1,1,1,9500,1,1,162.0,1,19,1,5,5,147.5,1,0,0,1,0,1,18,0,0,8,8,8,14.14125,0,0,8,8,8,14.14125,0,9.4,-0.8,-3.12,0.0,0.8888888888888888,0,12.569999999999999
1,17,2,9254,1,1,108.0,1,37,37,9,7,108.0,1,0,0,1,0,1,20,0,0,6,10,4,11.6,0,0,6,10,4,11.75,0,12.7,3.7,-1.7,0.15000000000000036,0.5714285714285714,0,6.628571428571428
1,1,2,9500,1,1,116.0,1,19,37,3,3,109.0,1,0,0,1,0,1,23,0,0,7,8,6,12.99333333,0,0,8,9,8,12.66875,0,11.1,0.6,2.02,-0.32458333000000117,0.8888888888888888,0,9.7449999975
1,17,1,9085,1,1,142.0,1,3,37,4,8,132.4,1,0,0,1,0,0,18,0,0,6,8,6,13.85714286,0,0,6,15,6,13.1,0,12.4,0.5,1.79,-0.7571428600000001,0.8571428571428571,1,11.877551022857142
1,17,1,9773,1,1,121.0,1,37,37,9,9,122.4,0,0,0,1,0,0,18,0,0,6,7,6,12.85714286,0,0,6,6,6,13.33333333,0,13.9,-0.3,0.79,0.4761904700000006,0.8571428571428571,1,11.020408165714285
1,39,1,9254,1,1,133.1,1,1,1,9,6,105.0,1,0,1,0,0,0,24,0,0,6,14,6,11.28571429,0,0,6,16,3,10.33333333,0,8.9,1.4,3.51,-0.9523809599999993,0.42857142857142855,3,9.67346939142857
1,51,1,9254,1,1,120.0,1,38,38,9,9,118.0,0,0,0,1,0,0,28,0,0,6,8,6,12.85714286,0,0,6,8,5,12.6,0,8.9,1.4,3.51,-0.2571428600000001,0.7142857142857143,1,11.020408165714285
1,1,1,9085,1,1,133.0,1,1,37,4,10,143.2,0,0,0,1,0,0,19,0,0,5,7,5,14.4,0,0,5,6,5,13.2,0,7.6,2.6,0.32,-1.200000000000001,0.8333333333333334,1,12.0
1,16,3,9085,1,1,130.0,1,37,37,9,2,119.5,1,0,0,1,0,1,18,0,0,6,14,6,14.33333333,0,0,6,9,6,12.0,0,15.5,2.8,-4.06,-2.3333333300000003,0.8571428571428571,0,12.285714282857143
1,18,1,9853,1,1,132.0,1,37,37,9,5,126.1,0,0,0,1,0,1,18,0,0,7,9,6,12.33333333,0,0,7,7,6,12.66666667,0,11.1,0.6,2.02,0.33333333999999937,0.75,0,9.2499999975
1,1,1,9238,1,1,105.0,1,19,19,6,6,106.1,1,0,0,1,0,0,20,0,0,6,6,6,11.5,0,0,6,7,6,13.28571429,0,11.1,0.6,2.02,1.7857142899999996,0.8571428571428571,1,9.857142857142856
1,39,1,9254,1,1,160.0,1,3,1,6,6,116.3,1,0,0,1,0,0,24,0,0,6,8,5,12.6,0,0,6,7,5,12.2,0,9.4,-0.8,-3.12,-0.40000000000000036,0.7142857142857143,1,9.0
1,1,1,9500,1,1,144.0,1,38,1,9,10,137.4,0,0,0,1,0,0,19,0,0,7,7,7,13.54285714,0,0,8,9,8,14.22222222,0,16.2,0.3,-0.92,0.6793650800000002,0.8888888888888888,1,11.849999997500001
1,1,2,9773,1,1,143.0,1,1,1,4,9,144.1,1,0,0,1,1,1,19,0,0,6,7,6,13.66666667,0,0,6,6,6,13.83333333,0,12.7,3.7,-1.7,0.16666666000000063,0.8571428571428571,0,11.714285717142856
1,1,1,9070,1,1,116.0,1,1,12,5,8,110.4,1,0,0,1,1,0,19,0,0,6,6,6,11.5,0,0,6,8,6,12.28571429,0,8.9,1.4,3.51,0.7857142899999996,0.8571428571428571,1,9.857142857142856
1,43,1,9500,1,1,141.0,1,4,19,4,10,100.0,0,0,0,1,1,0,18,0,0,7,7,7,11.82857143,0,0,8,10,7,12.9125,0,13.9,-0.3,0.79,1.0839285699999994,0.7777777777777778,1,10.35000000125
1,1,1,9500,1,1,132.0,1,19,37,4,9,128.0,1,0,0,1,0,1,19,0,0,7,7,6,12.96666667,0,0,7,7,6,12.96666667,0,7.6,2.6,0.32,0.0,0.75,0,9.7250000025
1,1,1,9773,1,1,135.0,1,37,38,9,6,122.1,1,0,0,1,1,0,18,0,0,6,6,6,13.83333333,0,0,6,6,6,13.66666667,0,12.7,3.7,-1.7,-0.16666666000000063,0.8571428571428571,1,11.857142854285714
1,17,2,9500,1,1,135.0,1,19,19,9,10,133.4,1,0,0,1,0,0,19,0,0,7,7,7,14.12571429,0,0,8,8,8,14.36875,0,11.1,0.6,2.02,0.2430357100000009,0.8888888888888888,1,12.360000003749999
1,17,1,9147,1,1,137.0,1,1,37,5,9,131.4,1,0,0,1,1,0,22,0,0,5,8,2,10.0,0,0,5,7,1,10.0,0,7.6,2.6,0.32,0.0,0.16666666666666666,1,3.333333333333333
1,1,3,9254,1,1,118.0,1,1,19,9,9,111.7,1,0,0,1,0,0,19,0,0,6,6,6,12.5,0,0,6,6,6,12.16666667,0,12.4,0.5,1.79,-0.3333333300000003,0.8571428571428571,1,10.714285714285714
1,1,2,9500,1,1,133.0,1,19,1,9,1,122.2,0,0,0,1,0,0,20,0,0,7,9,6,12.78333333,0,0,8,9,7,12.84285714,0,13.9,-0.3,0.79,0.059523809999999955,0.7777777777777778,1,9.5874999975
1,17,2,9556,1,1,125.0,1,38,19,7,7,121.5,1,0,0,1,0,0,20,0,0,7,13,4,13.5,0,0,7,11,4,11.225,0,11.1,0.6,2.02,-2.2750000000000004,0.5,1,6.75
1,1,1,9238,1,1,124.0,1,37,38,9,3,114.2,0,0,0,1,0,0,18,0,0,6,13,4,11.0,0,0,6,12,5,10.83333333,0,15.5,2.8,-4.06,-0.16666666999999968,0.7142857142857143,1,6.285714285714286
1,17,1,9238,1,1,133.0,1,38,38,7,7,125.3,1,0,0,1,0,1,18,0,0,6,6,6,11.33333333,0,0,6,7,6,12.28571429,0,15.5,2.8,-4.06,0.9523809599999993,0.8571428571428571,0,9.714285711428571
1,1,2,9556,1,1,142.0,1,1,19,4,5,130.5,1,0,0,1,0,1,18,0,0,7,8,7,12.21428571,0,0,8,8,8,14.0625,0,16.2,0.3,-0.92,1.8482142899999996,0.8888888888888888,0,10.68749999625
1,1,3,9500,1,1,141.0,1,1,1,9,9,126.3,1,0,0,1,0,0,18,0,0,8,8,7,13.32857143,0,0,8,8,7,13.32857143,0,12.7,3.7,-1.7,0.0,0.7777777777777778,1,10.366666667777778
1,1,1,9085,1,1,120.0,1,38,38,4,7,111.6,1,0,0,1,0,0,19,0,0,6,12,5,14.0,0,0,6,14,5,11.0,0,16.2,0.3,-0.92,-3.0,0.7142857142857143,1,10.0
1,1,2,9853,1,1,134.0,1,1,38,9,8,122.5,1,0,0,1,0,1,19,0,0,6,7,6,14.0,0,0,6,6,6,15.0,0,15.5,2.8,-4.06,1.0,0.8571428571428571,0,12.0
1,1,1,9670,1,1,113.0,1,1,37,1,10,116.5,1,0,0,1,0,0,19,0,0,6,7,6,12.83333333,0,0,6,10,6,11.77777778,0,8.9,1.4,3.51,-1.0555555500000011,0.8571428571428571,1,10.999999997142856
1,1,1,9500,1,1,135.0,1,19,3,9,4,121.5,1,0,0,1,0,0,18,0,0,7,7,6,12.91666667,0,0,7,7,6,12.91666667,0,7.6,2.6,0.32,0.0,0.75,1,9.6875000025
1,1,1,9670,1,1,133.1,1,38,38,5,9,105.0,1,0,0,1,0,0,20,0,0,6,9,6,13.28571429,0,0,6,8,5,13.8,0,15.5,2.8,-4.06,0.5142857100000011,0.7142857142857143,1,11.387755105714286
1,1,3,9085,1,1,130.0,1,1,19,9,9,121.3,1,0,0,1,0,1,19,0,0,5,6,5,14.6,0,0,5,5,5,13.8,0,10.8,1.4,1.74,-0.7999999999999989,0.8333333333333334,0,12.166666666666666
1,1,1,9238,1,1,135.0,1,19,38,3,9,136.1,1,0,0,1,0,1,18,0,0,6,6,6,14.0,0,0,6,6,6,13.66666667,0,12.4,0.5,1.79,-0.3333333300000003,0.8571428571428571,0,12.0
1,17,2,9238,1,1,133.0,1,37,37,9,4,123.6,0,0,0,1,0,1,19,0,0,6,7,6,14.14285714,0,0,6,6,6,15.0,0,13.9,-0.3,0.79,0.8571428599999997,0.8571428571428571,0,12.122448977142856
1,17,2,9500,1,1,146.0,1,3,3,3,6,133.4,1,0,0,1,0,0,18,0,0,7,8,7,12.5,0,0,8,9,7,13.04285714,0,13.9,-0.3,0.79,0.5428571400000006,0.7777777777777778,1,10.9375
1,1,1,9500,1,1,144.0,1,38,37,9,9,125.8,0,0,0,1,0,1,19,0,0,8,12,7,12.47142857,0,0,8,12,7,12.47142857,0,12.7,3.7,-1.7,0.0,0.7777777777777778,0,9.69999999888889
1,1,1,9500,1,1,131.0,1,4,4,2,1,120.5,0,0,0,1,0,0,19,0,0,7,7,6,14.15,0,0,7,7,6,14.15,0,7.6,2.6,0.32,0.0,0.75,1,10.6125
1,1,2,9500,1,1,141.0,1,37,37,9,8,130.2,1,0,0,1,0,0,21,0,0,7,11,7,14.07222222,0,0,8,8,8,14.0475,0,15.5,2.8,-4.06,-0.024722220000001016,0.8888888888888888,1,12.3131944425
1,1,3,9773,1,1,138.0,1,3,1,2,3,135.9,1,0,0,1,0,0,18,0,0,6,7,6,14.85714286,0,0,6,6,6,14.66666667,0,13.9,-0.3,0.79,-0.19047619000000005,0.8571428571428571,1,12.734693879999998
1,1,1,9773,1,1,127.0,1,19,37,9,9,116.5,0,0,0,1,0,1,19,0,0,6,7,6,14.28571429,0,0,6,6,6,13.16666667,0,11.1,0.6,2.02,-1.11904762,0.8571428571428571,0,12.244897962857141
1,17,1,9130,1,1,157.0,1,3,2,3,6,150.9,1,0,0,1,0,0,18,0,0,6,8,6,15.0,0,0,6,8,5,15.16666667,0,13.9,-0.3,0.79,0.16666666999999968,0.7142857142857143,1,12.857142857142856
1,1,3,9500,1,1,129.0,1,19,19,4,8,127.3,1,0,0,1,0,1,20,0,0,7,7,6,12.63333333,0,0,7,7,6,12.63333333,0,7.6,2.6,0.32,0.0,0.75,0,9.4749999975
1,1,1,9500,1,1,156.0,1,5,4,2,1,140.8,0,0,0,1,0,0,18,0,0,8,8,7,15.7,0,0,8,8,7,15.7,0,12.7,3.7,-1.7,0.0,0.7777777777777778,1,12.21111111111111
1,1,1,9500,1,1,151.0,1,37,37,9,9,138.0,1,0,0,1,0,0,18,0,0,7,7,6,15.2,0,0,7,7,6,15.2,0,7.6,2.6,0.32,0.0,0.75,1,11.399999999999999
1,17,1,9853,1,1,135.0,1,3,3,2,2,132.9,1,0,0,0,0,0,29,0,0,6,9,6,16.33333333,0,0,6,8,5,15.6,0,12.7,3.7,-1.7,-0.7333333299999989,0.7142857142857143,2,13.999999997142854
1,17,2,9254,1,1,123.0,1,19,19,5,5,113.2,1,0,1,1,0,0,19,0,0,6,10,6,12.16666667,0,0,6,8,5,11.66666667,0,16.2,0.3,-0.92,-0.5,0.7142857142857143,2,10.428571431428571
1,17,1,9773,1,1,133.1,1,38,38,9,5,117.0,0,0,0,1,0,0,21,0,0,6,8,5,11.8,0,0,6,8,5,11.83333333,0,15.5,2.8,-4.06,0.033333329999999606,0.7142857142857143,1,8.428571428571429
1,1,2,9773,1,1,128.0,1,34,19,3,0,141.0,1,0,0,0,0,0,20,0,0,6,10,4,12.0,0,0,6,15,3,10.66666667,0,7.6,2.6,0.32,-1.3333333300000003,0.42857142857142855,2,6.857142857142857
1,1,1,9238,1,1,136.0,1,19,38,9,9,121.7,0,1,0,1,0,1,20,0,0,6,9,6,11.875,0,0,6,7,6,14.42857143,0,16.2,0.3,-0.92,2.55357143,0.8571428571428571,0,10.178571428571429
1,43,1,9500,1,1,127.0,1,19,19,4,7,121.1,0,0,0,1,0,1,18,0,0,7,11,5,12.16,0,0,7,7,2,13.4,0,16.2,0.3,-0.92,1.2400000000000002,0.25,0,7.6
1,16,1,9070,1,1,145.0,1,1,1,3,3,146.1,1,0,0,1,0,0,18,0,0,6,6,1,15.0,0,0,6,7,4,12.5,0,9.4,-0.8,-3.12,-2.5,0.5714285714285714,1,2.142857142857143
1,1,1,9773,1,1,140.0,1,37,37,9,9,142.5,1,0,0,1,0,0,18,0,0,6,6,6,13.33333333,0,0,6,9,5,13.2,0,9.4,-0.8,-3.12,-0.13333333000000103,0.7142857142857143,1,11.428571425714285
1,17,1,9003,1,1,131.0,1,19,1,9,2,134.5,1,0,0,1,0,1,19,0,0,6,7,6,15.0,0,0,6,8,6,14.33333333,0,12.4,0.5,1.79,-0.6666666699999997,0.8571428571428571,0,12.857142857142856
1,1,2,9556,1,1,136.0,1,19,19,9,9,129.5,1,0,0,1,0,0,18,0,0,7,9,7,15.15555556,0,0,8,8,8,16.8,0,12.7,3.7,-1.7,1.644444440000001,0.8888888888888888,1,13.261111115
1,17,1,9853,1,1,158.0,1,38,37,5,5,140.2,1,0,0,1,0,0,18,0,0,6,9,5,11.0,0,0,6,9,4,11.25,0,10.8,1.4,1.74,0.25,0.5714285714285714,1,7.857142857142858
1,1,1,9238,1,1,140.0,1,1,19,4,4,140.7,0,0,0,1,0,0,19,0,0,6,7,6,12.28571429,0,0,6,7,6,12.0,0,12.4,0.5,1.79,-0.2857142899999996,0.8571428571428571,1,10.530612248571428
1,1,1,9147,1,1,135.0,1,1,38,5,5,122.4,0,0,1,1,0,0,19,0,0,5,10,5,10.875,0,0,5,8,4,12.4,0,13.9,-0.3,0.79,1.5250000000000004,0.6666666666666666,2,9.0625
1,1,1,9147,1,1,122.0,1,37,37,9,7,120.6,1,0,0,1,0,1,19,0,0,5,5,5,12.8,0,0,5,8,5,11.6,0,9.4,-0.8,-3.12,-1.200000000000001,0.8333333333333334,0,10.666666666666668
1,17,2,9500,1,1,131.0,1,38,1,5,7,118.4,1,0,0,1,0,1,20,0,0,7,9,6,13.76666667,0,0,8,9,8,13.74444444,0,16.2,0.3,-0.92,-0.022222229999998788,0.8888888888888888,0,10.3250000025
1,1,1,9085,1,1,125.0,1,19,37,3,7,126.8,0,0,0,1,0,0,18,0,0,6,13,6,12.0,0,0,6,16,4,12.75,0,11.1,0.6,2.02,0.75,0.5714285714285714,1,10.285714285714285
1,1,1,9238,1,1,142.0,1,1,37,5,7,128.0,0,0,0,1,0,1,19,0,0,6,8,6,12.25,0,0,6,8,6,12.0,0,16.2,0.3,-0.92,-0.25,0.8571428571428571,0,10.5
1,1,2,9147,1,1,119.0,1,19,37,4,5,113.8,1,0,0,1,0,0,20,0,0,5,8,3,11.33333333,0,0,5,8,5,12.2,0,7.6,2.6,0.32,0.866666669999999,0.8333333333333334,1,5.666666665
1,1,3,9500,1,1,150.0,1,19,38,1,1,130.8,1,0,0,1,0,0,18,0,0,8,8,7,13.61428571,0,0,8,8,7,13.61428571,0,12.7,3.7,-1.7,0.0,0.7777777777777778,1,10.588888885555557
1,17,2,9556,1,1,122.0,1,19,38,4,8,118.3,1,0,0,1,0,1,19,0,0,7,7,7,11.97142857,0,0,8,8,8,14.4375,0,15.5,2.8,-4.06,2.4660714299999995,0.8888888888888888,0,10.47499999875
1,17,1,9238,1,1,123.0,1,1,1,9,9,115.7,1,0,0,1,0,0,21,0,0,6,8,6,12.16666667,0,0,6,7,6,13.28571429,0,11.1,0.6,2.02,1.11904762,0.8571428571428571,1,10.428571431428571
1,17,1,9130,1,1,143.0,1,3,3,2,2,131.8,1,0,1,0,0,0,18,0,0,6,9,5,12.4,0,0,6,12,5,14.16666667,0,8.9,1.4,3.51,1.7666666699999993,0.7142857142857143,3,8.857142857142858
1,1,1,9070,1,1,150.0,1,37,37,9,6,131.1,0,0,0,1,0,1,19,0,0,6,7,5,13.4,0,0,6,6,6,12.83333333,0,15.5,2.8,-4.06,-0.56666667,0.8571428571428571,0,9.571428571428571
1,10,1,9085,1,1,140.0,1,19,19,4,5,140.0,1,0,0,1,0,0,21,0,0,5,6,5,14.2,0,0,5,5,5,14.8,0,10.8,1.4,1.74,0.6000000000000014,0.8333333333333334,1,11.833333333333334
1,1,1,9238,1,1,133.1,1,38,37,5,5,108.0,0,0,0,1,0,1,20,0,0,6,8,6,12.125,0,0,6,7,6,14.42857143,0,16.2,0.3,-0.92,2.30357143,0.8571428571428571,0,10.392857142857142
1,1,1,9853,1,1,132.0,1,1,19,3,3,122.9,1,0,0,1,0,0,20,0,0,7,7,7,13.85714286,0,0,7,7,7,13.28571429,0,11.1,0.6,2.02,-0.5714285700000001,0.875,1,12.1250000025
1,1,1,9500,1,1,148.0,1,19,19,9,9,138.7,0,0,0,1,0,1,19,0,0,7,10,7,15.115,0,0,8,10,8,15.092,0,15.5,2.8,-4.06,-0.022999999999999687,0.8888888888888888,0,13.225625
1,1,2,9853,1,1,112.0,1,3,1,3,5,111.0,0,0,0,1,0,0,21,0,0,6,8,5,13.2,0,0,6,9,5,14.33333333,0,9.4,-0.8,-3.12,1.133333330000001,0.7142857142857143,1,9.428571428571429
1,17,2,9670,1,1,123.0,1,34,37,0,0,114.6,1,0,1,0,0,0,18,0,0,5,8,3,12.0,0,0,5,6,4,10.75,0,7.6,2.6,0.32,-1.25,0.6666666666666666,3,6.0
1,1,2,9773,1,1,159.0,1,1,1,3,3,151.0,1,0,0,1,0,0,18,0,0,6,6,6,14.83333333,0,0,6,6,6,15.33333333,0,12.7,3.7,-1.7,0.5,0.8571428571428571,1,12.714285711428571
1,17,1,9500,1,1,148.0,1,38,37,5,9,137.8,1,0,0,1,0,1,18,0,0,8,8,7,14.96285714,0,0,8,8,7,14.96285714,0,10.8,1.4,1.74,0.0,0.7777777777777778,0,11.637777775555556
1,18,2,9500,1,1,131.0,1,1,3,3,2,121.2,1,0,0,1,0,0,18,0,0,7,8,7,12.4,0,0,8,9,8,12.8,0,16.2,0.3,-0.92,0.40000000000000036,0.8888888888888888,1,10.85
1,17,1,9670,1,1,145.0,1,3,3,2,1,129.3,1,0,0,1,0,0,20,0,0,6,7,6,15.57142857,0,0,6,6,6,17.16666667,0,16.2,0.3,-0.92,1.5952381000000013,0.8571428571428571,1,13.346938774285714
1,17,1,9500,1,1,147.0,1,1,1,5,5,134.9,0,1,0,1,0,0,18,0,0,7,7,7,13.64285714,0,0,8,11,8,14.77272727,0,16.2,0.3,-0.92,1.1298701300000005,0.8888888888888888,1,11.9374999975
1,1,3,9773,1,1,129.0,1,38,37,5,5,142.0,1,0,0,1,0,0,19,0,0,6,8,6,12.66666667,0,0,6,7,6,12.71428571,0,9.4,-0.8,-3.12,0.04761904000000072,0.8571428571428571,1,10.85714286
1,17,1,9238,1,1,128.0,1,19,19,5,4,116.5,0,0,0,1,0,1,18,0,0,6,8,5,10.8,0,0,6,9,6,10.5,0,12.4,0.5,1.79,-0.3000000000000007,0.8571428571428571,0,7.714285714285715
1,43,1,9500,1,1,140.0,1,19,19,7,7,138.6,0,0,0,1,0,1,19,0,0,7,9,6,14.25,0,0,8,11,8,13.06363636,0,16.2,0.3,-0.92,-1.1863636399999997,0.8888888888888888,0,10.6875
1,17,2,9238,1,1,133.0,1,2,1,3,4,136.2,1,0,0,1,0,0,19,0,0,6,14,1,11.5,0,0,6,12,2,10.5,0,7.6,2.6,0.32,-1.0,0.2857142857142857,1,1.6428571428571428
1,17,1,9254,1,1,125.0,1,19,19,7,5,118.0,1,0,0,1,0,1,19,0,0,6,10,4,12.25,0,0,6,9,3,12.33333333,0,9.4,-0.8,-3.12,0.08333333000000032,0.42857142857142855,0,7.0
1,17,1,9254,1,1,140.0,1,3,1,2,3,129.9,0,0,0,1,0,1,19,0,0,6,15,6,11.33333333,0,0,6,9,3,12.66666667,0,9.4,-0.8,-3.12,1.3333333399999994,0.42857142857142855,0,9.714285711428571
1,1,2,9773,1,1,133.1,1,38,19,4,7,98.0,1,0,0,1,1,1,19,0,0,6,8,4,12.0,0,0,6,8,6,12.28571429,0,15.5,2.8,-4.06,0.2857142899999996,0.8571428571428571,0,6.857142857142857
1,17,2,9147,1,1,130.0,1,1,38,5,7,122.0,1,0,0,1,1,0,20,0,0,5,8,2,10.5,0,0,5,11,4,12.25,0,10.8,1.4,1.74,1.75,0.6666666666666666,1,3.5
1,1,3,9147,1,1,136.0,1,38,38,9,9,127.3,1,0,0,1,1,0,19,0,0,5,8,3,11.0,0,0,5,7,2,10.0,0,12.7,3.7,-1.7,-1.0,0.3333333333333333,1,5.5
1,17,2,9254,1,1,121.0,1,19,38,6,6,116.1,1,0,0,1,1,0,19,0,0,6,8,5,11.2,0,0,6,11,4,12.5,0,15.5,2.8,-4.06,1.3000000000000007,0.5714285714285714,1,8.0
1,5,2,9070,1,1,143.0,1,1,1,4,10,146.2,1,0,0,1,1,0,18,0,0,6,7,5,13.2,0,0,6,6,5,11.8,0,16.2,0.3,-0.92,-1.3999999999999986,0.7142857142857143,1,9.428571428571429
1,17,2,9147,1,1,133.1,1,38,38,4,7,109.0,1,0,0,1,1,1,22,0,0,5,7,3,12.33333333,0,0,5,9,3,10.57142857,0,10.8,1.4,1.74,-1.7619047600000002,0.5,0,6.166666665
1,1,3,9500,1,1,149.0,1,1,1,4,4,129.3,1,0,0,1,1,0,18,0,0,8,8,7,13.1,0,0,8,8,7,13.1,0,12.7,3.7,-1.7,0.0,0.7777777777777778,1,10.188888888888888
1,1,1,9070,1,1,124.0,1,37,37,9,9,125.4,1,0,0,1,1,0,19,0,0,6,6,6,13.5,0,0,6,6,6,13.16666667,0,9.4,-0.8,-3.12,-0.3333333300000003,0.8571428571428571,1,11.571428571428571
1,1,1,9119,1,1,126.0,1,38,19,5,5,130.2,0,0,0,1,1,0,19,0,0,5,7,5,10.2,0,0,5,8,3,12.0,0,10.8,1.4,1.74,1.8000000000000007,0.5,1,8.5
1,1,1,9238,1,1,140.0,1,19,38,9,9,132.0,0,0,0,1,1,0,19,0,0,6,10,5,11.57142857,0,0,6,10,3,13.0,0,16.2,0.3,-0.92,1.4285714299999999,0.42857142857142855,1,8.265306121428571
1,18,2,9556,1,1,126.0,1,3,3,2,2,115.5,0,0,0,1,1,0,18,0,0,7,11,6,13.43333333,0,0,7,10,4,13.6,0,8.9,1.4,3.51,0.16666666999999968,0.5,1,10.0749999975
1,16,2,9147,1,1,129.0,1,19,19,4,9,127.6,1,0,0,1,1,0,19,0,0,5,8,5,11.6,0,0,5,9,3,11.0,0,10.8,1.4,1.74,-0.5999999999999996,0.5,1,9.666666666666666
1,1,1,9070,1,1,130.0,1,37,1,9,8,120.2,1,0,0,1,1,0,22,0,0,6,9,6,14.66666667,0,0,6,12,6,14.66666667,0,12.7,3.7,-1.7,0.0,0.8571428571428571,1,12.571428574285713
1,39,1,9500,1,1,130.0,1,1,1,4,9,150.0,0,0,0,1,1,0,24,0,0,8,8,7,12.74285714,0,0,8,8,7,12.74285714,0,12.7,3.7,-1.7,0.0,0.7777777777777778,1,9.911111108888889
1,43,1,9119,1,1,146.0,1,3,1,2,3,100.0,0,0,0,1,1,0,18,0,0,5,9,4,12.25,0,0,5,11,3,11.66666667,0,13.9,-0.3,0.79,-0.5833333300000003,0.5,1,8.166666666666666
1,1,2,9500,1,1,132.0,1,19,19,9,7,128.0,1,0,0,1,1,1,19,0,0,8,8,7,14.93571429,0,0,8,8,7,14.93571429,0,10.8,1.4,1.74,0.0,0.7777777777777778,0,11.61666667
1,1,1,9670,1,1,116.0,1,3,3,3,3,110.1,1,0,0,1,1,0,19,0,0,6,9,5,13.33333333,0,0,6,6,5,13.0,0,12.4,0.5,1.79,-0.3333333300000003,0.7142857142857143,1,9.523809521428571
1,17,2,9254,1,1,118.0,1,19,19,5,7,121.2,0,0,0,1,1,1,18,0,0,6,12,3,10.66666667,0,0,6,9,4,12.0,0,15.5,2.8,-4.06,1.3333333300000003,0.5714285714285714,0,4.571428572857142
1,1,1,9254,1,1,123.0,1,38,19,9,4,117.8,0,0,0,1,1,0,19,0,0,6,10,4,12.75,0,0,6,12,2,13.0,0,10.8,1.4,1.74,0.25,0.2857142857142857,1,7.285714285714286
1,39,1,9254,1,1,150.0,1,3,1,3,4,122.3,0,0,0,1,1,0,28,0,0,6,10,6,13.0,0,0,6,8,5,12.2,0,13.9,-0.3,0.79,-0.8000000000000007,0.7142857142857143,1,11.142857142857142
1,43,1,9119,1,1,128.0,1,1,38,4,7,100.0,0,0,0,1,1,0,19,0,0,5,8,5,12.0,0,0,5,12,2,10.5,0,13.9,-0.3,0.79,-1.5,0.3333333333333333,1,10.0
1,17,1,9500,1,1,128.0,1,1,1,4,5,124.7,0,0,0,1,1,1,19,0,0,7,11,6,12.52857143,0,0,7,10,6,12.41666667,0,15.5,2.8,-4.06,-0.11190475999999983,0.75,0,9.3964285725
1,1,2,9670,1,1,122.0,1,1,19,4,4,116.1,0,0,0,1,1,1,19,0,0,6,10,6,13.125,0,0,6,9,6,12.71428571,0,11.1,0.6,2.02,-0.4107142899999996,0.8571428571428571,0,11.25
1,18,1,9085,1,1,106.0,1,1,19,3,5,104.6,0,0,0,0,1,0,21,0,0,6,10,5,14.0,0,0,6,11,4,14.8,0,11.1,0.6,2.02,0.8000000000000007,0.5714285714285714,2,10.0
1,43,1,9500,1,1,120.0,1,3,4,2,4,120.6,0,0,0,1,1,0,18,0,0,7,12,4,12.65,0,0,7,10,3,10.66666667,0,16.2,0.3,-0.92,-1.9833333300000007,0.375,1,6.325
1,51,1,9773,1,1,135.0,1,1,42,5,3,110.0,1,0,0,1,1,0,23,0,0,6,7,6,13.33333333,0,0,6,6,4,12.75,0,11.1,0.6,2.02,-0.5833333300000003,0.5714285714285714,1,11.428571425714285
1,1,1,9254,1,1,133.1,1,38,1,9,9,121.0,0,0,1,0,1,0,21,0,0,6,9,5,11.83333333,0,0,6,8,5,10.0,0,8.9,1.4,3.51,-1.8333333300000003,0.7142857142857143,3,8.45238095
1,17,1,9254,1,1,125.0,1,1,1,3,3,114.5,0,0,0,1,1,1,22,0,0,6,8,6,13.625,0,0,6,8,6,14.42857143,0,11.1,0.6,2.02,0.8035714299999999,0.8571428571428571,0,11.678571428571427
1,1,1,9238,1,1,127.0,1,37,37,5,10,125.3,0,0,0,1,1,0,19,0,0,6,9,5,10.8,0,0,6,11,5,11.0,0,7.6,2.6,0.32,0.1999999999999993,0.7142857142857143,1,7.714285714285715
1,1,1,9773,1,1,127.0,1,19,37,9,9,126.3,0,0,0,1,1,0,19,0,0,6,8,6,12.83333333,0,0,6,8,6,13.33333333,0,15.5,2.8,-4.06,0.5,0.8571428571428571,1,10.999999997142856
1,17,3,9670,1,1,137.0,1,1,38,4,7,138.4,0,0,0,1,1,0,19,0,0,6,8,6,15.125,0,0,6,7,6,13.42857143,0,11.1,0.6,2.02,-1.6964285700000001,0.8571428571428571,1,12.964285714285714
1,1,1,9238,1,1,136.0,1,4,5,2,2,126.2,0,0,0,1,1,0,22,0,0,6,10,5,11.4,0,0,6,8,5,11.0,0,10.8,1.4,1.74,-0.40000000000000036,0.7142857142857143,1,8.142857142857144
1,1,1,9238,1,1,124.0,1,1,1,4,4,118.8,0,0,0,1,1,0,19,0,0,6,12,4,12.25,0,0,6,9,6,11.0,0,9.4,-0.8,-3.12,-1.25,0.8571428571428571,1,7.0
1,1,1,9147,1,1,130.0,1,37,37,9,9,118.8,0,0,1,1,1,1,22,0,0,5,8,5,10.66666667,0,0,5,11,2,11.0,0,15.5,2.8,-4.06,0.3333333300000003,0.3333333333333333,1,8.888888891666667
1,1,3,9070,1,1,110.0,1,37,37,9,9,107.6,1,0,0,1,1,1,22,0,0,6,6,6,11.66666667,0,0,6,6,6,12.16666667,0,7.6,2.6,0.32,0.5,0.8571428571428571,0,10.000000002857142
1,17,3,9119,1,1,130.0,1,1,38,3,3,129.3,0,0,0,1,1,1,18,0,0,5,5,5,13.0,0,0,5,5,5,14.2,0,8.9,1.4,3.51,1.1999999999999993,0.8333333333333334,0,10.833333333333334
1,1,1,9238,1,1,160.0,1,19,38,9,9,152.0,0,0,0,1,1,1,19,0,0,6,7,6,13.85714286,0,0,6,6,6,14.0,0,13.9,-0.3,0.79,0.14285714000000027,0.8571428571428571,0,11.877551022857142
1,1,1,9500,1,1,140.0,1,1,19,9,9,128.8,0,0,0,1,1,0,18,0,0,7,7,6,13.39166667,0,0,8,8,8,12.4875,0,12.4,0.5,1.79,-0.9041666699999986,0.8888888888888888,1,10.0437500025
1,1,1,9238,1,1,133.1,1,1,1,3,4,112.0,0,0,0,1,1,0,19,0,0,6,7,6,12.16666667,0,0,6,6,6,12.16666667,0,12.4,0.5,1.79,0.0,0.8571428571428571,1,10.428571431428571
1,1,1,9130,1,1,152.0,1,19,37,9,8,135.6,1,0,0,1,1,0,18,0,0,5,5,5,15.4,0,0,5,5,5,15.6,0,12.7,3.7,-1.7,0.1999999999999993,0.8333333333333334,1,12.833333333333334
1,17,1,9254,1,1,148.0,1,1,1,4,8,145.2,0,0,0,1,1,0,20,0,0,6,7,6,13.71428571,0,0,6,8,6,14.71428571,0,16.2,0.3,-0.92,1.0,0.8571428571428571,1,11.755102037142857
1,39,1,9500,1,1,110.0,1,1,37,9,9,126.0,1,0,0,1,1,0,27,0,0,7,7,7,14.08571429,0,0,7,7,7,14.08571429,0,7.6,2.6,0.32,0.0,0.875,1,12.32500000375
1,18,1,9238,1,1,122.0,1,1,3,9,2,112.6,1,0,0,1,1,0,21,0,0,6,9,6,10.16666667,0,0,6,10,6,10.5,0,12.7,3.7,-1.7,0.3333333300000003,0.8571428571428571,1,8.714285717142856
1,39,1,9003,1,1,133.1,1,1,19,4,10,145.8,0,0,0,1,1,0,34,0,0,6,15,5,13.33333333,0,0,6,15,5,12.4,0,12.4,0.5,1.79,-0.93333333,0.7142857142857143,1,9.523809521428571
1,1,1,9670,1,1,137.0,1,38,37,9,9,122.3,0,0,0,1,1,1,18,0,0,6,7,6,13.57142857,0,0,6,6,6,14.33333333,0,12.4,0.5,1.79,0.7619047600000002,0.8571428571428571,0,11.632653059999999
1,17,1,9119,1,1,122.0,1,19,19,9,9,114.7,0,0,0,1,1,0,20,0,0,5,6,5,15.8,0,0,5,8,5,13.71428571,0,11.1,0.6,2.02,-2.0857142900000003,0.8333333333333334,1,13.166666666666668
1,17,2,9991,0,1,116.0,1,37,19,9,4,118.5,0,0,0,1,1,0,23,0,0,5,6,4,13.0,0,0,5,5,5,13.0,0,7.6,2.6,0.32,0.0,0.8333333333333334,1,8.666666666666666
1,17,1,9500,1,1,130.0,1,3,3,2,2,131.1,0,0,0,1,1,0,19,0,0,7,8,7,12.12142857,0,0,9,12,8,11.50625,0,12.4,0.5,1.79,-0.6151785700000012,0.8,1,10.60624999875
1,18,1,9119,1,1,108.0,1,1,1,4,3,105.6,1,0,0,1,1,0,20,0,0,5,7,5,12.16666667,0,0,5,7,5,15.28571429,0,12.4,0.5,1.79,3.11904762,0.8333333333333334,1,10.138888891666667
1,18,1,9500,1,1,146.0,1,19,3,4,9,127.0,0,0,0,1,1,0,19,0,0,8,8,7,13.61428571,0,0,8,8,7,13.61428571,0,12.7,3.7,-1.7,0.0,0.7777777777777778,1,10.588888885555557
1,1,1,9130,1,1,160.0,1,3,3,1,2,149.2,0,0,0,1,1,0,18,0,0,5,7,4,14.0,0,0,5,5,5,14.2,0,7.6,2.6,0.32,0.1999999999999993,0.8333333333333334,1,9.333333333333332
1,17,1,9670,1,1,125.0,1,37,37,9,9,121.5,1,0,0,1,1,1,21,0,0,6,8,4,14.75,0,0,6,6,5,11.8,0,12.7,3.7,-1.7,-2.9499999999999993,0.7142857142857143,0,8.428571428571429
1,39,1,9003,1,1,140.0,1,3,3,2,2,110.0,0,0,0,1,1,0,31,0,0,6,8,6,15.125,0,0,6,10,6,14.6,0,16.2,0.3,-0.92,-0.5250000000000004,0.8571428571428571,1,12.964285714285714
1,39,1,9119,1,1,139.0,1,19,19,9,7,110.3,0,0,1,1,1,0,24,0,0,5,12,1,10.0,0,0,5,11,1,11.0,0,8.9,1.4,3.51,1.0,0.16666666666666666,2,1.6666666666666665
1,18,1,9773,1,1,125.0,1,1,1,4,7,121.5,1,0,0,1,1,0,19,0,0,6,6,6,13.83333333,0,0,6,6,6,14.5,0,8.9,1.4,3.51,0.6666666699999997,0.8571428571428571,1,11.857142854285714
1,17,1,9130,1,1,131.0,1,12,12,2,8,128.2,1,0,0,1,1,0,18,0,0,6,7,6,14.0,0,0,6,8,6,13.66666667,0,12.4,0.5,1.79,-0.3333333300000003,0.8571428571428571,1,12.0
1,1,1,9773,1,1,140.0,1,3,2,4,6,133.4,1,0,0,0,1,0,29,0,0,6,8,6,16.5,0,0,6,6,5,13.8,0,11.1,0.6,2.02,-2.6999999999999993,0.7142857142857143,2,14.142857142857142
1,44,1,9003,1,1,140.0,1,1,1,4,5,140.0,0,0,0,1,1,0,20,0,0,6,11,6,11.28571429,0,0,6,12,5,11.77777778,0,16.2,0.3,-0.92,0.4920634899999996,0.7142857142857143,1,9.67346939142857
1,1,2,9670,1,1,117.0,1,3,1,3,5,110.7,1,0,0,1,1,0,20,0,0,6,10,5,14.0,0,0,6,10,6,12.0,0,11.1,0.6,2.02,-2.0,0.8571428571428571,1,10.0
1,39,1,9147,1,1,150.0,1,37,1,7,3,148.8,0,0,0,1,1,1,25,0,0,5,7,4,14.25,0,0,5,7,4,14.75,0,12.7,3.7,-1.7,0.5,0.6666666666666666,0,9.5
1,1,1,9130,1,1,133.0,1,2,37,9,7,125.7,1,0,0,1,1,1,18,0,0,6,7,6,13.5,0,0,6,8,6,12.5,0,12.4,0.5,1.79,-1.0,0.8571428571428571,0,11.571428571428571
1,17,1,9254,1,1,125.0,1,1,19,4,7,116.6,0,0,0,1,1,1,19,0,0,6,8,5,12.66666667,0,0,6,10,6,12.85714286,0,16.2,0.3,-0.92,0.19047619000000005,0.8571428571428571,0,9.04761905
1,1,3,9070,1,1,127.0,1,19,38,5,7,141.0,1,0,0,1,1,1,19,0,0,6,6,6,15.16666667,0,0,6,6,6,12.33333333,0,12.4,0.5,1.79,-2.8333333399999994,0.8571428571428571,0,13.000000002857142
1,1,1,9147,1,1,135.0,1,38,19,9,5,126.3,0,0,0,1,1,0,18,0,0,5,11,2,13.5,0,0,5,11,3,12.33333333,0,8.9,1.4,3.51,-1.1666666699999997,0.5,1,4.5
1,17,3,9147,1,1,135.0,1,37,37,6,5,121.0,1,0,0,1,1,1,18,0,0,5,8,5,12.75,0,0,5,7,5,11.5,0,13.9,-0.3,0.79,-1.25,0.8333333333333334,0,10.625
1,1,2,9773,1,1,135.0,1,3,1,4,4,136.1,1,0,0,1,1,0,19,0,0,6,9,5,11.4,0,0,6,13,5,12.4,0,8.9,1.4,3.51,1.0,0.7142857142857143,1,8.142857142857144
1,17,2,9773,1,1,131.0,1,3,19,2,3,132.8,1,0,0,1,1,0,19,0,0,6,7,6,14.42857143,0,0,6,7,6,14.57142857,0,13.9,-0.3,0.79,0.14285714000000027,0.8571428571428571,1,12.36734694
1,17,1,9500,1,1,131.0,1,1,1,5,5,126.3,0,0,0,1,1,0,19,0,0,7,9,7,12.49285714,0,0,8,10,8,11.7125,0,16.2,0.3,-0.92,-0.7803571399999996,0.8888888888888888,1,10.9312499975
1,1,1,9500,1,1,130.0,1,38,37,5,10,117.8,1,0,0,1,1,0,19,0,0,8,8,7,15.88571429,0,0,8,8,7,15.88571429,0,10.8,1.4,1.74,0.0,0.7777777777777778,1,12.355555558888888
1,1,1,9500,1,1,142.0,1,1,38,9,9,127.0,0,0,1,0,1,0,21,0,0,7,12,4,12.94,0,0,7,12,4,11.58,0,12.4,0.5,1.79,-1.3599999999999994,0.5,3,6.47
1,17,2,9070,1,1,127.0,1,37,37,9,9,119.3,1,1,0,1,1,1,25,0,0,6,8,4,10.25,0,0,6,6,4,11.25,0,12.7,3.7,-1.7,1.0,0.5714285714285714,0,5.857142857142857
1,1,1,9773,1,1,128.0,1,38,38,6,3,116.5,0,0,0,1,1,1,18,0,0,6,12,4,11.5,0,0,6,10,5,12.6,0,10.8,1.4,1.74,1.0999999999999996,0.7142857142857143,0,6.571428571428571
1,1,3,9773,1,1,146.0,1,38,38,9,7,134.1,1,0,0,1,1,1,18,0,0,6,6,6,12.5,0,0,6,7,6,12.66666667,0,10.8,1.4,1.74,0.16666666999999968,0.8571428571428571,0,10.714285714285714
1,42,1,9119,1,1,150.0,1,38,37,5,8,133.5,1,0,0,1,1,0,21,0,0,5,10,5,13.0,0,0,5,10,5,12.6,0,9.4,-0.8,-3.12,-0.40000000000000036,0.8333333333333334,1,10.833333333333334
1,39,1,9500,1,1,120.0,1,37,37,9,9,100.0,0,0,0,1,1,0,34,0,0,7,15,6,11.33333333,0,0,7,16,4,12.6,0,16.2,0.3,-0.92,1.2666666699999993,0.5,1,8.4999999975
1,1,1,9147,1,1,133.0,1,19,37,9,9,129.9,0,0,0,1,1,0,18,0,0,5,5,5,11.6,0,0,5,5,5,13.2,0,12.4,0.5,1.79,1.5999999999999996,0.8333333333333334,1,9.666666666666666
1,1,1,9119,1,1,146.0,1,37,37,9,9,148.5,1,0,0,1,1,0,18,0,0,5,7,4,10.0,0,0,5,8,1,16.0,0,10.8,1.4,1.74,6.0,0.16666666666666666,1,6.666666666666666
1,1,1,9670,1,1,120.0,1,1,1,9,9,129.1,1,0,0,1,1,0,18,0,0,6,6,4,11.25,0,0,6,10,3,10.33333333,0,10.8,1.4,1.74,-0.9166666699999997,0.42857142857142855,1,6.428571428571428
1,1,1,9773,1,1,133.1,1,3,19,2,5,127.0,0,0,0,1,1,0,20,0,0,6,6,6,14.33333333,0,0,6,7,6,15.0,0,15.5,2.8,-4.06,0.6666666699999997,0.8571428571428571,1,12.285714282857143
1,1,1,9254,1,1,160.0,1,19,38,9,9,140.8,1,0,0,1,1,0,23,0,0,6,8,6,12.66666667,0,0,6,10,5,12.2,0,7.6,2.6,0.32,-0.4666666700000004,0.7142857142857143,1,10.85714286
1,1,1,9500,1,1,128.0,1,1,19,4,7,125.6,1,0,0,1,1,0,18,0,0,7,7,7,12.44428571,0,0,8,11,7,11.34714286,0,12.4,0.5,1.79,-1.097142850000001,0.7777777777777778,1,10.88874999625
1,1,2,9254,1,1,137.0,1,1,38,2,8,122.3,1,0,0,1,1,1,20,0,0,6,7,6,14.71428571,0,0,6,6,6,12.5,0,8.9,1.4,3.51,-2.2142857100000004,0.8571428571428571,0,12.612244894285714
1,17,2,9773,1,1,124.0,1,1,1,4,4,127.9,1,0,0,1,1,0,20,0,0,6,11,3,13.66666667,0,0,6,13,4,10.25,0,9.4,-0.8,-3.12,-3.4166666699999997,0.5714285714285714,1,5.857142858571428
1,1,2,9147,1,1,128.0,1,1,1,9,6,120.3,0,0,0,1,1,0,19,0,0,5,9,5,10.8,0,0,5,13,2,13.5,0,8.9,1.4,3.51,2.6999999999999993,0.3333333333333333,1,9.000000000000002
1,1,1,9773,1,1,142.0,1,1,19,9,9,136.1,0,0,1,1,1,1,19,0,0,6,6,6,12.66666667,0,0,6,6,6,14.0,0,16.2,0.3,-0.92,1.3333333300000003,0.8571428571428571,1,10.85714286
1,1,1,9556,1,1,123.0,1,19,19,4,9,113.8,1,0,0,1,0,0,18,0,0,7,9,7,11.15555556,0,0,8,10,8,11.425,0,12.7,3.7,-1.7,0.2694444400000009,0.8888888888888888,1,9.761111115
1,1,1,9670,1,1,126.0,1,1,3,4,3,122.5,1,0,0,1,0,0,19,0,0,6,6,6,13.33333333,0,0,6,8,5,12.8,0,8.9,1.4,3.51,-0.5333333299999996,0.7142857142857143,1,11.428571425714285
1,17,1,9070,1,1,137.0,1,1,1,1,5,131.8,0,0,0,1,0,1,22,0,0,6,7,6,12.16666667,0,0,6,9,4,12.0,0,9.4,-0.8,-3.12,-0.16666666999999968,0.5714285714285714,0,10.428571431428571
1,1,3,9500,1,1,139.0,1,19,1,9,5,135.0,1,0,0,1,0,1,18,0,0,8,8,7,12.21428571,0,0,8,8,7,12.21428571,0,12.7,3.7,-1.7,0.0,0.7777777777777778,0,9.499999996666666
1,17,1,9254,1,1,142.0,1,19,39,5,4,141.7,0,0,0,1,0,1,18,0,0,6,8,6,12.66666667,0,0,6,6,6,13.0,0,13.9,-0.3,0.79,0.3333333300000003,0.8571428571428571,0,10.85714286
1,1,3,9773,1,1,133.1,1,38,38,5,5,131.3,1,0,0,1,0,1,18,0,0,6,7,6,12.28571429,0,0,6,6,6,13.5,0,8.9,1.4,3.51,1.2142857100000004,0.8571428571428571,0,10.530612248571428
1,1,2,9254,1,1,131.0,1,4,3,7,4,126.1,1,0,0,1,0,0,18,0,0,6,8,6,12.14285714,0,0,6,6,6,11.16666667,0,8.9,1.4,3.51,-0.9761904700000006,0.8571428571428571,1,10.408163262857142
1,1,2,9085,1,1,122.0,1,3,1,4,7,116.1,1,0,0,1,0,0,18,0,0,6,13,6,13.15384615,0,0,6,12,3,11.0,0,15.5,2.8,-4.06,-2.1538461499999997,0.42857142857142855,1,11.27472527142857
1,17,2,9773,1,1,148.0,1,3,38,2,6,144.2,1,0,0,1,0,0,18,0,0,6,6,6,15.16666667,0,0,6,7,6,14.28571429,0,12.4,0.5,1.79,-0.8809523800000001,0.8571428571428571,1,13.000000002857142
1,17,1,9147,1,1,134.0,1,19,38,4,8,129.5,0,0,0,1,0,1,18,0,0,5,5,5,11.6,0,0,5,12,4,12.625,0,10.8,1.4,1.74,1.0250000000000004,0.6666666666666666,0,9.666666666666666
1,17,1,9773,1,1,122.0,1,1,1,4,7,116.8,1,0,1,1,0,0,18,0,0,6,6,6,11.66666667,0,0,6,6,6,12.33333333,0,16.2,0.3,-0.92,0.6666666600000006,0.8571428571428571,2,10.000000002857142
1,16,2,9238,1,1,126.0,1,38,37,3,5,127.1,1,0,0,1,0,1,19,0,0,6,14,3,12.66666667,0,0,6,7,6,11.0,0,9.4,-0.8,-3.12,-1.6666666699999997,0.8571428571428571,0,5.42857143
1,1,1,9238,1,1,115.0,1,38,38,8,7,112.9,1,0,0,1,0,1,19,0,0,6,7,6,11.85714286,0,0,6,8,6,13.14285714,0,12.4,0.5,1.79,1.2857142800000005,0.8571428571428571,0,10.163265308571427
1,1,1,9670,1,1,130.0,1,19,19,7,7,121.6,0,0,0,1,0,0,19,0,0,6,7,6,14.71428571,0,0,6,6,6,15.83333333,0,12.4,0.5,1.79,1.11904762,0.8571428571428571,1,12.612244894285714
1,18,1,9130,1,1,135.0,1,38,19,9,5,121.7,1,0,0,1,0,1,18,0,0,5,7,4,11.5,0,0,5,5,5,12.4,0,10.8,1.4,1.74,0.9000000000000004,0.8333333333333334,0,7.666666666666666
1,17,2,9556,1,1,136.0,1,1,1,9,9,128.3,0,0,0,1,0,1,18,0,0,7,7,7,13.42857143,0,0,8,8,8,14.75,0,15.5,2.8,-4.06,1.3214285700000001,0.8888888888888888,0,11.75000000125
1,1,3,9773,1,1,153.0,1,3,1,2,8,137.6,1,0,0,1,0,0,18,0,0,6,6,6,16.0,0,0,6,7,6,14.33333333,0,12.4,0.5,1.79,-1.6666666699999997,0.8571428571428571,1,13.714285714285714
1,1,1,9238,1,1,135.0,1,19,19,9,5,135.0,1,0,0,1,0,0,20,0,0,6,6,6,13.83333333,0,0,6,6,6,11.83333333,0,10.8,1.4,1.74,-2.0,0.8571428571428571,1,11.857142854285714
1,1,2,9773,1,1,130.0,1,19,19,9,9,126.9,1,0,0,1,1,1,18,0,0,6,6,6,14.0,0,0,6,6,6,14.16666667,0,9.4,-0.8,-3.12,0.16666666999999968,0.8571428571428571,0,12.0
1,17,3,9070,1,1,145.0,1,3,3,4,4,153.1,1,0,0,1,0,1,20,0,0,6,6,6,12.5,0,0,6,6,6,14.33333333,0,12.7,3.7,-1.7,1.8333333300000003,0.8571428571428571,0,10.714285714285714
1,1,1,9773,1,1,156.0,1,19,1,5,10,136.8,1,0,0,1,0,0,18,0,0,6,6,6,14.0,0,0,6,6,6,13.5,0,11.1,0.6,2.02,-0.5,0.8571428571428571,1,12.0
1,1,3,9500,1,1,143.0,1,19,37,7,7,127.0,1,0,0,1,0,0,18,0,0,8,8,8,13.07375,0,0,8,8,8,13.07375,0,9.4,-0.8,-3.12,0.0,0.8888888888888888,1,11.62111111111111
1,17,1,9500,1,1,142.0,1,38,1,5,4,136.6,0,0,0,1,0,1,18,0,0,7,7,7,13.46428571,0,0,8,9,8,14.78888889,0,12.4,0.5,1.79,1.3246031800000004,0.8888888888888888,0,11.78124999625
1,1,2,9773,1,1,148.0,1,19,1,3,9,140.0,1,0,0,1,0,1,18,0,0,6,6,6,13.66666667,0,0,6,6,6,14.66666667,0,16.2,0.3,-0.92,1.0,0.8571428571428571,0,11.714285717142856
1,1,1,9500,1,1,143.0,1,38,38,9,9,138.8,1,0,0,1,0,0,31,0,0,7,9,7,15.46875,0,0,8,8,8,16.3875,0,11.1,0.6,2.02,0.9187499999999993,0.8888888888888888,1,13.53515625
1,1,1,9238,1,1,133.1,1,1,1,4,10,110.0,0,0,1,1,0,0,23,0,0,6,8,6,12.625,0,0,6,6,6,14.16666667,0,12.7,3.7,-1.7,1.5416666699999997,0.8571428571428571,2,10.821428571428571
1,16,3,9773,1,1,138.0,1,37,38,4,9,134.2,1,0,0,1,0,1,20,0,0,6,6,6,15.0,0,0,6,6,6,13.0,0,11.1,0.6,2.02,-2.0,0.8571428571428571,0,12.857142857142856
1,1,1,9238,1,1,148.0,1,37,37,9,9,143.5,0,0,0,1,0,0,18,0,0,6,6,6,13.0,0,0,6,6,6,12.83333333,0,10.8,1.4,1.74,-0.16666666999999968,0.8571428571428571,1,11.142857142857142
1,1,1,9238,1,1,145.0,1,19,37,4,7,148.9,1,0,0,1,0,1,18,0,0,6,6,6,13.66666667,0,0,6,6,6,13.0,0,10.8,1.4,1.74,-0.6666666699999997,0.8571428571428571,0,11.714285717142856
1,1,1,9147,1,1,160.0,1,38,37,9,5,159.3,0,0,0,1,0,0,18,0,0,5,5,5,14.4,0,0,5,5,5,15.4,0,7.6,2.6,0.32,1.0,0.8333333333333334,1,12.0
1,39,1,9991,0,1,150.0,1,19,37,9,8,138.5,0,0,0,1,0,0,26,0,0,5,10,4,12.0,0,0,5,9,4,11.25,0,12.7,3.7,-1.7,-0.75,0.6666666666666666,1,8.0
1,1,1,9853,1,1,130.0,1,19,12,9,4,133.2,1,0,0,1,0,0,19,0,0,6,6,6,14.16666667,0,0,6,7,6,13.66666667,0,7.6,2.6,0.32,-0.5,0.8571428571428571,1,12.142857145714284
1,17,1,9853,1,1,120.0,1,37,37,9,10,122.6,0,0,0,1,0,0,20,0,0,6,8,3,12.33333333,0,0,6,11,2,10.5,0,12.7,3.7,-1.7,-1.8333333300000003,0.2857142857142857,1,5.2857142842857145
1,1,1,9853,1,1,133.1,1,19,37,9,9,95.0,1,0,1,0,0,0,22,0,0,7,10,6,11.5,0,0,7,8,6,13.16666667,0,11.1,0.6,2.02,1.6666666699999997,0.75,3,8.625
1,39,1,9556,1,1,120.0,1,19,19,4,5,122.8,0,0,0,1,0,0,26,0,0,7,12,6,12.16666667,0,0,8,8,8,11.675,0,13.9,-0.3,0.79,-0.491666669999999,0.8888888888888888,1,9.1250000025
1,17,1,9070,1,1,135.0,1,19,37,5,9,145.9,0,0,0,1,0,1,18,0,0,6,6,6,12.66666667,0,0,6,6,6,12.16666667,0,16.2,0.3,-0.92,-0.5,0.8571428571428571,0,10.85714286
1,1,1,9070,1,1,133.1,1,1,37,5,9,143.0,1,0,1,1,0,0,21,0,0,6,9,5,11.4,0,0,6,8,5,12.2,0,12.7,3.7,-1.7,0.7999999999999989,0.7142857142857143,2,8.142857142857144
1,17,3,9853,1,1,118.0,1,38,38,7,7,121.2,1,0,0,1,0,0,18,0,0,6,8,5,13.4,0,0,6,7,5,12.0,0,7.6,2.6,0.32,-1.4000000000000004,0.7142857142857143,1,9.571428571428571
1,17,3,9853,1,1,138.0,1,37,37,5,9,125.1,1,1,0,1,0,1,19,0,0,6,6,6,13.5,0,0,6,8,5,12.8,0,12.7,3.7,-1.7,-0.6999999999999993,0.7142857142857143,0,11.571428571428571
1,17,1,9254,1,1,122.0,1,1,1,4,9,112.9,1,0,0,1,0,0,22,0,0,6,14,4,12.25,0,0,6,11,3,11.33333333,0,7.6,2.6,0.32,-0.9166666699999997,0.42857142857142855,1,7.0
1,1,3,9238,1,1,126.0,1,38,19,5,8,120.8,1,0,0,1,0,0,19,0,0,6,7,6,12.28571429,0,0,6,7,6,12.83333333,0,12.4,0.5,1.79,0.5476190400000007,0.8571428571428571,1,10.530612248571428
1,17,1,9238,1,1,152.0,1,37,37,7,5,132.1,1,0,0,1,0,0,19,0,0,6,10,2,10.5,0,0,6,11,1,13.0,0,9.4,-0.8,-3.12,2.5,0.14285714285714285,1,3.0
1,1,1,9773,1,1,128.0,1,37,1,9,7,124.2,1,0,0,1,0,0,18,0,0,6,8,5,13.0,0,0,6,7,6,13.14285714,0,15.5,2.8,-4.06,0.14285714000000027,0.8571428571428571,1,9.285714285714286
1,17,2,9500,1,1,138.0,1,1,38,5,8,132.8,1,0,0,1,0,0,18,0,0,7,9,6,12.38571429,0,0,8,9,8,13.75555556,0,13.9,-0.3,0.79,1.3698412700000002,0.8888888888888888,1,9.2892857175
1,17,2,9773,1,1,121.0,1,1,1,5,5,123.1,1,0,0,1,1,0,20,0,0,6,12,4,14.75,0,0,6,7,4,12.25,0,9.4,-0.8,-3.12,-2.5,0.5714285714285714,1,8.428571428571429
1,1,1,9130,1,1,148.0,1,1,1,9,9,141.7,0,0,0,0,1,0,18,0,0,6,8,5,11.6,0,0,6,11,4,13.0,0,8.9,1.4,3.51,1.4000000000000004,0.5714285714285714,2,8.285714285714286
1,17,1,9254,1,1,118.0,1,1,19,5,4,118.0,0,0,0,1,0,1,19,0,0,6,7,5,11.0,0,0,6,7,5,12.8,0,12.4,0.5,1.79,1.8000000000000007,0.7142857142857143,0,7.857142857142858
1,17,2,9853,1,1,150.0,1,38,19,5,5,142.0,1,0,0,1,0,1,19,0,0,6,8,6,12.33333333,0,0,6,7,5,12.4,0,10.8,1.4,1.74,0.06666667000000004,0.7142857142857143,0,10.571428568571429
1,1,1,9070,1,1,110.0,1,1,37,9,9,105.1,1,0,0,1,0,1,20,0,0,6,6,6,12.0,0,0,6,6,6,11.83333333,0,12.4,0.5,1.79,-0.16666666999999968,0.8571428571428571,0,10.285714285714285
1,1,1,9500,1,1,148.0,1,1,1,4,3,137.5,0,0,0,1,1,0,18,0,0,7,7,7,14.84285714,0,0,8,9,8,14.38888889,0,16.2,0.3,-0.92,-0.4539682499999991,0.8888888888888888,1,12.987499997499999
1,1,1,9500,1,1,137.0,1,1,19,4,4,125.3,0,0,0,1,1,0,19,0,0,7,7,7,12.2,0,0,7,7,7,12.2,0,7.6,2.6,0.32,0.0,0.875,1,10.674999999999999
1,1,1,9147,1,1,120.0,1,1,19,7,7,111.3,0,0,0,1,1,1,18,0,0,5,10,4,10.8,0,0,5,10,4,11.75,0,15.5,2.8,-4.06,0.9499999999999993,0.6666666666666666,0,7.2
1,39,1,9991,0,1,130.0,1,1,1,9,7,152.1,0,0,0,1,1,0,28,0,0,5,13,2,11.0,0,0,5,12,1,12.0,0,11.1,0.6,2.02,1.0,0.16666666666666666,1,3.6666666666666665
1,1,1,9670,1,1,132.0,1,1,19,7,5,129.9,1,0,0,1,1,0,20,0,0,6,10,6,12.71428571,0,0,6,8,4,13.0,0,12.4,0.5,1.79,0.2857142899999996,0.5714285714285714,1,10.897959179999999
1,17,1,9147,1,1,127.0,1,37,38,9,7,115.8,1,0,0,1,1,0,18,0,0,5,5,5,13.4,0,0,5,6,5,12.2,0,11.1,0.6,2.02,-1.200000000000001,0.8333333333333334,1,11.166666666666668
1,1,1,9773,1,1,125.0,1,38,38,9,9,133.4,1,0,0,1,1,1,20,0,0,6,8,6,12.0,0,0,6,8,6,11.5,0,13.9,-0.3,0.79,-0.5,0.8571428571428571,0,10.285714285714285
1,39,1,9991,0,1,133.1,1,37,1,5,4,151.2,0,0,0,1,1,0,25,0,0,5,11,4,11.5,0,0,5,11,3,13.5,0,12.4,0.5,1.79,2.0,0.5,1,7.666666666666666
1,1,1,9500,1,1,127.0,1,3,1,2,8,121.4,0,0,0,1,1,0,20,0,0,7,10,5,13.97666667,0,0,8,9,8,13.22222222,0,12.4,0.5,1.79,-0.7544444499999994,0.8888888888888888,1,8.73541666875
1,1,1,9670,1,1,110.0,1,3,19,4,5,109.0,0,0,0,1,1,1,19,0,0,6,7,6,13.14285714,0,0,6,8,6,14.16666667,0,15.5,2.8,-4.06,1.0238095299999994,0.8571428571428571,0,11.26530612
1,39,1,9500,1,1,114.0,1,37,37,9,9,130.0,0,0,0,1,1,0,25,0,0,8,11,6,12.675,0,0,8,11,6,12.675,0,12.7,3.7,-1.7,0.0,0.6666666666666666,1,8.45
1,17,2,9853,1,1,114.0,1,1,19,9,9,111.9,1,0,0,1,1,1,20,0,0,6,6,6,12.0,0,0,6,7,6,12.5,0,7.6,2.6,0.32,0.5,0.8571428571428571,0,10.285714285714285
1,1,1,9254,1,1,125.0,1,37,37,3,3,124.0,0,0,0,1,1,1,19,0,0,6,7,6,11.0,0,0,6,6,5,12.2,0,11.1,0.6,2.02,1.1999999999999993,0.7142857142857143,0,9.428571428571429
1,1,1,9500,1,1,133.1,1,1,19,3,5,115.0,0,0,0,0,1,0,20,0,0,7,11,4,12.6,0,0,7,7,4,11.575,0,16.2,0.3,-0.92,-1.0250000000000004,0.5,2,6.3
1,1,2,9254,1,1,120.0,1,19,1,9,8,117.2,0,0,0,1,1,0,21,0,0,6,8,3,12.0,0,0,6,9,1,11.0,0,15.5,2.8,-4.06,-1.0,0.14285714285714285,1,5.142857142857142
1,17,1,9670,1,1,134.0,1,19,37,5,5,125.3,1,0,0,1,1,1,19,0,0,6,7,4,13.75,0,0,6,10,6,11.55555556,0,10.8,1.4,1.74,-2.19444444,0.8571428571428571,0,7.857142857142857
1,1,1,9254,1,1,133.1,1,37,37,1,1,97.0,0,0,0,1,1,0,27,0,0,6,6,6,10.66666667,0,0,6,8,4,11.25,0,10.8,1.4,1.74,0.5833333300000003,0.5714285714285714,1,9.142857145714284
1,17,1,9085,1,1,133.1,1,1,19,5,9,130.0,0,0,0,1,1,0,22,0,0,5,8,3,13.0,0,0,5,8,3,10.66666667,0,7.6,2.6,0.32,-2.3333333300000003,0.5,1,6.5
1,51,1,9147,1,1,130.0,1,19,38,9,8,115.7,0,0,0,1,1,0,20,0,0,5,7,5,11.0,0,0,5,7,3,10.0,0,8.9,1.4,3.51,-1.0,0.5,1,9.166666666666668
1,1,1,9003,1,1,140.0,1,38,1,9,4,138.3,0,0,0,1,1,0,18,0,0,6,7,6,16.0,0,0,6,6,6,15.16666667,0,12.4,0.5,1.79,-0.8333333300000003,0.8571428571428571,1,13.714285714285714
1,1,2,9773,1,1,140.0,1,1,1,4,3,131.6,0,0,0,1,1,1,18,0,0,6,6,6,12.66666667,0,0,6,6,6,11.5,0,16.2,0.3,-0.92,-1.1666666699999997,0.8571428571428571,0,10.85714286
1,1,1,9500,1,1,157.0,1,37,37,9,9,143.0,0,0,0,1,1,0,18,0,0,8,8,7,13.4,0,0,8,8,7,13.4,0,12.7,3.7,-1.7,0.0,0.7777777777777778,1,10.422222222222222
1,1,1,9130,1,1,125.0,1,3,3,2,2,132.4,0,0,0,1,1,0,20,0,0,5,7,4,11.75,0,0,5,5,5,13.4,0,7.6,2.6,0.32,1.6500000000000004,0.8333333333333334,1,7.833333333333333
1,5,3,9070,1,1,157.0,1,3,1,9,6,138.1,1,0,0,1,0,0,18,0,0,6,6,6,12.66666667,0,0,6,8,6,14.125,0,10.8,1.4,1.74,1.4583333300000003,0.8571428571428571,1,10.85714286
1,17,1,9254,1,1,116.0,1,38,37,9,6,109.7,1,0,0,1,0,0,22,0,0,6,7,5,14.0,0,0,6,6,6,15.66666667,0,11.1,0.6,2.02,1.6666666699999997,0.8571428571428571,1,10.0
1,43,1,9130,1,1,150.0,1,3,3,3,4,150.0,1,0,0,1,0,0,21,0,0,6,10,6,12.0,0,0,6,12,5,12.8,0,13.9,-0.3,0.79,0.8000000000000007,0.7142857142857143,1,10.285714285714285
1,39,1,9085,1,1,110.0,1,1,1,5,5,160.0,1,0,1,1,0,0,30,0,0,6,7,6,16.42857143,0,0,6,7,6,16.66666667,0,13.9,-0.3,0.79,0.23809523999999982,0.8571428571428571,2,14.081632654285714
1,1,1,9500,1,1,138.0,1,1,1,3,4,132.5,1,0,0,1,0,0,18,0,0,8,8,7,14.11571429,0,0,8,8,7,14.11571429,0,10.8,1.4,1.74,0.0,0.7777777777777778,1,10.978888892222223
1,1,2,9085,1,1,141.0,1,1,38,9,8,128.9,1,0,0,1,0,1,18,0,0,6,7,6,13.83333333,0,0,6,10,6,13.71428571,0,8.9,1.4,3.51,-0.11904761999999991,0.8571428571428571,0,11.857142854285714
1,17,2,9147,1,1,129.0,1,2,3,2,2,128.3,1,0,0,1,0,0,19,0,0,5,10,3,11.0,0,0,5,9,4,11.75,0,12.7,3.7,-1.7,0.75,0.6666666666666666,1,5.5
1,43,1,9085,1,1,127.0,1,3,3,2,5,100.0,0,0,0,1,0,0,21,0,0,6,11,4,11.75,0,0,6,12,3,13.66666667,0,13.9,-0.3,0.79,1.9166666699999997,0.42857142857142855,1,6.7142857142857135
1,17,2,9147,1,1,133.0,1,19,1,9,3,120.1,1,0,0,1,0,1,18,0,0,5,15,2,10.0,0,0,5,14,2,12.0,0,13.9,-0.3,0.79,2.0,0.3333333333333333,0,3.333333333333333
1,1,1,9130,1,1,138.0,1,4,5,2,2,123.0,1,0,0,1,0,0,21,0,0,5,12,1,11.0,0,0,5,9,2,10.5,0,12.7,3.7,-1.7,-0.5,0.3333333333333333,1,1.8333333333333333
1,17,2,9500,1,1,129.0,1,38,19,5,7,124.0,1,0,0,1,0,1,18,0,0,8,8,7,14.31285714,0,0,8,8,7,14.31285714,0,10.8,1.4,1.74,0.0,0.7777777777777778,0,11.132222220000001
1,39,1,9085,1,1,130.0,1,4,1,2,9,120.0,0,0,0,0,0,0,26,0,0,6,8,6,15.42857143,0,0,6,7,5,14.5,0,11.1,0.6,2.02,-0.9285714299999999,0.7142857142857143,2,13.224489797142857
1,1,1,9238,1,1,133.0,1,4,1,5,5,131.6,0,0,0,1,0,0,18,0,0,6,7,6,13.83333333,0,0,6,7,6,13.71428571,0,11.1,0.6,2.02,-0.11904761999999991,0.8571428571428571,1,11.857142854285714
1,1,1,9238,1,1,107.0,1,2,12,3,10,104.2,1,0,0,1,0,0,20,0,0,6,6,6,12.16666667,0,0,6,7,6,12.14285714,0,11.1,0.6,2.02,-0.023809529999999413,0.8571428571428571,1,10.428571431428571
1,1,1,9500,1,1,131.0,1,19,19,4,4,122.0,1,0,0,1,0,0,20,0,0,8,8,7,14.01428571,0,0,8,8,7,14.01428571,0,12.7,3.7,-1.7,0.0,0.7777777777777778,1,10.899999996666667
1,1,1,9500,1,1,125.0,1,37,37,9,9,126.0,1,0,1,1,0,0,20,0,0,7,7,6,15.4,0,0,7,7,6,15.4,0,7.6,2.6,0.32,0.0,0.75,2,11.55
1,1,1,9130,1,1,144.0,1,3,1,2,4,134.9,1,0,1,1,0,0,18,0,0,6,13,6,10.85714286,0,0,6,10,4,11.0,0,15.5,2.8,-4.06,0.14285714000000027,0.5714285714285714,2,9.306122451428571
1,17,2,9147,1,1,146.0,1,38,37,6,6,143.9,0,0,0,1,0,0,18,0,0,5,11,5,11.33333333,0,0,5,8,5,12.0,0,13.9,-0.3,0.79,0.6666666699999997,0.8333333333333334,1,9.444444441666667
1,1,2,9070,1,1,126.0,1,19,38,9,9,132.0,1,0,0,1,0,1,19,0,0,6,6,6,14.16666667,0,0,6,8,6,12.375,0,10.8,1.4,1.74,-1.7916666699999997,0.8571428571428571,0,12.142857145714284
1,1,1,9238,1,1,141.0,1,37,37,4,4,138.9,0,0,0,1,0,0,21,0,0,6,7,6,13.33333333,0,0,6,6,6,14.5,0,10.8,1.4,1.74,1.1666666699999997,0.8571428571428571,1,11.428571425714285
1,1,1,9238,1,1,133.1,1,1,1,3,3,102.0,1,0,0,1,0,1,20,0,0,6,7,6,13.66666667,0,0,6,7,6,14.57142857,0,11.1,0.6,2.02,0.9047619000000005,0.8571428571428571,0,11.714285717142856
1,39,1,9254,1,1,133.1,1,19,19,4,7,123.0,0,0,1,0,0,1,28,0,0,6,6,6,10.83333333,0,0,6,7,5,11.0,0,13.9,-0.3,0.79,0.16666666999999968,0.7142857142857143,2,9.285714282857143
1,1,2,9853,1,1,127.0,1,37,19,9,8,137.5,1,0,0,1,0,0,21,0,0,6,7,6,13.42857143,0,0,6,8,6,13.14285714,0,7.6,2.6,0.32,-0.2857142899999996,0.8571428571428571,1,11.510204082857141
1,39,2,9147,1,1,120.0,1,37,37,9,9,104.0,0,0,0,0,1,0,26,0,0,5,8,1,10.0,0,0,5,9,1,10.0,0,10.8,1.4,1.74,0.0,0.16666666666666666,2,1.6666666666666665
1,39,1,9991,0,1,130.0,1,37,37,9,9,130.1,0,0,0,1,0,0,25,0,0,5,8,3,11.0,0,0,5,8,3,11.25,0,10.8,1.4,1.74,0.25,0.5,1,5.5
1,17,1,9147,1,1,124.0,1,38,19,6,10,126.8,1,0,0,1,0,0,20,0,0,5,8,5,12.33333333,0,0,5,7,5,12.2,0,15.5,2.8,-4.06,-0.13333333000000103,0.8333333333333334,1,10.277777775
1,42,3,9500,1,1,136.0,1,1,1,4,4,148.8,1,0,0,1,0,1,19,0,0,8,8,8,14.2525,0,0,8,8,8,14.2525,0,9.4,-0.8,-3.12,0.0,0.8888888888888888,0,12.668888888888887
1,43,2,9670,1,1,129.0,1,3,3,5,5,122.4,1,0,0,1,0,0,19,0,0,5,5,4,13.75,0,0,6,9,5,12.6,0,12.7,3.7,-1.7,-1.1500000000000004,0.7142857142857143,1,9.166666666666666
1,1,2,9238,1,1,136.0,1,19,19,4,7,121.7,1,0,0,1,0,1,21,0,0,6,9,5,12.33333333,0,0,6,7,5,11.8,0,13.9,-0.3,0.79,-0.5333333299999996,0.7142857142857143,0,8.809523807142858
1,1,3,9500,1,1,137.0,1,38,38,5,7,122.7,1,0,0,1,0,1,18,0,0,7,8,7,13.77857143,0,0,8,10,8,13.12222222,0,16.2,0.3,-0.92,-0.6563492100000001,0.8888888888888888,0,12.05625000125
1,1,1,9853,1,1,125.0,1,34,37,9,9,129.2,1,0,1,0,0,0,20,0,0,6,12,3,10.33333333,0,0,6,14,1,11.0,0,10.8,1.4,1.74,0.6666666699999997,0.14285714285714285,3,4.428571427142857
1,43,1,9773,1,1,119.0,1,19,37,5,5,105.0,1,0,0,1,0,0,23,0,0,6,11,3,11.33333333,0,0,6,7,2,11.0,0,16.2,0.3,-0.92,-0.3333333300000003,0.2857142857142857,1,4.857142855714286
1,1,1,9238,1,1,132.0,1,37,37,9,7,129.9,1,0,0,1,0,0,20,0,0,6,7,5,13.2,0,0,6,6,6,12.66666667,0,10.8,1.4,1.74,-0.5333333299999996,0.8571428571428571,1,9.428571428571429
1,1,3,9670,1,1,120.0,1,37,37,7,7,111.3,1,0,0,1,1,0,19,0,0,5,7,3,11.33333333,0,0,5,7,4,11.0,0,9.4,-0.8,-3.12,-0.3333333300000003,0.6666666666666666,1,5.666666665
1,17,1,9147,1,1,115.0,1,19,37,5,7,112.9,1,0,0,0,1,0,19,0,0,5,7,2,12.5,0,0,5,13,1,11.0,0,9.4,-0.8,-3.12,-1.5,0.16666666666666666,2,4.166666666666666
1,1,1,9085,1,1,120.0,1,38,19,9,3,112.7,0,0,0,1,1,0,19,0,0,6,7,6,14.85714286,0,0,6,8,6,14.14285714,0,11.1,0.6,2.02,-0.7142857199999995,0.8571428571428571,1,12.734693879999998
1,1,2,9670,1,1,123.0,1,1,38,7,7,120.6,1,0,0,1,1,0,19,0,0,6,6,6,13.33333333,0,0,6,8,5,14.0,0,8.9,1.4,3.51,0.6666666699999997,0.7142857142857143,1,11.428571425714285
1,1,1,9254,1,1,145.0,1,3,19,3,8,134.9,1,0,0,1,0,0,18,0,0,6,6,6,15.5,0,0,6,6,6,16.0,0,12.4,0.5,1.79,0.5,0.8571428571428571,1,13.285714285714285
1,1,1,9773,1,1,142.0,1,19,37,4,7,141.3,0,0,0,1,0,1,19,0,0,6,7,6,14.71428571,0,0,6,6,6,15.16666667,0,13.9,-0.3,0.79,0.4523809599999993,0.8571428571428571,0,12.612244894285714
1,1,3,9085,1,1,147.0,1,19,19,9,1,135.6,1,0,0,1,0,0,20,0,0,6,7,6,16.71428571,0,0,6,6,6,15.33333333,0,13.9,-0.3,0.79,-1.3809523799999983,0.8571428571428571,1,14.326530608571426
1,1,1,9238,1,1,125.0,1,19,19,9,9,121.5,1,0,0,1,0,1,19,0,0,6,9,6,10.85714286,0,0,6,7,6,11.66666667,0,12.4,0.5,1.79,0.80952381,0.8571428571428571,0,9.306122451428571
1,1,1,9670,1,1,122.0,1,12,12,5,7,126.6,1,0,0,1,0,0,18,0,0,6,8,6,14.625,0,0,6,9,6,14.14285714,0,11.1,0.6,2.02,-0.48214285999999973,0.8571428571428571,1,12.535714285714285
1,1,1,9773,1,1,123.0,1,1,38,9,9,116.7,0,0,0,1,0,1,18,0,0,6,6,6,12.16666667,0,0,6,8,6,12.66666667,0,12.4,0.5,1.79,0.5,0.8571428571428571,0,10.428571431428571
1,1,1,9853,1,1,128.0,1,38,37,9,9,124.9,0,0,0,1,0,1,19,0,0,6,6,6,12.5,0,0,6,6,6,12.83333333,0,12.7,3.7,-1.7,0.3333333300000003,0.8571428571428571,0,10.714285714285714
1,1,1,9238,1,1,145.0,1,1,19,9,9,129.3,0,0,1,1,0,1,19,0,0,6,11,3,11.0,0,0,6,9,4,11.25,0,10.8,1.4,1.74,0.25,0.5714285714285714,1,4.714285714285714
1,17,1,9238,1,1,132.0,1,37,38,9,5,120.8,0,0,0,1,0,1,19,0,0,6,11,5,11.6,0,0,6,10,6,11.71428571,0,15.5,2.8,-4.06,0.11428571000000076,0.8571428571428571,0,8.285714285714286
1,1,1,9500,1,1,130.0,1,19,19,9,6,135.0,0,0,0,1,0,0,19,0,0,7,7,6,14.26666667,0,0,7,7,6,14.26666667,0,7.6,2.6,0.32,0.0,0.75,1,10.7000000025
1,1,1,9147,1,1,129.0,1,37,37,9,7,117.8,0,0,0,1,0,1,19,0,0,5,6,4,11.0,0,0,5,9,4,13.85714286,0,10.8,1.4,1.74,2.8571428599999997,0.6666666666666666,0,7.333333333333333
1,17,1,9670,1,1,115.0,1,1,1,4,4,109.1,1,0,0,1,0,1,19,0,0,6,7,6,13.28571429,0,0,6,9,5,14.6,0,12.4,0.5,1.79,1.31428571,0.7142857142857143,0,11.387755105714286
1,17,1,9130,1,1,117.0,1,19,19,4,4,113.5,1,0,0,1,0,0,19,0,0,6,8,6,11.33333333,0,0,6,12,4,13.75,0,8.9,1.4,3.51,2.4166666699999997,0.5714285714285714,1,9.714285711428571
1,1,2,9670,1,1,121.0,1,1,19,4,7,135.4,1,0,0,1,0,1,19,0,0,6,6,6,13.33333333,0,0,6,10,5,13.4,0,8.9,1.4,3.51,0.06666667000000004,0.7142857142857143,0,11.428571425714285
1,1,2,9070,1,1,129.0,1,3,4,2,2,136.4,1,0,0,1,0,0,18,0,0,6,6,6,12.33333333,0,0,6,6,6,12.83333333,0,7.6,2.6,0.32,0.5,0.8571428571428571,1,10.571428568571429
1,17,3,9147,1,1,137.0,1,1,1,4,7,124.4,1,0,0,1,0,0,18,0,0,5,5,5,12.6,0,0,5,5,4,11.0,0,11.1,0.6,2.02,-1.5999999999999996,0.6666666666666666,1,10.5
1,39,1,9085,1,1,133.1,1,19,19,7,7,130.0,1,0,0,1,0,0,24,0,0,6,7,6,14.85714286,0,0,6,10,5,13.6,0,13.9,-0.3,0.79,-1.25714286,0.7142857142857143,1,12.734693879999998
1,1,2,9085,1,1,148.0,1,38,19,4,9,134.7,1,0,0,1,0,0,18,0,0,6,6,6,17.0,0,0,6,6,6,15.5,0,8.9,1.4,3.51,-1.5,0.8571428571428571,1,14.571428571428571
1,39,1,9085,1,1,130.0,1,37,37,6,6,110.0,0,0,0,1,0,1,25,0,0,6,13,3,11.66666667,0,0,6,14,2,11.33333333,0,11.1,0.6,2.02,-0.33333333999999937,0.2857142857142857,0,5.000000001428571
1,1,3,9773,1,1,130.0,1,1,37,4,5,120.9,1,0,1,1,0,0,18,0,0,6,6,6,14.33333333,0,0,6,6,6,14.16666667,0,8.9,1.4,3.51,-0.16666666000000063,0.8571428571428571,2,12.285714282857143
1,17,1,9500,1,1,137.0,1,1,1,9,9,127.9,1,0,0,1,0,1,18,0,0,7,10,5,13.46,0,0,7,8,7,12.2375,0,11.1,0.6,2.02,-1.2225000000000001,0.875,0,8.412500000000001
1,1,1,9773,1,1,133.0,1,1,3,3,3,135.8,1,0,0,1,0,0,19,0,0,6,6,6,15.0,0,0,6,6,6,13.33333333,0,11.1,0.6,2.02,-1.6666666699999997,0.8571428571428571,1,12.857142857142856
1,1,2,9670,1,1,160.0,1,2,1,4,4,137.3,1,0,0,1,0,0,19,0,0,6,7,5,13.4,0,0,6,6,5,12.8,0,12.7,3.7,-1.7,-0.5999999999999996,0.7142857142857143,1,9.571428571428571
1,1,1,9085,1,1,140.0,1,3,3,2,2,146.4,0,0,0,1,0,0,18,0,0,5,5,5,12.6,0,0,5,7,5,11.6,0,7.6,2.6,0.32,-1.0,0.8333333333333334,1,10.5
1,17,2,9773,1,1,115.0,1,1,1,5,5,119.6,1,0,0,1,0,1,22,0,0,6,11,5,12.0,0,0,6,11,5,11.0,0,7.6,2.6,0.32,-1.0,0.7142857142857143,0,8.571428571428571
1,1,1,9853,1,1,153.0,1,19,37,9,9,153.7,0,0,0,1,0,1,18,0,0,6,8,6,13.14285714,0,0,6,6,6,12.83333333,0,15.5,2.8,-4.06,-0.30952380999999995,0.8571428571428571,0,11.26530612
1,17,1,9238,1,1,131.0,1,37,37,9,7,121.9,0,0,0,1,0,1,19,0,0,6,8,6,13.75,0,0,6,7,6,11.85714286,0,16.2,0.3,-0.92,-1.8928571400000003,0.8571428571428571,0,11.785714285714285
1,1,2,9670,1,1,131.0,1,1,19,4,7,135.9,1,0,0,1,0,1,18,0,0,6,6,6,13.16666667,0,0,6,8,6,12.42857143,0,8.9,1.4,3.51,-0.7380952399999998,0.8571428571428571,0,11.285714288571429
1,43,1,9500,1,1,136.0,1,3,3,2,2,100.0,0,0,0,1,0,0,18,0,0,7,8,7,13.6125,0,0,8,8,8,14.575,0,13.9,-0.3,0.79,0.9624999999999986,0.8888888888888888,1,11.910937500000001
1,17,1,9238,1,1,116.0,1,1,1,3,3,119.2,1,0,0,1,0,1,18,0,0,6,6,6,14.0,0,0,6,6,6,13.5,0,8.9,1.4,3.51,-0.5,0.8571428571428571,0,12.0
1,17,1,9773,1,1,136.0,1,3,1,2,3,132.5,1,0,0,1,0,0,19,0,0,6,7,6,12.5,0,0,6,7,6,12.5,0,10.8,1.4,1.74,0.0,0.8571428571428571,1,10.714285714285714
1,44,1,9003,1,1,140.0,1,1,19,3,9,140.0,1,0,1,0,0,0,23,0,0,6,13,5,11.6,0,0,6,11,4,12.25,0,12.4,0.5,1.79,0.6500000000000004,0.5714285714285714,3,8.285714285714286
1,1,2,9238,1,1,136.0,1,22,30,0,8,135.7,1,0,0,1,0,0,19,0,0,6,8,6,14.375,0,0,6,8,6,14.75,0,7.6,2.6,0.32,0.375,0.8571428571428571,1,12.321428571428571
1,1,1,9500,1,1,118.0,1,38,38,7,7,115.2,1,0,0,1,0,0,19,0,0,7,9,6,12.97166667,0,0,8,9,7,12.32142857,0,11.1,0.6,2.02,-0.6502380999999993,0.7777777777777778,1,9.7287500025
1,1,1,9773,1,1,154.0,1,37,37,9,7,150.2,0,0,0,1,0,1,18,0,0,6,6,6,14.5,0,0,6,6,6,14.66666667,0,16.2,0.3,-0.92,0.16666666999999968,0.8571428571428571,0,12.428571428571427
1,1,1,9147,1,1,158.0,1,19,37,9,7,130.0,1,0,0,1,0,0,20,0,0,5,8,4,11.25,0,0,5,7,5,10.4,0,7.6,2.6,0.32,-0.8499999999999996,0.8333333333333334,1,7.5
1,1,3,9085,1,1,138.0,1,1,1,4,8,128.7,1,0,0,1,0,0,18,0,0,6,7,6,14.66666667,0,0,6,12,6,13.83333333,0,8.9,1.4,3.51,-0.8333333399999994,0.8571428571428571,1,12.571428574285713
1,1,1,9670,1,1,133.1,1,1,1,9,1,103.0,1,0,0,1,0,1,20,0,0,6,8,4,11.75,0,0,6,10,6,12.66666667,0,10.8,1.4,1.74,0.9166666699999997,0.8571428571428571,0,6.7142857142857135
1,1,1,9500,1,1,139.0,1,19,37,9,9,131.5,1,0,0,1,0,0,18,0,0,8,8,7,14.13714286,0,0,8,8,7,14.13714286,0,10.8,1.4,1.74,0.0,0.7777777777777778,1,10.995555557777779
1,18,3,9070,1,1,134.0,1,1,1,3,4,121.4,0,0,0,1,0,0,18,0,0,6,6,2,12.0,0,0,6,6,1,11.0,0,9.4,-0.8,-3.12,-1.0,0.14285714285714285,1,3.4285714285714284
1,17,1,9147,1,1,137.0,1,1,3,7,3,131.1,1,0,1,1,0,1,19,0,0,5,7,5,13.6,0,0,5,5,5,12.6,0,8.9,1.4,3.51,-1.0,0.8333333333333334,1,11.333333333333334
1,42,1,9500,1,1,157.0,1,3,3,3,3,100.0,0,0,0,1,0,0,18,0,0,7,8,7,13.55,0,0,8,8,8,14.1875,0,13.9,-0.3,0.79,0.6374999999999993,0.8888888888888888,1,11.856250000000001
1,1,2,9254,1,1,132.0,1,1,19,9,9,129.9,1,0,0,1,0,1,19,0,0,6,8,6,13.0,0,0,6,6,6,12.16666667,0,8.9,1.4,3.51,-0.8333333300000003,0.8571428571428571,0,11.142857142857142
1,1,3,9070,1,1,129.0,1,5,3,5,7,124.8,1,0,0,1,0,0,21,0,0,6,6,6,14.5,0,0,6,7,5,12.0,0,12.4,0.5,1.79,-2.5,0.7142857142857143,1,12.428571428571427
1,1,1,9070,1,1,135.0,1,19,37,9,9,128.0,1,0,0,1,0,1,19,0,0,6,6,6,14.0,0,0,6,8,6,13.125,0,10.8,1.4,1.74,-0.875,0.8571428571428571,0,12.0
1,17,1,9070,1,1,135.0,1,37,19,9,9,125.2,1,0,0,1,0,0,19,0,0,6,6,6,14.33333333,0,0,6,6,6,13.5,0,12.7,3.7,-1.7,-0.8333333300000003,0.8571428571428571,1,12.285714282857143
1,43,2,9853,1,1,118.0,1,19,1,5,4,110.0,1,0,0,1,0,0,20,0,0,6,10,4,12.25,0,0,6,8,4,11.5,0,10.8,1.4,1.74,-0.75,0.5714285714285714,1,7.0
1,1,2,9254,1,1,137.0,1,38,19,9,7,125.1,1,0,0,1,0,0,18,0,0,6,10,4,11.75,0,0,6,9,5,11.2,0,7.6,2.6,0.32,-0.5500000000000007,0.7142857142857143,1,6.7142857142857135
1,18,1,9500,1,1,123.0,1,37,37,3,3,118.0,1,0,0,1,0,1,19,0,0,8,8,7,11.82,0,0,8,8,7,11.82,0,10.8,1.4,1.74,0.0,0.7777777777777778,0,9.193333333333333
1,17,1,9773,1,1,136.0,1,1,38,9,8,131.5,1,0,0,1,0,0,18,0,0,6,7,6,12.57142857,0,0,6,8,6,11.85714286,0,13.9,-0.3,0.79,-0.7142857100000004,0.8571428571428571,1,10.775510202857143
1,17,1,9238,1,1,128.0,1,19,1,0,5,122.1,1,0,0,1,0,0,18,0,0,6,9,5,11.83333333,0,0,6,7,5,13.8,0,13.9,-0.3,0.79,1.9666666700000004,0.7142857142857143,1,8.45238095
1,17,1,9147,1,1,120.0,1,3,3,2,2,112.0,0,0,0,1,0,0,20,0,0,5,10,4,11.0,0,0,5,7,4,11.5,0,15.5,2.8,-4.06,0.5,0.6666666666666666,1,7.333333333333333
1,1,1,9130,1,1,130.0,1,3,19,4,8,133.0,1,0,0,1,0,0,19,0,0,6,6,6,14.66666667,0,0,6,8,6,13.66666667,0,12.4,0.5,1.79,-1.0,0.8571428571428571,1,12.571428574285713
1,39,1,9500,1,1,148.0,1,3,19,2,5,130.0,0,0,0,1,0,0,24,0,0,8,12,7,12.71428571,0,0,8,12,7,12.71428571,0,12.7,3.7,-1.7,0.0,0.7777777777777778,1,9.888888885555556
1,1,2,9500,1,1,139.0,1,4,1,2,10,136.4,1,0,0,1,0,0,19,0,0,7,9,7,13.42222222,0,0,8,11,7,12.18888889,0,15.5,2.8,-4.06,-1.2333333300000007,0.7777777777777778,1,11.7444444425
1,1,3,9773,1,1,136.0,1,3,1,5,3,129.0,1,0,0,1,0,1,19,0,0,6,7,6,14.0,0,0,6,8,5,12.2,0,13.9,-0.3,0.79,-1.8000000000000007,0.7142857142857143,0,12.0
1,17,3,9556,1,1,126.0,1,19,19,9,4,119.0,1,0,0,1,0,1,19,0,0,7,8,7,12.14285714,0,0,8,8,8,13.375,0,16.2,0.3,-0.92,1.2321428599999997,0.8888888888888888,0,10.6249999975
1,17,1,9147,1,1,135.0,1,37,38,9,9,128.0,1,0,1,1,0,1,18,0,0,5,5,5,12.8,0,0,5,5,5,13.0,0,11.1,0.6,2.02,0.1999999999999993,0.8333333333333334,1,10.666666666666668
1,1,1,9130,1,1,137.0,1,40,19,2,9,130.7,1,0,0,1,0,0,18,0,0,6,8,5,14.4,0,0,6,11,4,14.6,0,8.9,1.4,3.51,0.1999999999999993,0.5714285714285714,1,10.285714285714286
1,17,1,9085,1,1,141.0,1,3,2,2,3,130.2,1,0,0,1,0,0,20,0,0,6,14,6,15.75,0,0,6,8,6,13.0,0,15.5,2.8,-4.06,-2.75,0.8571428571428571,1,13.5
1,16,1,9500,1,1,133.1,1,37,37,9,9,95.0,1,0,0,1,0,0,20,0,0,7,7,6,13.755,0,0,8,9,7,13.57142857,0,12.4,0.5,1.79,-0.18357143000000065,0.7777777777777778,1,10.31625
1,17,1,9670,1,1,132.0,1,1,1,3,3,119.4,1,0,0,1,0,1,18,0,0,6,7,6,13.83333333,0,0,6,11,6,13.5,0,8.9,1.4,3.51,-0.3333333300000003,0.8571428571428571,0,11.857142854285714
1,1,1,9500,1,1,130.0,1,3,3,1,5,118.8,0,0,0,1,0,0,18,0,0,7,7,7,13.67714286,0,0,8,9,8,14.53333333,0,11.1,0.6,2.02,0.8561904699999996,0.8888888888888888,1,11.9675000025
1,17,1,9130,1,1,131.0,1,19,9,5,3,118.4,0,0,0,1,0,0,19,0,0,5,8,3,12.0,0,0,5,7,5,12.83333333,0,7.6,2.6,0.32,0.8333333300000003,0.8333333333333334,1,6.0
1,1,1,9500,1,1,147.0,1,3,1,2,3,131.6,0,0,0,1,0,0,18,0,0,7,8,6,13.95833333,0,0,8,8,8,14.71875,0,11.1,0.6,2.02,0.7604166699999997,0.8888888888888888,1,10.4687499975
1,17,1,9853,1,1,140.0,1,38,19,4,10,122.3,1,0,0,1,0,0,19,0,0,6,9,4,13.0,0,0,6,9,4,12.25,0,12.7,3.7,-1.7,-0.75,0.5714285714285714,1,7.428571428571428
1,18,2,9500,1,1,135.0,1,19,1,5,5,128.9,1,0,0,1,0,1,19,0,0,7,8,6,12.64833333,0,0,8,9,8,12.20555556,0,11.1,0.6,2.02,-0.4427777699999993,0.8888888888888888,0,9.4862499975
1,5,2,9238,1,1,123.0,1,40,38,2,9,118.1,1,0,0,1,0,0,19,0,0,6,6,6,14.0,0,0,6,6,6,13.33333333,0,8.9,1.4,3.51,-0.6666666699999997,0.8571428571428571,1,12.0
1,1,1,9254,1,1,136.0,1,12,1,4,4,122.0,1,0,0,1,0,0,18,0,0,6,8,6,11.33333333,0,0,6,11,6,10.83333333,0,7.6,2.6,0.32,-0.5,0.8571428571428571,1,9.714285711428571
1,1,1,9670,1,1,126.0,1,1,1,9,10,126.7,1,0,0,1,0,1,20,0,0,6,6,6,14.16666667,0,0,6,9,6,13.0,0,8.9,1.4,3.51,-1.1666666699999997,0.8571428571428571,0,12.142857145714284
1,1,1,9773,1,1,122.0,1,38,19,9,9,126.6,1,0,0,1,0,0,18,0,0,6,6,6,12.83333333,0,0,6,6,6,13.83333333,0,8.9,1.4,3.51,1.0,0.8571428571428571,1,10.999999997142856
1,1,1,9853,1,1,125.0,1,38,38,9,9,125.4,0,0,1,0,0,0,19,0,0,7,11,4,12.0,0,0,7,9,6,11.83333333,0,16.2,0.3,-0.92,-0.16666666999999968,0.75,3,6.0
1,1,3,9773,1,1,134.0,1,1,19,9,9,136.1,1,0,0,1,0,1,20,0,0,6,6,6,13.0,0,0,6,7,6,13.14285714,0,12.4,0.5,1.79,0.14285714000000027,0.8571428571428571,0,11.142857142857142
1,17,2,9853,1,1,123.0,1,1,1,3,9,116.7,1,0,0,1,0,0,19,0,0,6,8,5,13.0,0,0,6,8,4,10.75,0,9.4,-0.8,-3.12,-2.25,0.5714285714285714,1,9.285714285714286
1,1,1,9085,1,1,146.0,1,1,1,9,7,126.0,0,0,0,1,0,0,19,0,0,5,7,3,12.33333333,0,0,5,7,4,10.25,0,7.6,2.6,0.32,-2.0833333300000003,0.6666666666666666,1,6.166666665
1,1,1,9147,1,1,130.0,1,1,19,3,3,123.0,0,0,0,1,0,1,18,0,0,5,7,5,13.33333333,0,0,5,6,5,13.6,0,12.7,3.7,-1.7,0.26666666999999933,0.8333333333333334,0,11.111111108333334
1,1,2,9085,1,1,127.0,1,38,37,5,7,123.9,1,0,0,1,0,0,18,0,0,5,9,4,13.0,0,0,5,8,5,13.14285714,0,10.8,1.4,1.74,0.14285714000000027,0.8333333333333334,1,8.666666666666666
1,42,1,9147,1,1,139.0,1,3,38,2,5,112.3,1,0,0,1,0,0,19,0,0,5,8,2,11.5,0,0,5,10,3,10.85714286,0,10.8,1.4,1.74,-0.6428571400000003,0.5,1,3.833333333333333
1,16,1,9085,1,1,138.0,1,37,37,9,9,123.0,1,0,0,1,0,1,20,0,0,6,7,6,15.85714286,0,0,6,6,6,16.0,0,13.9,-0.3,0.79,0.14285714000000027,0.8571428571428571,0,13.591836737142856
1,17,1,9238,1,1,127.0,1,38,38,9,6,122.8,0,0,0,1,0,1,19,0,0,6,8,6,14.0,0,0,6,7,6,14.57142857,0,16.2,0.3,-0.92,0.5714285700000001,0.8571428571428571,0,12.0
1,17,2,9773,1,1,132.0,1,19,19,9,6,120.1,1,0,0,1,0,1,18,0,0,6,6,6,13.66666667,0,0,6,6,6,14.0,0,8.9,1.4,3.51,0.3333333300000003,0.8571428571428571,0,11.714285717142856
1,1,3,9500,1,1,140.0,1,19,37,9,9,125.5,1,0,0,1,0,1,19,0,0,8,8,7,14.23285714,0,0,8,8,7,14.23285714,0,10.8,1.4,1.74,0.0,0.7777777777777778,0,11.069999997777778
1,1,2,9773,1,1,130.0,1,19,19,5,6,137.4,0,0,0,1,0,0,19,0,0,6,6,6,15.0,0,0,6,7,6,14.0,0,15.5,2.8,-4.06,-1.0,0.8571428571428571,1,12.857142857142856
1,17,3,9670,1,1,110.0,1,19,1,4,4,107.5,1,0,0,1,0,1,18,0,0,6,11,4,12.25,0,0,6,10,4,11.0,0,12.7,3.7,-1.7,-1.25,0.5714285714285714,0,7.0
1,17,2,9238,1,1,132.0,1,38,1,7,7,133.1,1,0,0,1,0,1,19,0,0,6,8,5,12.2,0,0,6,7,6,11.5,0,9.4,-0.8,-3.12,-0.6999999999999993,0.8571428571428571,0,8.714285714285714
1,1,3,9670,1,1,121.0,1,1,19,5,5,111.9,1,0,0,1,1,1,20,0,0,6,7,6,11.33333333,0,0,6,10,4,10.57142857,0,10.8,1.4,1.74,-0.7619047600000002,0.5714285714285714,0,9.714285711428571
1,1,1,9670,1,1,129.0,1,1,37,4,9,118.2,0,0,0,1,1,0,19,0,0,5,5,5,10.8,0,0,5,5,4,12.25,0,9.4,-0.8,-3.12,1.4499999999999993,0.6666666666666666,1,9.000000000000002
1,39,1,9991,0,1,120.0,1,19,38,5,5,152.4,0,0,0,1,1,0,27,0,0,5,5,5,15.2,0,0,5,6,5,14.16666667,0,10.8,1.4,1.74,-1.0333333299999996,0.8333333333333334,1,12.666666666666666
1,1,1,9070,1,1,124.0,1,37,19,9,3,116.3,1,0,0,1,0,0,20,0,0,6,8,5,12.2,0,0,6,6,6,11.5,0,16.2,0.3,-0.92,-0.6999999999999993,0.8571428571428571,1,8.714285714285714
1,1,1,9238,1,1,123.0,1,37,37,9,9,115.0,1,0,0,1,0,0,19,0,0,6,10,4,10.25,0,0,6,8,6,10.71428571,0,11.1,0.6,2.02,0.4642857100000004,0.8571428571428571,1,5.857142857142857
1,17,1,9853,1,1,128.0,1,38,38,9,7,128.4,1,0,0,1,0,1,20,0,0,6,10,5,13.2,0,0,6,12,5,12.83333333,0,9.4,-0.8,-3.12,-0.366666669999999,0.7142857142857143,0,9.428571428571429
1,1,1,9238,1,1,138.0,1,37,37,9,9,135.9,1,0,0,1,0,0,19,0,0,6,11,5,11.6,0,0,6,11,6,11.66666667,0,7.6,2.6,0.32,0.06666667000000004,0.8571428571428571,1,8.285714285714286
1,1,1,9500,1,1,134.0,1,38,19,3,10,121.2,0,0,0,1,0,0,19,0,0,7,10,7,13.47,0,0,8,8,8,13.32625,0,15.5,2.8,-4.06,-0.1437500000000007,0.8888888888888888,1,11.78625
1,1,1,9500,1,1,118.0,1,1,19,9,10,113.1,1,0,0,1,0,0,19,0,0,7,7,7,13.79857143,0,0,8,8,8,14.75625,0,11.1,0.6,2.02,0.9576785699999988,0.8888888888888888,1,12.073750001250001
1,1,1,9670,1,1,143.0,1,3,38,2,9,144.1,1,0,0,1,0,0,19,0,0,6,7,5,12.6,0,0,6,10,5,12.375,0,10.8,1.4,1.74,-0.22499999999999964,0.7142857142857143,1,9.0
1,1,1,9773,1,1,128.0,1,1,19,9,7,118.2,0,0,0,1,0,0,19,0,0,6,6,6,11.66666667,0,0,6,6,6,11.5,0,12.7,3.7,-1.7,-0.16666666999999968,0.8571428571428571,1,10.000000002857142
1,1,1,9238,1,1,138.0,1,19,38,5,8,133.5,0,0,0,1,0,1,19,0,0,6,6,6,15.0,0,0,6,6,6,13.33333333,0,8.9,1.4,3.51,-1.6666666699999997,0.8571428571428571,0,12.857142857142856
1,17,1,9254,1,1,111.0,1,19,19,3,10,117.7,0,0,0,1,0,0,20,0,0,6,8,5,10.8,0,0,6,9,4,11.5,0,9.4,-0.8,-3.12,0.6999999999999993,0.5714285714285714,1,7.714285714285715
1,1,1,9556,1,1,135.0,1,37,38,7,9,125.8,0,0,0,1,0,1,20,0,0,7,14,7,10.64285714,0,0,8,8,8,11.55,0,12.7,3.7,-1.7,0.9071428600000004,0.8888888888888888,0,9.3124999975
1,1,1,9500,1,1,147.0,1,38,38,9,9,142.0,1,0,0,1,0,0,18,0,0,7,7,6,14.65,0,0,7,7,6,14.65,0,7.6,2.6,0.32,0.0,0.75,1,10.9875
1,17,3,9500,1,1,137.0,1,19,37,7,7,126.7,1,0,0,1,0,1,19,0,0,7,7,7,13.71428571,0,0,8,11,8,14.86363636,0,16.2,0.3,-0.92,1.1493506499999988,0.8888888888888888,0,11.99999999625
1,17,1,9238,1,1,126.0,1,37,19,9,8,116.9,1,0,0,1,0,0,21,0,0,6,11,6,10.375,0,0,6,12,3,11.66666667,0,12.7,3.7,-1.7,1.2916666699999997,0.42857142857142855,1,8.892857142857142
1,18,1,9147,1,1,128.0,1,19,19,9,5,121.7,1,0,0,1,0,0,19,0,0,5,8,5,11.0,0,0,5,6,5,15.4,0,12.4,0.5,1.79,4.4,0.8333333333333334,1,9.166666666666668
1,1,1,9773,1,1,121.0,1,1,38,4,9,114.4,0,0,0,1,0,1,18,0,0,6,6,6,12.66666667,0,0,6,6,6,12.83333333,0,11.1,0.6,2.02,0.16666666000000063,0.8571428571428571,0,10.85714286
1,17,1,9238,1,1,134.0,1,3,1,3,4,133.0,1,0,0,1,0,0,18,0,0,6,8,6,11.75,0,0,6,10,5,12.0,0,12.7,3.7,-1.7,0.25,0.7142857142857143,1,10.071428571428571
1,1,3,9500,1,1,126.0,1,38,38,9,8,118.8,1,0,0,1,0,1,19,0,0,8,8,7,12.78571429,0,0,8,8,7,12.78571429,0,12.7,3.7,-1.7,0.0,0.7777777777777778,0,9.944444447777778
1,1,1,9130,1,1,151.0,1,3,1,2,4,151.0,1,0,0,1,0,0,18,0,0,6,11,6,14.44444444,0,0,6,6,6,13.33333333,0,16.2,0.3,-0.92,-1.1111111099999995,0.8571428571428571,1,12.380952377142856
1,17,1,9500,1,1,141.0,1,2,38,2,10,135.4,1,0,0,1,0,0,18,0,0,7,9,7,12.50625,0,0,8,15,5,13.2,0,13.9,-0.3,0.79,0.6937499999999996,0.5555555555555556,1,10.94296875
1,1,1,9773,1,1,136.0,1,19,19,4,3,126.2,0,0,0,1,0,0,19,0,0,6,6,6,13.16666667,0,0,6,6,6,15.0,0,16.2,0.3,-0.92,1.8333333300000003,0.8571428571428571,1,11.285714288571429
1,1,1,9853,1,1,129.0,1,19,38,2,7,126.9,1,0,0,1,0,1,19,0,0,6,9,5,12.2,0,0,6,10,4,11.5,0,7.6,2.6,0.32,-0.6999999999999993,0.5714285714285714,0,8.714285714285714
1,39,1,9085,1,1,128.0,1,19,1,9,10,157.4,1,0,0,1,0,0,26,0,0,6,7,6,16.5,0,0,6,8,6,14.28571429,0,8.9,1.4,3.51,-2.2142857100000004,0.8571428571428571,1,14.142857142857142
1,17,2,9147,1,1,131.0,1,1,19,4,5,120.2,1,0,0,1,0,0,21,0,0,5,10,4,11.75,0,0,5,6,5,11.6,0,12.4,0.5,1.79,-0.15000000000000036,0.8333333333333334,1,7.833333333333333
1,17,1,9500,1,1,150.0,1,37,37,9,9,130.3,0,0,0,1,0,1,19,0,0,8,8,7,15.11428571,0,0,8,8,7,15.11428571,0,12.7,3.7,-1.7,0.0,0.7777777777777778,0,11.755555552222223
1,1,1,9238,1,1,126.0,1,3,1,5,5,125.7,0,0,0,1,0,1,18,0,0,6,6,6,11.33333333,0,0,6,8,6,11.33333333,0,15.5,2.8,-4.06,0.0,0.8571428571428571,0,9.714285711428571
1,17,3,9147,1,1,125.0,1,38,19,7,7,125.7,0,0,0,1,0,0,20,0,0,5,7,5,11.16666667,0,0,5,9,4,10.75,0,15.5,2.8,-4.06,-0.4166666699999997,0.6666666666666666,1,9.305555558333333
1,1,1,9130,1,1,117.0,1,1,1,9,9,109.3,1,0,0,1,0,0,20,0,0,5,10,4,12.5,0,0,5,12,2,13.0,0,12.7,3.7,-1.7,0.5,0.3333333333333333,1,8.333333333333332
1,1,2,9147,1,1,130.0,1,37,37,9,9,117.8,0,0,0,1,0,0,18,0,0,5,8,2,10.0,0,0,5,9,3,11.33333333,0,7.6,2.6,0.32,1.3333333300000003,0.5,1,3.333333333333333
1,1,1,9147,1,1,127.0,1,19,19,5,5,129.8,1,0,0,1,0,0,22,0,0,5,8,3,10.33333333,0,0,5,11,2,10.0,0,7.6,2.6,0.32,-0.3333333300000003,0.3333333333333333,1,5.166666665
1,17,1,9254,1,1,121.0,1,1,1,4,4,123.1,1,0,0,1,1,0,21,0,0,6,11,6,11.16666667,0,0,6,14,3,14.66666667,0,7.6,2.6,0.32,3.5,0.42857142857142855,1,9.571428574285713
1,43,1,9070,1,1,135.0,1,19,19,9,9,122.8,1,0,0,1,1,1,20,0,0,6,8,3,11.0,0,0,6,8,2,11.33333333,0,10.8,1.4,1.74,0.3333333300000003,0.2857142857142857,0,4.714285714285714
1,1,1,9238,1,1,142.0,1,1,38,5,7,127.7,0,0,0,1,0,1,20,0,0,6,7,6,15.0,0,0,6,6,6,16.33333333,0,13.9,-0.3,0.79,1.3333333299999985,0.8571428571428571,0,12.857142857142856
1,17,2,9853,1,1,123.0,1,3,1,2,3,124.1,1,0,0,1,0,0,18,0,0,6,7,2,14.5,0,0,6,6,1,10.0,0,15.5,2.8,-4.06,-4.5,0.14285714285714285,1,4.142857142857142
1,39,1,9991,0,1,150.0,1,19,38,9,8,140.9,0,1,0,1,0,0,24,0,0,5,7,3,10.66666667,0,0,5,7,3,10.5,0,10.8,1.4,1.74,-0.16666666999999968,0.5,1,5.333333335
1,1,1,9254,1,1,129.0,1,1,1,4,2,126.2,0,0,1,0,0,1,21,0,0,6,7,6,13.42857143,0,0,6,8,6,11.33333333,0,8.9,1.4,3.51,-2.0952380999999995,0.8571428571428571,2,11.510204082857141
1,1,3,9500,1,1,134.0,1,1,37,8,7,120.5,1,0,0,1,1,1,18,0,0,7,12,7,11.71666667,0,0,8,13,4,10.868,0,15.5,2.8,-4.06,-0.8486666700000001,0.4444444444444444,0,10.252083336250001
1,17,1,9147,1,1,127.0,1,1,37,4,8,121.1,1,0,0,1,1,1,20,0,0,5,11,4,12.0,0,0,5,5,5,12.8,0,11.1,0.6,2.02,0.8000000000000007,0.8333333333333334,0,8.0
1,18,2,9853,1,1,123.0,1,1,3,9,2,123.7,1,0,1,0,0,0,20,0,0,6,11,5,13.2,0,0,6,8,4,10.75,0,10.8,1.4,1.74,-2.4499999999999993,0.5714285714285714,3,9.428571428571429
1,17,3,9254,1,1,127.0,1,12,38,5,7,116.9,1,0,1,1,0,0,18,0,0,6,7,5,12.2,0,0,6,10,4,12.25,0,12.4,0.5,1.79,0.05000000000000071,0.5714285714285714,2,8.714285714285714
1,39,1,9556,1,1,133.1,1,38,19,9,6,100.0,1,0,0,1,0,1,25,0,0,7,11,5,12.58,0,0,7,9,6,12.15714286,0,8.9,1.4,3.51,-0.42285713999999963,0.75,0,7.8625
1,1,1,9670,1,1,133.0,1,38,38,9,9,128.1,1,0,0,1,1,1,18,0,0,6,6,6,13.0,0,0,6,6,6,13.0,0,13.9,-0.3,0.79,0.0,0.8571428571428571,0,11.142857142857142
1,1,1,9500,1,1,143.0,1,3,19,3,10,126.8,0,0,0,1,1,0,19,0,0,8,8,7,14.53571429,0,0,8,8,7,14.53571429,0,10.8,1.4,1.74,0.0,0.7777777777777778,1,11.305555558888889
1,43,1,9500,1,1,140.0,1,19,38,9,7,125.7,1,0,0,1,1,1,19,0,0,7,8,5,11.2,0,0,7,8,5,11.2,0,7.6,2.6,0.32,0.0,0.625,0,7.0
1,17,1,9070,1,1,157.0,1,3,3,3,3,146.2,0,0,0,1,1,0,18,0,0,6,6,6,16.0,0,0,6,6,6,13.66666667,0,12.4,0.5,1.79,-2.3333333300000003,0.8571428571428571,1,13.714285714285714
1,1,1,9085,1,1,111.0,1,1,38,5,9,107.5,0,0,0,1,1,1,19,0,0,6,9,6,13.83333333,0,0,6,12,5,13.66666667,0,11.1,0.6,2.02,-0.16666666000000063,0.7142857142857143,0,11.857142854285714
1,1,1,9670,1,1,115.0,1,19,37,9,9,114.3,0,0,0,1,1,0,18,0,0,6,7,4,12.6,0,0,6,6,4,13.0,0,12.4,0.5,1.79,0.40000000000000036,0.5714285714285714,1,7.199999999999999
1,1,2,9147,1,1,122.0,1,1,38,4,5,116.4,0,0,0,1,1,0,21,0,0,5,10,3,11.25,0,0,5,9,3,11.0,0,15.5,2.8,-4.06,-0.25,0.5,1,5.625
1,42,1,9003,1,1,140.0,1,1,3,4,2,140.0,1,0,0,1,1,0,23,0,0,6,14,5,12.0,0,0,6,12,5,12.14285714,0,15.5,2.8,-4.06,0.14285714000000027,0.7142857142857143,1,8.571428571428571
1,1,1,9500,1,1,148.0,1,1,1,9,9,127.0,1,0,0,1,1,0,20,0,0,8,8,7,12.84142857,0,0,8,8,7,12.84142857,0,10.8,1.4,1.74,0.0,0.7777777777777778,1,9.987777776666666
1,1,1,9773,1,1,146.0,1,1,3,4,1,135.2,1,0,0,1,1,0,18,0,0,6,7,6,14.16666667,0,0,6,6,6,12.83333333,0,9.4,-0.8,-3.12,-1.3333333399999994,0.8571428571428571,1,12.142857145714284
1,1,1,9773,1,1,127.0,1,5,3,4,4,122.8,1,0,0,1,1,0,20,0,0,6,7,6,12.16666667,0,0,6,9,3,12.0,0,12.4,0.5,1.79,-0.16666666999999968,0.42857142857142855,1,10.428571431428571
1,17,1,9773,1,1,125.0,1,3,3,2,3,118.0,1,0,0,1,1,0,19,0,0,6,12,4,10.8,0,0,6,14,3,11.0,0,13.9,-0.3,0.79,0.1999999999999993,0.42857142857142855,1,6.171428571428572
1,1,1,9147,1,1,146.0,1,5,1,1,5,144.6,0,0,0,1,1,0,18,0,0,5,5,5,13.0,0,0,5,6,5,13.33333333,0,16.2,0.3,-0.92,0.3333333300000003,0.8333333333333334,1,10.833333333333334
1,1,1,9773,1,1,109.0,1,2,3,3,3,111.8,1,0,1,1,1,0,25,0,0,6,8,6,11.57142857,0,0,6,9,6,11.57142857,0,15.5,2.8,-4.06,0.0,0.8571428571428571,2,9.918367345714286
1,1,1,9238,1,1,135.0,1,1,38,4,6,122.1,0,1,1,0,1,0,19,0,0,6,6,4,11.5,0,0,6,6,5,11.0,0,8.9,1.4,3.51,-0.5,0.7142857142857143,3,6.571428571428571
1,18,2,9070,1,1,122.0,1,38,19,5,5,119.9,0,0,0,1,1,0,18,0,0,6,8,5,11.0,0,0,6,6,4,10.75,0,9.4,-0.8,-3.12,-0.25,0.5714285714285714,1,7.857142857142858
1,1,1,9254,1,1,115.0,1,3,2,4,5,112.6,0,0,0,1,1,1,20,0,0,6,9,6,12.57142857,0,0,6,6,6,12.16666667,0,8.9,1.4,3.51,-0.40476190000000045,0.8571428571428571,0,10.775510202857143
1,17,2,9254,1,1,140.0,1,3,3,2,2,124.3,0,0,0,0,1,0,18,0,0,6,9,5,11.2,0,0,6,14,2,10.0,0,9.4,-0.8,-3.12,-1.1999999999999993,0.2857142857142857,2,8.0
1,1,1,9670,1,1,157.0,1,19,38,9,7,146.2,1,0,0,1,0,1,20,0,0,6,8,6,15.25,0,0,6,7,6,14.71428571,0,11.1,0.6,2.02,-0.5357142899999996,0.8571428571428571,0,13.071428571428571
1,1,1,9085,1,1,130.0,1,19,38,9,9,126.9,0,0,1,1,0,0,24,0,0,6,8,6,13.28571429,0,0,6,13,6,12.875,0,11.1,0.6,2.02,-0.4107142899999996,0.8571428571428571,2,11.387755105714286
1,1,2,9500,1,1,115.0,1,38,38,9,8,108.4,1,0,0,1,0,1,20,0,0,7,8,7,11.9625,0,0,8,9,8,13.04444444,0,13.9,-0.3,0.79,1.0819444399999991,0.8888888888888888,0,10.4671875
1,39,1,9500,1,1,130.0,1,38,1,9,4,140.0,1,0,0,1,0,0,24,0,0,8,8,7,14.98571429,0,0,8,8,7,14.98571429,0,12.7,3.7,-1.7,0.0,0.7777777777777778,1,11.65555555888889
1,1,2,9773,1,1,130.0,1,19,38,3,9,126.5,1,0,0,1,0,0,18,0,0,6,8,4,12.5,0,0,6,6,5,12.6,0,12.7,3.7,-1.7,0.09999999999999964,0.7142857142857143,1,7.142857142857142
1,1,2,9500,1,1,130.0,1,1,1,4,3,125.1,1,0,0,1,0,0,18,0,0,7,10,7,13.78,0,0,8,10,8,13.661,0,15.5,2.8,-4.06,-0.11899999999999977,0.8888888888888888,1,12.0575
1,1,2,9500,1,1,141.0,1,37,37,9,7,126.3,1,0,0,1,0,0,19,0,0,7,10,7,13.805,0,0,8,8,8,14.2725,0,15.5,2.8,-4.06,0.46750000000000114,0.8888888888888888,1,12.079374999999999
1,17,1,9085,1,1,138.0,1,1,19,4,9,142.2,1,0,0,1,0,0,18,0,0,5,7,5,13.8,0,0,5,5,5,12.6,0,10.8,1.4,1.74,-1.200000000000001,0.8333333333333334,1,11.500000000000002
1,1,1,9670,1,1,113.0,1,37,19,9,9,110.2,1,0,0,1,0,0,22,0,0,5,7,3,12.66666667,0,0,5,6,4,12.0,0,7.6,2.6,0.32,-0.6666666699999997,0.6666666666666666,1,6.333333335
1,1,1,9238,1,1,137.0,1,3,1,4,9,128.6,0,0,0,1,0,1,18,0,0,6,7,6,13.16666667,0,0,6,6,6,12.5,0,12.4,0.5,1.79,-0.6666666699999997,0.8571428571428571,0,11.285714288571429
1,1,1,9500,1,1,142.0,1,37,19,7,7,133.0,1,0,0,1,0,1,19,0,0,8,8,8,14.11,0,0,8,8,8,14.11,0,9.4,-0.8,-3.12,0.0,0.8888888888888888,0,12.542222222222222
1,17,3,9853,1,1,140.0,1,38,38,5,7,126.7,1,0,0,1,0,0,19,0,0,6,9,5,12.4,0,0,6,10,3,10.66666667,0,10.8,1.4,1.74,-1.7333333300000007,0.42857142857142855,1,8.857142857142858
1,43,1,9773,1,1,129.0,1,1,1,4,8,129.0,0,0,0,0,0,0,21,0,0,6,7,6,12.0,0,0,6,6,6,12.0,0,10.8,1.4,1.74,0.0,0.8571428571428571,2,10.285714285714285
1,17,1,9773,1,1,141.0,1,2,3,2,2,133.7,1,0,0,1,0,1,18,0,0,6,6,6,14.83333333,0,0,6,6,6,13.5,0,11.1,0.6,2.02,-1.3333333300000003,0.8571428571428571,0,12.714285711428571
1,1,3,9070,1,1,161.0,1,38,37,5,5,154.4,1,0,0,1,0,0,18,0,0,6,6,6,14.16666667,0,0,6,6,6,14.0,0,16.2,0.3,-0.92,-0.16666666999999968,0.8571428571428571,1,12.142857145714284
1,1,2,9500,1,1,140.0,1,38,38,9,7,138.8,1,0,0,1,0,0,19,0,0,7,7,6,12.76666667,0,0,7,7,6,12.76666667,0,7.6,2.6,0.32,0.0,0.75,1,9.5750000025
1,17,2,9500,1,1,140.0,1,37,37,9,9,132.5,1,0,0,1,0,0,18,0,0,7,7,6,14.31666667,0,0,7,7,6,14.31666667,0,7.6,2.6,0.32,0.0,0.75,1,10.7375000025
1,1,1,9085,1,1,124.0,1,2,1,4,10,117.4,1,0,0,1,0,0,19,0,0,5,7,4,12.75,0,0,5,5,5,12.0,0,10.8,1.4,1.74,-0.75,0.8333333333333334,1,8.5
1,1,3,9147,1,1,115.0,1,1,38,3,8,109.8,1,0,0,1,0,1,19,0,0,5,5,5,13.4,0,0,5,5,5,12.6,0,8.9,1.4,3.51,-0.8000000000000007,0.8333333333333334,0,11.166666666666668
1,1,1,9853,1,1,121.0,1,19,19,7,7,113.0,1,0,0,1,0,0,21,0,0,6,9,5,12.4,0,0,6,11,1,11.0,0,12.7,3.7,-1.7,-1.4000000000000004,0.14285714285714285,1,8.857142857142858
1,17,2,9670,1,1,123.0,1,3,1,3,1,116.7,0,0,0,1,0,0,19,0,0,5,5,5,13.4,0,0,5,5,5,14.0,0,9.4,-0.8,-3.12,0.5999999999999996,0.8333333333333334,1,11.166666666666668
1,43,1,9500,1,1,120.0,1,37,37,9,6,120.0,1,0,0,1,0,0,26,0,0,7,8,6,12.0,0,0,7,8,6,12.0,0,7.6,2.6,0.32,0.0,0.75,1,9.0
1,39,1,9991,0,1,150.0,1,1,37,4,6,120.0,0,0,0,1,1,0,25,0,0,5,6,4,10.5,0,0,5,6,5,12.0,0,9.4,-0.8,-3.12,1.5,0.8333333333333334,1,7.0
1,17,3,9500,1,1,132.0,1,19,3,9,5,130.8,1,0,0,1,0,0,18,0,0,8,8,7,13.68142857,0,0,8,8,7,13.68142857,0,10.8,1.4,1.74,0.0,0.7777777777777778,1,10.64111111
1,43,1,9500,1,1,133.1,1,38,19,9,10,114.5,0,0,0,1,0,0,23,0,0,7,11,6,12.1,0,0,7,7,6,12.61666667,0,16.2,0.3,-0.92,0.5166666700000011,0.75,1,9.075
1,17,2,9500,1,1,126.0,1,37,37,7,7,126.2,1,0,0,1,0,1,18,0,0,7,10,5,11.94,0,0,7,8,6,12.8,0,11.1,0.6,2.02,0.8600000000000012,0.75,0,7.4624999999999995
1,39,1,9500,1,1,130.0,1,19,19,3,7,129.0,0,0,1,0,0,0,26,0,0,7,11,4,12.86,0,0,7,10,5,11.56666667,0,12.4,0.5,1.79,-1.2933333299999994,0.625,3,6.43
1,17,1,9238,1,1,133.1,1,1,38,9,7,110.5,0,0,0,1,0,0,19,0,0,6,10,6,14.25,0,0,6,7,6,14.0,0,16.2,0.3,-0.92,-0.25,0.8571428571428571,1,12.214285714285714
1,17,1,9500,1,1,130.0,1,19,1,9,7,130.4,1,0,0,1,0,1,19,0,0,7,7,7,13.89428571,0,0,8,8,8,14.3625,0,11.1,0.6,2.02,0.4682142900000006,0.8888888888888888,0,12.15749999625
1,17,1,9500,1,1,128.0,1,37,37,9,8,124.3,1,0,0,1,0,1,19,0,0,7,8,7,13.46875,0,0,8,8,8,13.31375,0,15.5,2.8,-4.06,-0.15499999999999936,0.8888888888888888,0,11.78515625
1,1,3,9773,1,1,135.0,1,1,1,3,5,130.1,1,0,0,1,0,0,18,0,0,6,6,6,13.66666667,0,0,6,7,6,13.0,0,15.5,2.8,-4.06,-0.6666666699999997,0.8571428571428571,1,11.714285717142856
1,1,2,9085,1,1,156.0,1,40,40,3,7,150.9,1,0,0,1,0,0,18,0,0,6,8,6,16.0,0,0,6,10,6,14.625,0,11.1,0.6,2.02,-1.375,0.8571428571428571,1,13.714285714285714
1,1,1,9254,1,1,120.0,1,1,1,9,10,118.3,0,0,0,1,1,0,20,0,0,6,8,6,12.85714286,0,0,6,9,5,12.4,0,8.9,1.4,3.51,-0.4571428599999994,0.7142857142857143,1,11.020408165714285
1,16,2,9070,1,1,137.0,1,1,1,3,1,141.2,1,0,1,1,1,0,19,0,0,6,11,5,11.2,0,0,6,7,6,12.0,0,9.4,-0.8,-3.12,0.8000000000000007,0.8571428571428571,2,8.0
1,1,1,9773,1,1,117.0,1,1,37,5,9,118.4,0,0,0,1,1,1,19,0,0,6,8,6,11.83333333,0,0,6,11,3,13.0,0,15.5,2.8,-4.06,1.1666666699999997,0.42857142857142855,0,10.14285714
1,17,3,9119,1,1,115.0,1,3,1,3,3,116.1,1,0,0,0,1,0,18,0,0,5,8,5,12.5,0,0,5,7,5,13.57142857,0,12.4,0.5,1.79,1.0714285700000001,0.8333333333333334,2,10.416666666666668
1,17,1,9147,1,1,110.0,1,1,1,4,4,99.0,0,0,0,1,1,0,21,0,0,5,5,5,11.0,0,0,5,11,3,11.42857143,0,10.8,1.4,1.74,0.42857142999999986,0.5,1,9.166666666666668
1,1,1,9238,1,1,133.0,1,1,19,9,9,132.0,0,0,0,1,1,1,20,0,0,6,11,5,11.14285714,0,0,6,9,6,11.57142857,0,16.2,0.3,-0.92,0.42857142999999986,0.8571428571428571,0,7.959183671428572
1,17,1,9670,1,1,140.0,1,1,1,4,3,133.4,0,0,0,1,1,0,24,0,0,6,6,4,11.25,0,0,6,9,4,10.42857143,0,10.8,1.4,1.74,-0.8214285700000001,0.5714285714285714,1,6.428571428571428
1,17,1,9670,1,1,138.0,1,1,1,4,8,123.0,0,0,1,0,1,0,20,0,0,6,7,5,12.4,0,0,6,8,4,13.0,0,13.9,-0.3,0.79,0.5999999999999996,0.5714285714285714,3,8.857142857142858
1,1,1,9119,1,1,160.0,1,37,37,9,6,153.7,0,0,0,1,1,0,19,0,0,5,7,1,13.0,0,0,5,7,2,10.0,0,9.4,-0.8,-3.12,-3.0,0.3333333333333333,1,2.1666666666666665
1,1,1,9254,1,1,124.0,1,37,38,9,8,114.6,1,0,0,1,1,0,19,0,0,6,13,2,12.0,0,0,6,12,1,13.0,0,7.6,2.6,0.32,1.0,0.14285714285714285,1,3.4285714285714284
1,39,1,9003,1,1,133.1,1,38,37,9,4,120.0,0,0,0,1,1,0,30,0,0,6,10,6,11.375,0,0,6,10,5,11.6,0,13.9,-0.3,0.79,0.22499999999999964,0.7142857142857143,1,9.75
1,1,1,9773,1,1,131.0,1,38,1,5,7,131.0,1,0,0,1,1,1,18,0,0,6,7,6,12.71428571,0,0,6,8,5,11.83333333,0,13.9,-0.3,0.79,-0.8809523800000001,0.7142857142857143,0,10.897959179999999
1,1,1,9500,1,1,149.0,1,38,37,9,9,139.5,0,0,0,1,1,1,18,0,0,8,8,8,15.3,0,0,8,8,8,15.3,0,9.4,-0.8,-3.12,0.0,0.8888888888888888,0,13.6
1,1,1,9147,1,1,143.0,1,1,37,9,9,135.0,1,0,0,1,0,0,21,0,0,5,8,4,11.0,0,0,5,8,5,12.0,0,7.6,2.6,0.32,1.0,0.8333333333333334,1,7.333333333333333
1,1,1,9773,1,1,125.0,1,19,1,9,9,130.6,1,0,0,1,0,1,18,0,0,6,6,6,13.5,0,0,6,6,6,14.0,0,8.9,1.4,3.51,0.5,0.8571428571428571,0,11.571428571428571
1,17,3,9853,1,1,132.0,1,34,34,0,0,131.3,1,0,0,1,0,0,21,0,0,6,8,5,11.8,0,0,6,8,4,10.5,0,7.6,2.6,0.32,-1.3000000000000007,0.5714285714285714,1,8.428571428571429
1,1,1,9238,1,1,133.0,1,34,37,5,5,120.4,0,0,0,0,0,0,21,0,0,6,12,2,11.5,0,0,6,13,1,13.0,0,9.4,-0.8,-3.12,1.5,0.14285714285714285,2,3.2857142857142856
1,1,1,9991,0,1,122.0,1,37,37,9,3,113.6,0,0,0,1,1,0,26,0,0,5,11,2,11.5,0,0,5,10,3,12.0,0,7.6,2.6,0.32,0.5,0.5,1,3.833333333333333
1,17,1,9254,1,1,150.0,1,1,1,9,10,142.7,0,0,1,1,0,0,18,0,0,6,9,4,11.0,0,0,6,12,3,11.33333333,0,7.6,2.6,0.32,0.3333333300000003,0.42857142857142855,2,6.285714285714286
1,17,2,9254,1,1,131.0,1,1,19,9,9,130.3,1,0,0,1,0,1,18,0,0,6,6,6,12.83333333,0,0,6,7,6,12.33333333,0,13.9,-0.3,0.79,-0.5,0.8571428571428571,0,10.999999997142856
1,17,1,9147,1,1,130.0,1,37,37,9,7,119.9,0,0,0,1,0,1,19,0,0,5,8,5,12.875,0,0,5,6,5,11.83333333,0,13.9,-0.3,0.79,-1.0416666699999997,0.8333333333333334,0,10.729166666666668
1,1,1,9238,1,1,108.0,1,19,38,9,7,110.5,1,0,0,1,0,1,22,0,0,6,6,6,12.16666667,0,0,6,6,6,12.5,0,12.4,0.5,1.79,0.3333333300000003,0.8571428571428571,0,10.428571431428571
1,17,1,9085,1,1,113.0,1,19,37,9,9,118.6,1,0,0,1,0,1,21,0,0,6,6,6,14.5,0,0,6,8,6,14.66666667,0,8.9,1.4,3.51,0.16666666999999968,0.8571428571428571,0,12.428571428571427
1,1,1,9853,1,1,113.0,1,38,38,3,7,112.3,0,0,0,1,0,1,20,0,0,7,7,7,12.14285714,0,0,7,7,7,12.85714286,0,11.1,0.6,2.02,0.7142857199999995,0.875,0,10.6249999975
1,39,1,9500,1,1,130.0,1,19,19,9,8,105.8,0,0,0,1,0,0,26,0,0,7,12,3,13.76666667,0,0,7,11,3,12.06666667,0,13.9,-0.3,0.79,-1.6999999999999993,0.375,1,5.16250000125
1,17,1,9238,1,1,138.0,1,37,38,9,8,134.2,1,0,0,1,0,1,18,0,0,6,6,6,15.16666667,0,0,6,7,6,14.14285714,0,11.1,0.6,2.02,-1.0238095299999994,0.8571428571428571,0,13.000000002857142
1,1,1,9238,1,1,115.0,1,19,38,7,7,108.7,0,0,0,1,0,1,19,0,0,6,9,5,10.8,0,0,6,8,6,10.71428571,0,15.5,2.8,-4.06,-0.0857142900000003,0.8571428571428571,0,7.714285714285715
1,1,2,9500,1,1,147.0,1,3,1,4,3,136.7,0,0,0,1,0,0,18,0,0,7,7,7,13.99571429,0,0,8,9,8,14.95555556,0,11.1,0.6,2.02,0.9598412700000001,0.8888888888888888,1,12.246250003750001
1,17,1,9085,1,1,132.0,1,38,38,4,9,119.1,0,0,0,1,0,0,20,0,0,6,8,6,13.28571429,0,0,6,16,6,11.8,0,12.4,0.5,1.79,-1.4857142899999989,0.8571428571428571,1,11.387755105714286
1,43,1,9238,1,1,109.0,1,19,37,5,5,108.3,0,0,0,1,0,1,21,0,0,6,15,2,10.5,0,0,6,8,5,12.4,0,10.8,1.4,1.74,1.9000000000000004,0.7142857142857143,0,3.0
1,17,1,9853,1,1,133.0,1,38,38,9,9,127.4,0,0,1,1,0,1,18,0,0,7,7,7,12.71428571,0,0,7,7,7,12.28571429,0,16.2,0.3,-0.92,-0.4285714200000008,0.875,1,11.12499999625
1,42,1,9500,1,1,124.0,1,19,19,4,9,124.0,0,0,0,1,0,0,23,0,0,8,8,8,12.88625,0,0,8,8,8,12.88625,0,9.4,-0.8,-3.12,0.0,0.8888888888888888,1,11.454444444444444
1,1,1,9070,1,1,133.1,1,1,1,9,9,155.0,0,0,0,1,0,1,21,0,0,6,7,5,13.0,0,0,6,6,6,12.66666667,0,16.2,0.3,-0.92,-0.3333333300000003,0.8571428571428571,0,9.285714285714286
1,1,1,9147,1,1,121.0,1,37,38,9,9,114.0,0,0,0,1,0,1,19,0,0,5,7,5,12.2,0,0,5,6,5,11.2,0,11.1,0.6,2.02,-1.0,0.8333333333333334,0,10.166666666666666
1,1,2,9147,1,1,129.0,1,38,19,3,7,118.9,1,0,0,1,0,0,19,0,0,5,8,4,12.8,0,0,5,10,3,14.5,0,10.8,1.4,1.74,1.6999999999999993,0.5,1,8.533333333333333
1,1,1,9500,1,1,150.0,1,37,37,9,7,136.5,1,0,0,1,0,1,18,0,0,8,8,8,14.50125,0,0,8,8,8,14.50125,0,9.4,-0.8,-3.12,0.0,0.8888888888888888,0,12.89
1,17,1,9070,1,1,133.1,1,38,19,5,5,128.0,0,0,0,1,0,1,21,0,0,6,6,6,11.5,0,0,6,6,6,12.33333333,0,9.4,-0.8,-3.12,0.8333333300000003,0.8571428571428571,0,9.857142857142856
1,1,1,9238,1,1,154.0,1,38,38,9,9,156.5,1,1,0,1,0,1,18,0,0,6,8,6,11.71428571,0,0,6,6,6,14.66666667,0,12.7,3.7,-1.7,2.9523809599999993,0.8571428571428571,0,10.040816322857143
1,1,1,9670,1,1,126.0,1,37,19,7,7,125.7,0,0,0,1,0,0,20,0,0,6,9,6,13.57142857,0,0,6,10,5,13.6,0,15.5,2.8,-4.06,0.02857142999999951,0.7142857142857143,1,11.632653059999999
1,1,1,9773,1,1,150.0,1,19,38,9,5,143.0,0,0,0,1,0,0,18,0,0,6,6,5,13.0,0,0,6,6,6,13.66666667,0,12.7,3.7,-1.7,0.6666666699999997,0.8571428571428571,1,9.285714285714286
1,16,3,9853,1,1,134.0,1,19,37,9,9,121.1,1,0,0,1,0,0,19,0,0,6,8,5,12.2,0,0,6,8,5,11.8,0,10.8,1.4,1.74,-0.3999999999999986,0.7142857142857143,1,8.714285714285714
1,1,3,9500,1,1,139.0,1,1,19,9,3,130.3,1,0,0,1,0,1,18,0,0,8,8,8,14.15375,0,0,8,8,8,14.15375,0,9.4,-0.8,-3.12,0.0,0.8888888888888888,0,12.581111111111111
1,5,1,9670,1,1,135.0,1,1,12,4,4,140.3,1,0,0,1,0,0,19,0,0,6,7,6,13.42857143,0,0,6,6,4,14.0,0,12.4,0.5,1.79,0.5714285700000001,0.5714285714285714,1,11.510204082857141
1,17,3,9500,1,1,138.0,1,1,19,7,8,129.3,1,0,0,1,0,1,18,0,0,7,8,6,13.27166667,0,0,8,11,7,12.94375,0,12.4,0.5,1.79,-0.32791667000000047,0.7777777777777778,0,9.9537500025
1,1,1,9773,1,1,143.0,1,3,3,2,5,144.8,0,0,0,1,0,0,19,0,0,6,6,6,12.16666667,0,0,6,6,6,12.5,0,16.2,0.3,-0.92,0.3333333300000003,0.8571428571428571,1,10.428571431428571
1,1,1,9853,1,1,136.0,1,38,37,9,9,126.9,1,0,0,1,0,1,19,0,0,7,7,7,13.28571429,0,0,7,7,7,14.42857143,0,11.1,0.6,2.02,1.1428571400000003,0.875,0,11.62500000375
1,17,1,9238,1,1,139.0,1,19,38,4,9,146.7,1,0,0,1,0,1,20,0,0,6,6,6,13.33333333,0,0,6,7,6,14.0,0,15.5,2.8,-4.06,0.6666666699999997,0.8571428571428571,0,11.428571425714285
1,1,1,9500,1,1,125.0,1,1,1,9,4,117.0,0,0,0,1,0,1,21,0,0,8,8,8,13.2575,0,0,8,8,8,13.2575,0,9.4,-0.8,-3.12,0.0,0.8888888888888888,0,11.784444444444444
1,17,1,9238,1,1,137.0,1,1,38,5,8,125.8,0,0,0,0,0,1,18,0,0,6,10,6,12.66666667,0,0,6,6,2,11.5,0,12.7,3.7,-1.7,-1.1666666699999997,0.2857142857142857,1,10.85714286
1,1,1,9238,1,1,136.0,1,19,1,4,3,125.2,1,0,0,1,0,0,20,0,0,6,7,6,11.66666667,0,0,6,10,6,11.33333333,0,7.6,2.6,0.32,-0.33333333999999937,0.8571428571428571,1,10.000000002857142
1,1,3,9500,1,1,147.0,1,1,1,4,4,134.3,1,0,0,1,0,0,18,0,0,8,8,7,14.2,0,0,8,8,7,14.2,0,12.7,3.7,-1.7,0.0,0.7777777777777778,1,11.044444444444444
1,1,1,9773,1,1,158.0,1,38,38,9,7,144.7,1,0,0,1,0,1,19,0,0,6,6,6,14.83333333,0,0,6,6,6,14.66666667,0,12.7,3.7,-1.7,-0.16666666000000063,0.8571428571428571,0,12.714285711428571
1,1,1,9773,1,1,143.0,1,1,38,8,8,136.7,1,0,0,1,0,1,18,0,0,6,6,6,13.83333333,0,0,6,6,6,14.0,0,11.1,0.6,2.02,0.16666666999999968,0.8571428571428571,0,11.857142854285714
1,1,2,9070,1,1,135.0,1,1,1,4,7,129.8,1,0,0,1,0,0,19,0,0,6,6,6,11.83333333,0,0,6,7,6,13.0,0,9.4,-0.8,-3.12,1.1666666699999997,0.8571428571428571,1,10.14285714
1,1,1,9773,1,1,160.0,1,1,38,4,7,146.5,0,0,0,1,0,1,18,0,0,6,7,6,13.42857143,0,0,6,10,6,13.5,0,13.9,-0.3,0.79,0.07142857000000014,0.8571428571428571,0,11.510204082857141
1,17,2,9556,1,1,133.1,1,37,38,9,8,106.0,1,0,0,1,0,0,19,0,0,7,16,2,12.75,0,0,7,12,2,11.0,0,8.9,1.4,3.51,-1.75,0.25,1,3.1875
1,17,1,9556,1,1,133.0,1,1,38,4,9,119.0,0,0,0,1,0,0,19,0,0,7,10,6,11.15,0,0,7,7,7,12.81428571,0,12.7,3.7,-1.7,1.6642857099999997,0.875,1,8.3625
1,1,1,9670,1,1,120.0,1,38,19,4,8,115.1,0,0,0,1,0,0,19,0,0,6,8,3,11.66666667,0,0,6,11,5,13.625,0,10.8,1.4,1.74,1.9583333300000003,0.7142857142857143,1,5.000000001428571
1,1,2,9773,1,1,148.0,1,1,19,9,9,141.7,0,0,0,1,0,0,18,0,0,6,6,6,13.83333333,0,0,6,6,6,12.66666667,0,10.8,1.4,1.74,-1.1666666600000006,0.8571428571428571,1,11.857142854285714
1,16,1,9085,1,1,150.0,1,3,3,2,1,153.5,1,0,0,1,0,0,19,0,0,6,7,6,15.71428571,0,0,6,6,6,14.66666667,0,13.9,-0.3,0.79,-1.0476190400000007,0.8571428571428571,1,13.46938775142857
1,1,1,9773,1,1,140.0,1,19,37,9,6,135.8,1,0,0,1,0,1,19,0,0,6,6,6,13.0,0,0,6,7,6,13.0,0,10.8,1.4,1.74,0.0,0.8571428571428571,0,11.142857142857142
1,1,2,9500,1,1,138.0,1,3,3,2,2,127.5,1,0,0,1,0,1,18,0,0,7,7,7,14.48571429,0,0,8,9,8,14.58888889,0,16.2,0.3,-0.92,0.10317459999999912,0.8888888888888888,0,12.67500000375
1,39,1,9991,0,1,130.0,1,37,37,9,9,151.6,0,0,0,1,0,0,24,0,0,5,9,5,12.28571429,0,0,5,8,5,12.125,0,16.2,0.3,-0.92,-0.1607142899999996,0.8333333333333334,1,10.238095241666667
1,39,1,9500,1,1,133.1,1,19,19,5,6,121.4,0,0,1,1,0,0,28,0,0,7,12,4,13.375,0,0,7,7,5,13.5,0,13.9,-0.3,0.79,0.125,0.625,2,6.6875
1,1,1,9238,1,1,145.0,1,19,1,6,5,127.9,1,0,0,1,0,0,19,0,0,6,7,6,13.71428571,0,0,6,6,6,13.16666667,0,12.7,3.7,-1.7,-0.5476190400000007,0.8571428571428571,1,11.755102037142857
1,17,1,9238,1,1,125.0,1,4,3,1,1,119.8,0,0,0,1,0,0,18,0,0,6,9,5,11.57142857,0,0,6,8,6,12.14285714,0,16.2,0.3,-0.92,0.5714285700000001,0.8571428571428571,1,8.265306121428571
1,1,2,9500,1,1,139.0,1,38,37,9,7,125.0,1,0,0,1,0,1,19,0,0,7,7,6,12.9,0,0,7,7,6,12.9,0,7.6,2.6,0.32,0.0,0.75,0,9.675
1,1,1,9853,1,1,160.0,1,1,37,9,9,146.0,1,0,0,1,0,0,19,0,0,6,11,3,10.33333333,0,0,6,10,5,11.8,0,9.4,-0.8,-3.12,1.4666666700000004,0.7142857142857143,1,4.428571427142857
1,17,3,9070,1,1,120.0,1,3,1,4,4,116.9,1,0,0,1,0,0,19,0,0,6,6,6,13.5,0,0,6,7,6,13.42857143,0,8.9,1.4,3.51,-0.07142857000000014,0.8571428571428571,1,11.571428571428571
1,1,1,9147,1,1,124.0,1,38,19,3,10,128.6,1,0,0,1,0,0,20,0,0,5,5,4,12.0,0,0,4,4,2,11.5,0,7.6,2.6,0.32,-0.5,0.4,1,8.0
1,1,1,9991,0,1,140.0,1,37,37,9,9,124.6,0,0,0,1,0,0,29,0,0,5,11,5,11.4,0,0,5,10,4,10.25,0,15.5,2.8,-4.06,-1.1500000000000004,0.6666666666666666,1,9.5
1,1,1,9254,1,1,135.0,1,38,37,9,7,139.2,0,0,0,1,1,1,19,0,0,6,6,6,13.0,0,0,6,6,6,13.16666667,0,12.4,0.5,1.79,0.16666666999999968,0.8571428571428571,0,11.142857142857142
1,1,1,9500,1,1,133.0,1,37,37,9,7,121.8,0,0,0,1,1,1,18,0,0,8,8,8,12.93875,0,0,8,8,8,12.93875,0,9.4,-0.8,-3.12,0.0,0.8888888888888888,0,11.501111111111111
1,1,2,9500,1,1,149.0,1,19,1,9,9,137.8,1,0,0,1,1,0,18,0,0,8,8,7,13.0,0,0,8,8,7,13.0,0,12.7,3.7,-1.7,0.0,0.7777777777777778,1,10.11111111111111
1,1,1,9238,1,1,106.0,1,1,1,3,3,105.0,0,0,0,1,1,0,20,0,0,6,9,5,11.0,0,0,6,9,5,12.16666667,0,11.1,0.6,2.02,1.1666666699999997,0.7142857142857143,1,7.857142857142858
1,17,2,9670,1,1,128.0,1,37,38,5,8,121.7,0,0,0,1,1,1,20,0,0,5,5,5,12.4,0,0,5,5,4,10.75,0,9.4,-0.8,-3.12,-1.6500000000000004,0.6666666666666666,0,10.333333333333334
1,1,1,9003,1,1,124.0,1,38,19,9,7,116.0,0,0,0,1,1,0,19,0,0,6,8,6,15.5,0,0,6,10,6,14.1,0,16.2,0.3,-0.92,-1.4000000000000004,0.8571428571428571,1,13.285714285714285
1,1,2,9773,1,1,140.0,1,38,38,5,7,126.4,1,0,0,1,1,1,18,0,0,6,8,6,12.66666667,0,0,6,6,6,13.5,0,12.7,3.7,-1.7,0.8333333300000003,0.8571428571428571,0,10.85714286
1,1,1,9147,1,1,122.0,1,1,19,9,9,120.3,1,0,0,1,1,1,19,0,0,5,8,5,12.6,0,0,5,9,5,13.6,0,8.9,1.4,3.51,1.0,0.8333333333333334,0,10.5
1,15,1,9670,1,1,160.0,1,37,12,9,9,149.5,1,0,0,0,1,0,19,0,0,6,6,6,13.0,0,0,6,8,6,13.0,0,13.9,-0.3,0.79,0.0,0.8571428571428571,2,11.142857142857142
1,1,1,9670,1,1,141.0,1,1,1,5,9,126.3,0,0,0,1,1,1,18,0,0,6,8,6,12.16666667,0,0,6,7,5,13.0,0,13.9,-0.3,0.79,0.8333333300000003,0.7142857142857143,0,10.428571431428571
1,1,1,9670,1,1,131.0,1,1,1,4,9,122.3,0,0,0,1,1,0,19,0,0,5,6,5,11.5,0,0,5,5,5,11.6,0,9.4,-0.8,-3.12,0.09999999999999964,0.8333333333333334,1,9.583333333333334
1,1,1,9147,1,1,130.0,1,19,19,9,7,119.5,1,0,0,1,1,1,18,0,0,5,7,4,11.25,0,0,5,6,4,12.25,0,12.4,0.5,1.79,1.0,0.6666666666666666,0,7.5
1,43,1,9773,1,1,121.0,1,1,1,4,5,121.0,1,0,0,1,1,0,23,0,0,6,15,1,13.0,0,0,6,8,4,11.25,0,9.4,-0.8,-3.12,-1.75,0.5714285714285714,1,1.857142857142857
1,1,1,9670,1,1,146.0,1,1,1,9,8,149.5,1,0,0,1,1,1,17,0,0,6,8,6,14.875,0,0,6,8,6,13.42857143,0,11.1,0.6,2.02,-1.4464285700000001,0.8571428571428571,0,12.75
1,43,1,9500,1,1,120.0,1,2,4,4,5,136.6,0,0,0,1,1,0,23,0,0,7,14,5,11.94,0,0,7,14,6,12.2,0,13.9,-0.3,0.79,0.2599999999999998,0.75,1,7.4624999999999995
1,18,3,9119,1,1,111.0,1,1,19,9,8,111.0,1,0,0,1,1,0,18,0,0,5,10,4,11.6,0,0,5,9,3,14.2,0,12.4,0.5,1.79,2.5999999999999996,0.5,1,7.7333333333333325
1,1,1,9500,1,1,118.0,1,12,1,4,10,115.7,0,0,0,1,1,0,20,0,0,7,9,5,12.7,0,0,8,9,7,13.475,0,13.9,-0.3,0.79,0.7750000000000004,0.7777777777777778,1,7.9375
1,1,3,9670,1,1,106.0,1,3,1,2,3,105.7,1,0,0,1,1,0,19,0,0,6,6,6,13.33333333,0,0,6,9,5,13.8,0,8.9,1.4,3.51,0.4666666700000004,0.7142857142857143,1,11.428571425714285
1,1,1,9147,1,1,151.0,1,1,38,4,7,137.0,1,0,0,1,1,0,18,0,0,5,5,5,13.4,0,0,5,5,5,15.0,0,8.9,1.4,3.51,1.5999999999999996,0.8333333333333334,1,11.166666666666668
1,17,1,9670,1,1,132.0,1,38,37,9,9,122.9,0,0,0,0,1,0,20,0,0,6,6,6,11.5,0,0,6,9,2,13.0,0,10.8,1.4,1.74,1.5,0.2857142857142857,2,9.857142857142856
1,17,1,9085,1,1,120.0,1,19,38,4,8,122.5,0,0,0,0,1,0,19,0,0,6,11,5,13.6,0,0,6,11,5,13.66666667,0,11.1,0.6,2.02,0.06666667000000004,0.7142857142857143,2,9.714285714285714
1,17,3,9500,1,1,156.0,1,19,37,4,9,132.3,1,0,0,1,1,1,18,0,0,7,7,6,13.26666667,0,0,7,7,6,13.26666667,0,7.6,2.6,0.32,0.0,0.75,0,9.9500000025
1,1,1,9500,1,1,127.0,1,2,19,3,9,121.5,0,0,0,1,1,0,23,0,0,7,7,6,13.48333333,0,0,7,7,6,13.48333333,0,7.6,2.6,0.32,0.0,0.75,1,10.1124999975
1,43,1,9147,1,1,120.0,1,37,37,5,3,113.4,0,0,0,1,1,0,22,0,0,5,9,3,13.0,0,0,5,9,3,11.66666667,0,12.7,3.7,-1.7,-1.3333333300000003,0.5,1,6.5
1,17,1,9670,1,1,123.0,1,37,38,3,3,122.0,0,0,1,1,1,0,19,0,0,6,7,6,13.16666667,0,0,6,9,5,13.2,0,8.9,1.4,3.51,0.033333329999999606,0.7142857142857143,2,11.285714288571429
1,17,1,9119,1,1,148.0,1,1,38,4,5,148.7,0,0,0,1,1,0,18,0,0,5,6,5,16.2,0,0,5,8,5,16.0,0,8.9,1.4,3.51,-0.1999999999999993,0.8333333333333334,1,13.5
1,1,1,9254,1,1,132.0,1,1,38,9,9,120.1,1,0,0,1,1,1,20,0,0,6,7,6,13.57142857,0,0,6,8,6,13.16666667,0,8.9,1.4,3.51,-0.40476190000000045,0.8571428571428571,0,11.632653059999999
1,1,1,9130,1,1,140.0,1,4,3,3,3,127.8,0,0,0,1,1,0,18,0,0,6,7,6,14.28571429,0,0,6,9,6,14.85714286,0,11.1,0.6,2.02,0.5714285700000001,0.8571428571428571,1,12.244897962857141
1,17,3,9147,1,1,112.0,1,1,1,3,3,106.4,1,0,0,1,1,0,19,0,0,5,7,5,10.2,0,0,5,6,4,10.5,0,12.4,0.5,1.79,0.3000000000000007,0.6666666666666666,1,8.5
1,1,1,9670,1,1,150.0,1,3,37,4,7,139.5,0,0,0,1,1,1,20,0,0,6,7,6,14.83333333,0,0,6,6,6,14.83333333,0,12.7,3.7,-1.7,0.0,0.8571428571428571,0,12.714285711428571
1,18,1,9773,1,1,124.0,1,38,37,9,8,126.8,0,0,0,1,1,1,21,0,0,6,8,5,13.83333333,0,0,6,6,4,14.0,0,13.9,-0.3,0.79,0.16666666999999968,0.5714285714285714,0,9.880952378571429
1,17,3,9500,1,1,132.0,1,3,1,2,7,125.5,1,0,0,1,1,0,18,0,0,8,8,7,13.15428571,0,0,8,8,7,13.15428571,0,10.8,1.4,1.74,0.0,0.7777777777777778,1,10.231111107777778
1,1,3,9773,1,1,127.0,1,19,38,8,3,133.7,1,0,1,1,1,0,18,0,0,6,6,6,13.0,0,0,6,7,5,11.8,0,12.7,3.7,-1.7,-1.1999999999999993,0.7142857142857143,2,11.142857142857142
1,16,2,9238,1,1,133.0,1,19,38,4,5,133.7,1,0,0,1,0,0,18,0,0,6,6,6,13.5,0,0,6,6,6,12.16666667,0,10.8,1.4,1.74,-1.3333333300000003,0.8571428571428571,1,11.571428571428571
1,17,3,9773,1,1,134.0,1,2,1,3,3,129.5,1,0,0,1,1,0,18,0,0,6,7,6,13.16666667,0,0,6,7,6,12.66666667,0,16.2,0.3,-0.92,-0.5,0.8571428571428571,1,11.285714288571429
1,17,2,9773,1,1,132.0,1,19,1,9,9,141.8,1,0,0,1,1,0,20,0,0,6,6,6,11.83333333,0,0,6,6,6,12.16666667,0,12.7,3.7,-1.7,0.33333333999999937,0.8571428571428571,1,10.14285714
1,1,3,9773,1,1,135.0,1,3,1,2,4,129.8,1,0,0,1,1,0,20,0,0,6,6,5,12.8,0,0,6,11,3,12.75,0,15.5,2.8,-4.06,-0.05000000000000071,0.42857142857142855,1,9.142857142857144
1,17,1,9119,1,1,125.0,1,19,1,5,4,121.5,1,0,0,1,1,0,20,0,0,5,7,5,15.8,0,0,5,7,5,14.57142857,0,11.1,0.6,2.02,-1.2285714300000006,0.8333333333333334,1,13.166666666666668
1,17,1,9670,1,1,117.0,1,1,1,4,4,117.7,1,0,0,1,1,0,20,0,0,6,9,6,14.66666667,0,0,6,7,6,13.85714286,0,8.9,1.4,3.51,-0.80952381,0.8571428571428571,1,12.571428574285713
1,1,1,9119,1,1,132.0,1,1,12,3,3,133.1,1,0,0,1,1,0,19,0,0,5,7,3,12.0,0,0,6,10,2,10.5,0,11.1,0.6,2.02,-1.5,0.2857142857142857,1,6.0
1,17,1,9670,1,1,132.0,1,19,1,5,4,119.1,0,0,1,1,1,0,18,0,0,6,6,3,12.66666667,0,0,6,11,4,11.14285714,0,10.8,1.4,1.74,-1.5238095299999994,0.5714285714285714,2,5.42857143
1,1,1,9119,1,1,148.0,1,19,19,9,8,129.8,0,0,0,0,1,1,18,0,0,5,6,5,15.0,0,0,5,6,5,14.2,0,8.9,1.4,3.51,-0.8000000000000007,0.8333333333333334,1,12.5
1,1,1,9238,1,1,133.0,1,19,38,9,7,131.3,1,0,1,1,0,0,18,0,0,6,7,5,13.6,0,0,6,7,5,11.8,0,8.9,1.4,3.51,-1.799999999999999,0.7142857142857143,2,9.714285714285714
1,17,1,9238,1,1,143.0,1,19,37,9,9,126.2,1,0,0,1,0,1,21,0,0,6,7,6,13.33333333,0,0,6,7,6,13.5,0,12.4,0.5,1.79,0.16666666999999968,0.8571428571428571,0,11.428571425714285
1,1,1,9500,1,1,141.0,1,1,19,3,3,131.9,1,0,0,1,0,1,18,0,0,7,7,7,15.10142857,0,0,8,8,8,16.09375,0,11.1,0.6,2.02,0.9923214300000005,0.8888888888888888,0,13.21374999875
1,1,2,9238,1,1,140.0,1,19,37,9,9,140.7,1,0,0,1,0,1,18,0,0,6,6,6,13.16666667,0,0,6,6,6,16.0,0,10.8,1.4,1.74,2.8333333300000003,0.8571428571428571,0,11.285714288571429
1,1,2,9147,1,1,118.0,1,3,19,2,4,113.8,1,0,0,1,0,0,21,0,0,5,9,3,11.66666667,0,0,5,9,4,11.75,0,8.9,1.4,3.51,0.08333333000000032,0.6666666666666666,1,5.833333335
1,1,1,9238,1,1,135.0,1,19,38,7,5,121.0,0,0,0,1,0,0,20,0,0,6,13,1,10.0,0,0,6,13,1,13.0,0,9.4,-0.8,-3.12,3.0,0.14285714285714285,1,1.4285714285714284
1,1,1,9670,1,1,123.0,1,19,19,9,8,125.5,0,0,0,0,0,1,19,0,0,6,6,6,13.83333333,0,0,6,7,6,14.28571429,0,8.9,1.4,3.51,0.4523809599999993,0.8571428571428571,1,11.857142854285714
1,1,3,9500,1,1,108.0,1,19,1,9,3,107.8,1,0,0,1,0,1,20,0,0,7,10,6,12.35714286,0,0,8,9,7,13.0,0,13.9,-0.3,0.79,0.6428571400000003,0.7777777777777778,0,9.267857145
1,1,3,9773,1,1,117.0,1,38,19,7,7,110.4,1,0,1,0,0,0,19,0,0,6,7,6,12.16666667,0,0,6,10,2,10.33333333,0,16.2,0.3,-0.92,-1.8333333399999994,0.2857142857142857,3,10.428571431428571
1,1,2,9085,1,1,157.0,1,3,38,4,6,142.3,0,0,0,1,0,0,18,0,0,5,7,4,12.75,0,0,5,6,4,12.75,0,7.6,2.6,0.32,0.0,0.6666666666666666,1,8.5
1,1,1,9773,1,1,125.0,1,3,19,2,3,125.7,1,0,0,1,0,0,19,0,0,6,6,6,13.0,0,0,6,7,6,11.66666667,0,8.9,1.4,3.51,-1.3333333300000003,0.8571428571428571,1,11.142857142857142
1,1,1,9670,1,1,142.0,1,1,19,4,4,128.0,0,0,0,1,0,1,18,0,0,6,8,6,14.0,0,0,6,7,6,13.28571429,0,11.1,0.6,2.02,-0.7142857100000004,0.8571428571428571,0,12.0
1,1,3,9773,1,1,150.0,1,19,38,4,4,146.5,1,0,0,1,0,1,20,0,0,6,6,6,13.5,0,0,6,7,6,12.66666667,0,11.1,0.6,2.02,-0.8333333300000003,0.8571428571428571,0,11.571428571428571
1,1,3,9238,1,1,121.0,1,38,37,8,8,115.4,1,0,0,1,0,1,19,0,0,6,7,6,11.71428571,0,0,6,6,6,11.83333333,0,13.9,-0.3,0.79,0.11904761999999991,0.8571428571428571,0,10.040816322857143
1,17,3,9238,1,1,133.1,1,41,1,2,3,117.0,1,0,0,1,0,0,21,0,0,6,8,6,12.66666667,0,0,6,7,6,12.42857143,0,11.1,0.6,2.02,-0.23809523999999982,0.8571428571428571,1,10.85714286
1,17,1,9556,1,1,133.0,1,38,37,9,9,124.4,1,0,0,1,0,1,18,0,0,7,7,7,13.3,0,0,8,8,8,15.125,0,15.5,2.8,-4.06,1.8249999999999993,0.8888888888888888,0,11.637500000000001
1,1,1,9773,1,1,135.0,1,1,19,4,10,129.4,1,0,0,1,0,0,18,0,0,6,6,6,12.83333333,0,0,6,7,6,12.16666667,0,11.1,0.6,2.02,-0.6666666600000006,0.8571428571428571,1,10.999999997142856
1,1,1,9991,0,1,143.0,1,19,37,5,8,135.0,0,0,0,1,0,1,20,0,0,5,5,5,12.4,0,0,5,6,5,12.83333333,0,10.8,1.4,1.74,0.43333332999999996,0.8333333333333334,0,10.333333333333334
1,1,1,9085,1,1,142.0,1,38,38,9,10,127.0,1,0,0,1,0,0,18,0,0,5,7,3,12.33333333,0,0,5,9,5,12.6,0,10.8,1.4,1.74,0.26666666999999933,0.8333333333333334,1,6.166666665
1,17,1,9500,1,1,142.0,1,38,37,9,8,130.8,1,0,0,1,0,1,19,0,0,7,10,6,12.58333333,0,0,8,8,7,12.67142857,0,13.9,-0.3,0.79,0.08809523999999946,0.7777777777777778,0,9.4374999975
1,42,1,9500,1,1,122.0,1,3,3,2,2,122.0,1,0,0,1,0,0,20,0,0,8,11,6,12.49166667,0,0,8,11,6,12.49166667,0,12.7,3.7,-1.7,0.0,0.6666666666666666,1,8.32777778
1,1,1,9070,1,1,144.0,1,1,1,3,5,127.2,1,0,0,1,0,1,20,0,0,6,6,6,12.66666667,0,0,6,8,6,13.0,0,10.8,1.4,1.74,0.3333333300000003,0.8571428571428571,0,10.85714286
1,17,1,9070,1,1,118.0,1,38,19,9,3,111.0,1,0,0,1,0,0,21,0,0,6,6,6,12.5,0,0,6,6,6,12.66666667,0,7.6,2.6,0.32,0.16666666999999968,0.8571428571428571,1,10.714285714285714
1,5,2,9853,1,1,124.0,1,19,19,3,3,113.9,1,0,0,1,0,1,19,0,0,6,8,6,12.66666667,0,0,6,7,6,12.0,0,12.7,3.7,-1.7,-0.6666666699999997,0.8571428571428571,0,10.85714286
1,43,1,9003,1,1,120.0,1,1,1,4,10,134.4,0,0,0,1,1,0,24,0,0,6,7,6,15.71428571,0,0,6,10,6,15.9,0,15.5,2.8,-4.06,0.18571428999999995,0.8571428571428571,1,13.46938775142857
1,43,1,9254,1,1,112.0,1,37,37,9,9,108.5,0,0,0,1,1,0,21,0,0,6,6,6,12.66666667,0,0,6,7,5,11.4,0,9.4,-0.8,-3.12,-1.2666666699999993,0.7142857142857143,1,10.85714286
1,17,1,9254,1,1,119.0,1,1,1,4,10,125.0,0,0,0,1,1,0,19,0,0,6,7,5,10.8,0,0,6,10,2,10.5,0,10.8,1.4,1.74,-0.3000000000000007,0.2857142857142857,1,7.714285714285715
1,1,1,9500,1,1,133.1,1,38,38,5,10,101.0,0,0,0,1,1,0,20,0,0,7,14,5,12.87857143,0,0,8,15,7,11.85625,0,15.5,2.8,-4.06,-1.0223214299999999,0.7777777777777778,1,8.04910714375
1,17,3,9070,1,1,131.0,1,38,37,5,5,120.2,1,0,0,1,1,0,18,0,0,6,6,6,12.83333333,0,0,6,8,5,11.4,0,15.5,2.8,-4.06,-1.43333333,0.7142857142857143,1,10.999999997142856
1,18,2,9670,1,1,121.0,1,37,38,4,1,111.9,1,0,0,1,1,0,19,0,0,6,6,6,14.16666667,0,0,6,6,6,14.0,0,13.9,-0.3,0.79,-0.16666666999999968,0.8571428571428571,1,12.142857145714284
1,51,1,9147,1,1,148.0,1,1,19,9,6,118.4,1,0,0,1,1,0,30,0,0,5,7,5,13.4,0,0,5,7,4,13.25,0,8.9,1.4,3.51,-0.15000000000000036,0.6666666666666666,1,11.166666666666668
1,1,1,9147,1,1,139.0,1,38,1,5,5,127.1,1,0,0,1,1,1,22,0,0,5,8,5,11.2,0,0,5,13,4,11.25,0,12.7,3.7,-1.7,0.05000000000000071,0.6666666666666666,0,9.333333333333334
1,17,2,9670,1,1,132.0,1,1,19,5,3,124.0,1,0,0,1,1,0,21,0,0,5,7,3,12.33333333,0,0,5,5,4,11.25,0,7.6,2.6,0.32,-1.0833333300000003,0.6666666666666666,1,6.166666665
1,39,1,9147,1,1,120.0,1,1,19,4,7,110.0,0,0,0,1,1,0,27,0,0,5,13,3,10.75,0,0,5,9,3,10.33333333,0,15.5,2.8,-4.06,-0.4166666699999997,0.5,1,5.375
1,1,2,9147,1,1,116.0,1,37,1,5,3,124.8,1,0,0,1,1,0,20,0,0,5,9,2,14.33333333,0,0,5,10,2,12.5,0,7.6,2.6,0.32,-1.8333333300000003,0.3333333333333333,1,4.7777777766666665
1,1,2,9670,1,1,122.0,1,1,1,9,9,116.1,1,0,0,1,1,1,18,0,0,5,6,4,12.25,0,0,5,5,5,12.2,0,9.4,-0.8,-3.12,-0.05000000000000071,0.8333333333333334,0,8.166666666666666
1,43,1,9500,1,1,132.0,1,1,38,7,7,129.6,0,1,0,1,1,0,23,0,0,7,10,6,12.73333333,0,0,8,10,7,11.95,0,16.2,0.3,-0.92,-0.7833333300000014,0.7777777777777778,1,9.5499999975
1,1,2,9500,1,1,144.0,1,38,37,9,9,128.8,1,0,0,1,1,0,19,0,0,7,7,6,13.2,0,0,7,7,6,13.2,0,7.6,2.6,0.32,0.0,0.75,1,9.899999999999999
1,39,1,9119,1,1,130.0,1,19,37,9,9,134.0,0,0,0,1,1,1,24,0,0,5,8,5,11.83333333,0,0,5,8,4,14.0,0,12.7,3.7,-1.7,2.1666666699999997,0.6666666666666666,0,9.861111108333334
1,1,1,9254,1,1,133.1,1,3,1,2,4,125.0,0,0,0,1,1,0,21,0,0,6,10,5,11.33333333,0,0,6,14,2,11.5,0,12.7,3.7,-1.7,0.16666666999999968,0.2857142857142857,1,8.095238092857143
1,51,1,9670,1,1,133.1,1,3,1,3,10,116.2,0,0,0,1,1,0,24,0,0,6,11,5,12.85714286,0,0,6,12,5,13.66666667,0,11.1,0.6,2.02,0.80952381,0.7142857142857143,1,9.183673471428571
1,39,1,9119,1,1,133.1,1,37,19,9,3,123.0,0,0,0,1,1,1,28,0,0,5,16,3,14.33333333,0,0,5,9,5,12.42857143,0,9.4,-0.8,-3.12,-1.9047619000000005,0.8333333333333334,0,7.166666665
1,17,1,9670,1,1,118.0,1,19,38,7,9,113.5,1,0,0,1,0,1,19,0,0,6,9,5,13.5,0,0,6,6,6,14.0,0,12.4,0.5,1.79,0.5,0.8571428571428571,0,9.642857142857142
1,1,1,9500,1,1,125.0,1,1,1,4,4,119.8,1,0,0,1,0,1,19,0,0,8,8,8,12.82875,0,0,8,8,8,12.82875,0,9.4,-0.8,-3.12,0.0,0.8888888888888888,0,11.403333333333332
1,17,2,9500,1,1,130.0,1,38,38,7,7,122.5,1,0,0,1,0,0,19,0,0,8,8,7,13.93714286,0,0,8,8,7,13.93714286,0,10.8,1.4,1.74,0.0,0.7777777777777778,1,10.840000002222222
1,1,2,9773,1,1,130.0,1,1,1,9,4,126.2,1,0,0,1,0,0,18,0,0,6,6,6,11.66666667,0,0,6,6,5,12.2,0,12.7,3.7,-1.7,0.5333333299999996,0.7142857142857143,1,10.000000002857142
1,1,2,9500,1,1,137.0,1,1,3,4,3,124.6,0,0,0,1,0,0,18,0,0,7,10,7,13.398,0,0,8,8,8,13.5425,0,15.5,2.8,-4.06,0.14450000000000074,0.8888888888888888,1,11.72325
1,1,1,9085,1,1,133.1,1,19,38,5,7,110.0,1,0,0,1,0,1,21,0,0,6,8,6,13.28571429,0,0,6,11,6,13.0,0,11.1,0.6,2.02,-0.2857142899999996,0.8571428571428571,0,11.387755105714286
1,1,1,9238,1,1,134.0,1,1,19,4,9,129.8,0,0,0,1,0,1,20,0,0,6,6,6,11.66666667,0,0,6,8,6,11.16666667,0,15.5,2.8,-4.06,-0.5,0.8571428571428571,0,10.000000002857142
1,17,1,9238,1,1,125.0,1,19,38,3,7,114.9,0,0,0,1,0,1,19,0,0,6,13,6,11.5,0,0,6,9,5,12.2,0,11.1,0.6,2.02,0.6999999999999993,0.7142857142857143,0,9.857142857142856
1,1,1,9500,1,1,141.0,1,37,38,6,6,125.6,1,0,0,1,0,1,22,0,0,7,9,6,13.08166667,0,0,8,12,6,13.15,0,11.1,0.6,2.02,0.06833332999999975,0.6666666666666666,0,9.8112500025
1,18,3,9070,1,1,138.0,1,38,37,9,7,125.1,1,0,0,1,0,1,19,0,0,6,6,6,12.66666667,0,0,6,6,6,13.0,0,15.5,2.8,-4.06,0.3333333300000003,0.8571428571428571,0,10.85714286
1,1,3,9853,1,1,122.0,1,3,3,2,2,112.6,1,0,0,1,0,0,23,0,0,6,8,5,13.6,0,0,6,8,5,11.6,0,7.6,2.6,0.32,-2.0,0.7142857142857143,1,9.714285714285714
1,1,3,9773,1,1,131.0,1,1,1,4,4,127.2,1,0,0,1,0,1,18,0,0,6,6,6,13.16666667,0,0,6,7,5,13.2,0,12.4,0.5,1.79,0.033333329999999606,0.7142857142857143,0,11.285714288571429
1,1,1,9238,1,1,117.0,1,1,19,4,7,113.5,1,0,0,1,0,1,18,0,0,6,6,6,13.16666667,0,0,6,7,6,14.14285714,0,11.1,0.6,2.02,0.9761904700000006,0.8571428571428571,0,11.285714288571429
1,1,1,9070,1,1,128.0,1,19,2,7,3,126.3,1,0,0,1,0,0,19,0,0,6,6,6,13.16666667,0,0,6,6,6,12.66666667,0,15.5,2.8,-4.06,-0.5,0.8571428571428571,1,11.285714288571429
1,18,1,9500,1,1,135.0,1,3,3,1,1,125.8,1,0,0,1,0,0,18,0,0,8,8,7,13.15428571,0,0,8,8,7,13.15428571,0,10.8,1.4,1.74,0.0,0.7777777777777778,1,10.231111107777778
1,1,3,9070,1,1,139.0,1,1,38,4,7,142.2,1,0,0,1,0,1,19,0,0,6,6,6,12.83333333,0,0,6,6,6,12.83333333,0,9.4,-0.8,-3.12,0.0,0.8571428571428571,0,10.999999997142856
1,17,2,9853,1,1,125.0,1,1,19,5,5,119.4,1,0,0,1,0,0,18,0,0,7,10,7,12.14285714,0,0,7,7,7,13.14285714,0,12.4,0.5,1.79,1.0,0.875,1,10.6249999975
1,1,2,9500,1,1,106.0,1,1,19,4,4,106.4,1,0,0,1,0,1,19,0,0,7,9,5,13.34,0,0,7,9,6,12.38571429,0,12.4,0.5,1.79,-0.9542857100000006,0.75,0,8.3375
1,1,2,9500,1,1,134.0,1,19,19,4,7,131.0,1,0,0,1,1,0,18,0,0,7,9,7,14.59444444,0,0,8,10,8,13.472,0,15.5,2.8,-4.06,-1.1224444400000007,0.8888888888888888,1,12.770138885
1,1,3,9119,1,1,113.0,1,4,38,2,7,107.4,1,0,0,1,1,0,18,0,0,5,8,5,14.0,0,0,5,6,5,13.2,0,8.9,1.4,3.51,-0.8000000000000007,0.8333333333333334,1,11.666666666666668
1,1,1,9254,1,1,126.0,1,1,19,4,4,116.9,0,0,0,1,1,0,18,0,0,6,8,6,13.57142857,0,0,6,7,5,11.8,0,8.9,1.4,3.51,-1.7714285699999994,0.7142857142857143,1,11.632653059999999
1,1,1,9670,1,1,141.0,1,19,38,9,9,130.5,0,0,0,1,1,0,19,0,0,6,8,6,14.25,0,0,6,7,6,13.85714286,0,11.1,0.6,2.02,-0.39285714000000027,0.8571428571428571,1,12.214285714285714
1,18,1,9500,1,1,144.0,1,37,37,6,6,127.5,1,0,0,1,0,1,19,0,0,8,8,7,13.54285714,0,0,8,8,7,13.54285714,0,12.7,3.7,-1.7,0.0,0.7777777777777778,0,10.533333331111113
1,1,3,9070,1,1,147.0,1,34,37,5,7,135.8,1,0,0,1,0,0,20,0,0,6,6,6,13.66666667,0,0,6,6,6,13.33333333,0,9.4,-0.8,-3.12,-0.33333333999999937,0.8571428571428571,1,11.714285717142856
1,43,1,9500,1,1,125.0,1,37,37,9,7,123.6,1,0,0,1,0,1,18,0,0,7,8,5,12.86,0,0,7,8,5,12.86,0,7.6,2.6,0.32,0.0,0.625,0,8.0375
1,1,3,9500,1,1,131.0,1,19,3,3,2,126.1,1,0,0,1,0,0,18,0,0,7,8,7,12.59125,0,0,8,11,7,12.82,0,15.5,2.8,-4.06,0.2287499999999998,0.7777777777777778,1,11.01734375
1,1,1,9238,1,1,117.0,1,19,19,9,9,111.8,1,0,0,1,1,0,19,0,0,6,9,4,11.5,0,0,6,12,3,11.0,0,8.9,1.4,3.51,-0.5,0.42857142857142855,1,6.571428571428571
1,1,1,9085,1,1,148.0,1,38,38,4,9,131.6,0,0,0,1,1,1,18,0,0,6,8,6,15.5,0,0,6,9,4,15.5,0,11.1,0.6,2.02,0.0,0.5714285714285714,0,13.285714285714285
1,1,3,9500,1,1,143.0,1,1,1,4,4,129.0,1,0,0,1,1,0,18,0,0,8,8,7,12.36571429,0,0,8,8,7,12.36571429,0,10.8,1.4,1.74,0.0,0.7777777777777778,1,9.61777778111111
1,17,1,9670,1,1,128.0,1,37,37,9,9,135.7,1,0,0,1,1,0,19,0,0,6,7,5,13.2,0,0,6,10,5,13.25,0,10.8,1.4,1.74,0.05000000000000071,0.7142857142857143,1,9.428571428571429
1,1,1,9773,1,1,128.0,1,1,19,4,4,124.5,0,0,0,1,1,1,19,0,0,6,10,4,14.0,0,0,6,9,6,12.33333333,0,9.4,-0.8,-3.12,-1.6666666699999997,0.8571428571428571,0,8.0
1,17,1,9147,1,1,137.0,1,3,38,1,9,131.4,0,0,0,0,1,0,19,0,0,5,13,4,10.0,0,0,5,7,3,11.33333333,0,15.5,2.8,-4.06,1.3333333300000003,0.5,2,6.666666666666666
1,1,1,9147,1,1,115.0,1,38,1,9,8,118.5,0,0,0,1,1,0,21,0,0,5,9,1,10.0,0,0,5,10,1,10.0,0,7.6,2.6,0.32,0.0,0.16666666666666666,1,1.6666666666666665
1,1,1,9254,1,1,125.0,1,37,37,9,9,122.9,0,0,0,1,1,1,19,0,0,6,7,6,11.16666667,0,0,6,12,3,11.66666667,0,10.8,1.4,1.74,0.5,0.42857142857142855,0,9.571428574285713
1,1,1,9238,1,1,125.0,1,19,38,7,7,118.7,0,0,0,1,1,0,20,0,0,6,12,4,11.75,0,0,6,13,3,11.33333333,0,15.5,2.8,-4.06,-0.4166666699999997,0.42857142857142855,1,6.7142857142857135
1,16,2,9147,1,1,131.0,1,37,37,9,9,135.9,1,0,0,1,1,0,20,0,0,5,8,1,10.0,0,0,5,7,1,11.0,0,7.6,2.6,0.32,1.0,0.16666666666666666,1,1.6666666666666665
1,1,1,9130,1,1,133.1,1,6,11,4,5,138.4,0,0,0,1,1,0,21,0,0,5,8,3,14.0,0,0,5,5,5,12.8,0,7.6,2.6,0.32,-1.1999999999999993,0.8333333333333334,1,7.0
1,1,3,9773,1,1,121.0,1,19,38,9,7,113.0,1,0,0,1,1,0,19,0,0,6,6,6,13.83333333,0,0,6,6,6,13.66666667,0,11.1,0.6,2.02,-0.16666666000000063,0.8571428571428571,1,11.857142854285714
1,1,1,9773,1,1,140.0,1,19,38,9,9,132.0,0,0,0,1,1,1,18,0,0,6,6,5,12.0,0,0,6,6,6,12.83333333,0,12.7,3.7,-1.7,0.8333333300000003,0.8571428571428571,0,8.571428571428571
1,1,2,9238,1,1,124.0,1,38,19,9,7,129.6,1,0,0,1,1,0,19,0,0,6,10,6,11.125,0,0,6,7,6,11.85714286,0,7.6,2.6,0.32,0.7321428599999997,0.8571428571428571,1,9.535714285714285
1,17,1,9500,1,1,152.0,1,19,19,4,9,132.5,0,0,0,1,1,0,21,0,0,8,8,7,14.54,0,0,8,8,7,14.54,0,10.8,1.4,1.74,0.0,0.7777777777777778,1,11.30888888888889
1,17,1,9670,1,1,133.1,1,1,37,4,5,150.0,0,0,0,1,1,0,21,0,0,6,8,6,14.75,0,0,6,9,5,14.33333333,0,11.1,0.6,2.02,-0.4166666699999997,0.7142857142857143,1,12.642857142857142
1,1,1,9147,1,1,124.0,1,38,38,9,9,115.6,0,0,0,1,1,1,20,0,0,5,8,5,12.375,0,0,5,7,5,11.66666667,0,13.9,-0.3,0.79,-0.7083333300000003,0.8333333333333334,0,10.3125
1,17,1,9500,1,1,145.0,1,1,1,4,10,131.4,0,0,0,1,0,0,19,0,0,7,7,7,13.44285714,0,0,8,8,7,13.77142857,0,13.9,-0.3,0.79,0.3285714300000002,0.7777777777777778,1,11.762499997499999
1,1,2,9254,1,1,111.0,1,1,19,5,7,109.3,1,0,0,1,0,1,20,0,0,6,6,6,13.83333333,0,0,6,6,6,15.0,0,11.1,0.6,2.02,1.1666666699999997,0.8571428571428571,0,11.857142854285714
1,1,1,9670,1,1,123.0,1,37,38,9,9,113.9,1,0,1,0,0,0,18,0,0,6,7,4,11.25,0,0,6,9,4,10.85714286,0,10.8,1.4,1.74,-0.39285714000000027,0.5714285714285714,3,6.428571428571428
1,1,1,9238,1,1,133.0,1,37,37,9,9,121.8,1,0,0,1,0,1,18,0,0,6,7,5,10.2,0,0,6,9,4,11.25,0,12.4,0.5,1.79,1.0500000000000007,0.5714285714285714,0,7.285714285714286
1,18,1,9238,1,1,122.0,1,38,38,9,7,114.7,0,0,1,1,0,1,18,0,0,6,9,6,10.83333333,0,0,6,8,6,12.0,0,11.1,0.6,2.02,1.1666666699999997,0.8571428571428571,1,9.285714282857143
1,1,1,9254,1,1,128.0,1,19,19,7,8,120.0,1,0,0,1,0,1,20,0,0,6,6,6,14.5,0,0,6,7,5,15.0,0,12.4,0.5,1.79,0.5,0.7142857142857143,0,12.428571428571427
1,1,1,9238,1,1,108.0,1,19,38,9,9,107.3,0,1,0,1,0,1,19,0,0,6,12,4,10.4,0,0,6,11,4,10.75,0,12.4,0.5,1.79,0.34999999999999964,0.5714285714285714,0,5.942857142857143
1,1,2,9556,1,1,130.0,1,1,38,3,8,119.5,1,0,0,1,0,1,21,0,0,7,7,7,12.24285714,0,0,8,8,8,14.125,0,15.5,2.8,-4.06,1.88214286,0.8888888888888888,0,10.7124999975
1,1,3,9147,1,1,143.0,1,1,1,5,7,133.2,1,0,0,1,0,1,18,0,0,5,11,4,14.25,0,0,5,7,4,12.5,0,12.7,3.7,-1.7,-1.75,0.6666666666666666,0,9.5
1,1,1,9500,1,1,140.0,1,38,37,9,7,130.0,1,0,0,1,1,1,18,0,0,7,7,6,13.18333333,0,0,7,7,6,13.18333333,0,7.6,2.6,0.32,0.0,0.75,0,9.8874999975
1,17,1,9500,1,1,134.0,1,38,1,9,6,133.5,1,0,0,1,1,1,20,0,0,7,8,7,11.9725,0,0,8,8,8,12.65125,0,15.5,2.8,-4.06,0.6787499999999991,0.8888888888888888,0,10.4759375
1,1,3,9500,1,1,142.0,1,37,38,9,9,137.3,1,0,0,1,0,1,22,0,0,7,7,6,13.9,0,0,7,7,6,13.9,0,7.6,2.6,0.32,0.0,0.75,0,10.425
1,17,3,9254,1,1,127.0,1,37,37,9,6,123.5,1,0,0,1,0,1,20,0,0,6,11,4,11.5,0,0,6,12,3,11.0,0,7.6,2.6,0.32,-0.5,0.42857142857142855,0,6.571428571428571
1,1,2,9500,1,1,124.0,1,37,37,9,9,116.0,1,0,0,1,0,1,21,0,0,8,8,7,13.95714286,0,0,8,8,7,13.95714286,0,12.7,3.7,-1.7,0.0,0.7777777777777778,0,10.855555557777777
1,17,1,9773,1,1,144.0,1,19,19,4,4,130.7,1,0,0,1,0,0,20,0,0,6,9,6,11.66666667,0,0,6,8,5,11.6,0,7.6,2.6,0.32,-0.06666667000000004,0.7142857142857143,1,10.000000002857142
1,1,1,9147,1,1,138.0,1,37,37,9,6,145.0,1,0,0,1,0,0,18,0,0,5,6,5,13.0,0,0,5,5,5,14.0,0,7.6,2.6,0.32,1.0,0.8333333333333334,1,10.833333333333334
1,1,1,9853,1,1,135.0,1,19,12,9,7,137.1,1,0,0,1,0,0,18,0,0,6,6,6,13.33333333,0,0,6,7,6,12.33333333,0,7.6,2.6,0.32,-1.0,0.8571428571428571,1,11.428571425714285
1,17,1,9500,1,1,121.0,1,1,1,4,3,120.5,1,0,0,1,0,0,21,0,0,8,8,7,12.91,0,0,8,8,7,12.91,0,10.8,1.4,1.74,0.0,0.7777777777777778,1,10.041111111111112
1,1,1,9238,1,1,128.0,1,19,19,5,5,124.5,1,0,0,1,0,1,18,0,0,6,10,4,12.4,0,0,6,8,6,12.5,0,12.4,0.5,1.79,0.09999999999999964,0.8571428571428571,0,7.085714285714285
1,1,2,9773,1,1,130.0,1,38,37,5,3,122.3,1,0,1,0,0,0,18,0,0,6,8,6,14.14285714,0,0,6,6,5,12.0,0,13.9,-0.3,0.79,-2.1428571400000003,0.7142857142857143,3,12.122448977142856
1,39,1,9003,1,1,140.0,1,19,19,9,6,135.4,1,0,0,1,0,0,24,0,0,6,10,5,11.8,0,0,6,13,4,11.25,0,12.4,0.5,1.79,-0.5500000000000007,0.5714285714285714,1,8.428571428571429
1,1,1,9130,1,1,132.0,1,3,1,4,9,121.9,1,0,0,1,0,0,18,0,0,6,8,6,14.5,0,0,6,9,6,12.85714286,0,13.9,-0.3,0.79,-1.6428571400000003,0.8571428571428571,1,12.428571428571427
1,1,1,9147,1,1,126.0,1,19,19,9,9,115.2,0,0,1,1,0,0,19,0,0,5,13,1,10.0,0,0,5,8,2,10.0,0,12.4,0.5,1.79,0.0,0.3333333333333333,2,1.6666666666666665
1,1,1,9254,1,1,123.0,1,38,37,5,5,125.1,0,0,0,1,0,0,19,0,0,6,12,4,11.0,0,0,6,6,4,12.5,0,16.2,0.3,-0.92,1.5,0.5714285714285714,1,6.285714285714286
1,1,3,9254,1,1,121.0,1,19,19,9,9,125.9,1,0,0,1,0,0,22,0,0,6,10,4,10.0,0,0,6,12,2,13.5,0,9.4,-0.8,-3.12,3.5,0.2857142857142857,1,5.7142857142857135
1,1,2,9500,1,1,138.0,1,19,1,5,5,128.0,1,0,0,1,0,0,19,0,0,7,7,7,14.20857143,0,0,8,9,8,15.12777778,0,11.1,0.6,2.02,0.9192063500000014,0.8888888888888888,1,12.432500001249998
1,17,3,9238,1,1,141.0,1,3,3,2,2,124.9,1,0,0,1,0,0,19,0,0,6,10,6,12.0,0,0,6,12,4,11.0,0,12.7,3.7,-1.7,-1.0,0.5714285714285714,1,10.285714285714285
1,17,1,9773,1,1,115.0,1,37,37,9,8,116.1,1,0,0,1,0,1,18,0,0,6,7,6,13.85714286,0,0,6,7,6,14.28571429,0,13.9,-0.3,0.79,0.42857142999999986,0.8571428571428571,0,11.877551022857142
1,18,1,9085,1,1,153.0,1,37,37,9,9,138.0,1,0,0,1,0,1,21,0,0,6,7,6,13.5,0,0,6,6,3,15.33333333,0,8.9,1.4,3.51,1.8333333300000003,0.42857142857142855,0,11.571428571428571
1,1,1,9773,1,1,125.0,1,3,2,2,1,119.1,1,0,0,1,0,0,22,0,0,6,13,2,12.0,0,0,6,14,1,10.0,0,9.4,-0.8,-3.12,-2.0,0.14285714285714285,1,3.4285714285714284
1,1,1,9085,1,1,154.0,1,38,37,4,4,141.4,0,0,0,1,0,1,19,0,0,6,8,6,15.0,0,0,6,9,6,14.85714286,0,11.1,0.6,2.02,-0.14285714000000027,0.8571428571428571,0,12.857142857142856
1,17,3,9500,1,1,132.0,1,37,37,4,3,127.3,1,0,0,1,0,0,20,0,0,7,7,6,13.38333333,0,0,7,7,6,13.38333333,0,7.6,2.6,0.32,0.0,0.75,1,10.0374999975
1,17,1,9238,1,1,120.0,1,19,19,4,5,114.8,1,0,1,0,0,0,19,0,0,6,10,5,11.71428571,0,0,6,13,2,10.66666667,0,16.2,0.3,-0.92,-1.0476190400000007,0.2857142857142857,3,8.367346935714286
1,1,3,9500,1,1,150.0,1,19,19,5,5,132.8,1,0,0,1,0,1,18,0,0,8,8,8,13.01125,0,0,8,8,8,13.01125,0,9.4,-0.8,-3.12,0.0,0.8888888888888888,0,11.565555555555555
1,1,1,9070,1,1,131.0,1,37,37,3,3,131.7,1,0,0,1,0,0,20,0,0,6,6,6,12.16666667,0,0,6,7,5,13.8,0,12.7,3.7,-1.7,1.633333330000001,0.7142857142857143,1,10.428571431428571
1,1,1,9500,1,1,114.0,1,19,38,5,3,112.6,1,0,0,1,0,0,19,0,0,7,10,6,11.85,0,0,8,10,7,13.65,0,16.2,0.3,-0.92,1.8000000000000007,0.7777777777777778,1,8.8875
1,39,1,9991,0,1,120.0,1,37,37,9,9,111.1,0,0,0,1,0,0,31,0,0,5,8,4,11.0,0,0,5,6,5,11.2,0,7.6,2.6,0.32,0.1999999999999993,0.8333333333333334,1,7.333333333333333
1,43,3,9500,1,1,140.0,1,1,19,9,7,127.5,1,0,1,1,0,1,20,0,0,7,9,7,12.32777778,0,0,8,10,8,11.736,0,15.5,2.8,-4.06,-0.5917777799999993,0.8888888888888888,1,10.7868055575
1,17,2,9500,1,1,141.0,1,37,1,9,4,127.3,1,0,0,1,0,1,19,0,0,7,7,6,13.8,0,0,7,7,6,13.8,0,7.6,2.6,0.32,0.0,0.75,0,10.350000000000001
1,1,1,9853,1,1,131.0,1,19,19,3,7,127.9,1,0,0,1,0,1,18,0,0,7,7,7,14.85714286,0,0,7,7,7,15.14285714,0,13.9,-0.3,0.79,0.28571428000000054,0.875,0,13.0000000025
1,1,2,9085,1,1,151.0,1,40,4,2,2,144.5,1,0,0,1,0,0,18,0,0,6,7,6,15.66666667,0,0,6,6,6,14.83333333,0,8.9,1.4,3.51,-0.8333333399999994,0.8571428571428571,1,13.428571431428571
1,17,1,9500,1,1,131.0,1,1,19,4,3,125.4,1,0,0,1,0,0,19,0,0,7,13,5,12.5,0,0,8,14,7,12.16666667,0,15.5,2.8,-4.06,-0.3333333300000003,0.7777777777777778,1,7.8125
1,17,1,9238,1,1,145.0,1,38,38,9,7,145.0,0,0,0,1,0,1,19,0,0,6,7,6,12.83333333,0,0,6,6,6,13.16666667,0,12.4,0.5,1.79,0.33333333999999937,0.8571428571428571,0,10.999999997142856
1,17,1,9070,1,1,119.0,1,37,38,9,8,124.6,1,0,0,1,0,0,20,0,0,6,6,6,12.5,0,0,6,6,6,12.66666667,0,7.6,2.6,0.32,0.16666666999999968,0.8571428571428571,1,10.714285714285714
1,1,2,9773,1,1,122.0,1,37,37,9,9,130.8,1,0,0,1,0,0,18,0,0,6,14,4,11.25,0,0,6,9,5,13.0,0,9.4,-0.8,-3.12,1.75,0.7142857142857143,1,6.428571428571428
1,1,2,9500,1,1,155.0,1,1,1,4,3,140.5,1,0,0,1,0,0,18,0,0,7,7,6,15.25,0,0,7,7,6,15.25,0,7.6,2.6,0.32,0.0,0.75,1,11.4375
1,1,1,9853,1,1,114.0,1,19,37,5,5,109.5,1,0,0,1,0,0,19,0,0,7,10,4,10.5,0,0,7,7,2,10.5,0,16.2,0.3,-0.92,0.0,0.25,1,5.25
1,1,1,9853,1,1,128.0,1,1,1,9,9,120.0,1,0,0,1,0,0,18,0,0,6,11,3,12.0,0,0,6,13,2,12.0,0,12.7,3.7,-1.7,0.0,0.2857142857142857,1,5.142857142857142
1,1,1,9500,1,1,141.0,1,37,37,9,9,136.3,1,0,0,1,1,1,18,0,0,7,7,6,13.51666667,0,0,7,7,6,13.51666667,0,7.6,2.6,0.32,0.0,0.75,0,10.1375000025
1,1,2,9070,1,1,128.0,1,37,37,9,9,123.5,1,0,0,1,1,1,21,0,0,6,6,6,13.16666667,0,0,6,8,6,13.28571429,0,8.9,1.4,3.51,0.11904761999999991,0.8571428571428571,0,11.285714288571429
1,5,1,9147,1,1,126.0,1,19,38,5,6,117.3,1,0,0,1,0,0,19,0,0,5,15,3,10.8,0,0,5,6,3,10.5,0,13.9,-0.3,0.79,-0.3000000000000007,0.5,1,5.4
1,17,1,9500,1,1,140.0,1,19,38,7,7,136.5,1,0,0,1,0,1,18,0,0,7,7,7,14.83857143,0,0,8,9,8,14.8,0,12.4,0.5,1.79,-0.038571429999999296,0.8888888888888888,0,12.98375000125
1,17,1,9254,1,1,134.0,1,19,1,9,4,124.9,1,0,0,1,0,0,19,0,0,6,11,3,12.0,0,0,6,11,4,11.25,0,7.6,2.6,0.32,-0.75,0.5714285714285714,1,5.142857142857142
1,17,2,9254,1,1,132.0,1,38,38,9,8,122.6,1,0,0,1,0,1,20,0,0,6,6,6,13.16666667,0,0,6,6,6,14.0,0,13.9,-0.3,0.79,0.8333333300000003,0.8571428571428571,0,11.285714288571429
1,1,2,9500,1,1,131.0,1,1,1,5,9,129.5,1,0,0,1,0,1,19,0,0,8,8,8,13.9475,0,0,8,8,8,13.9475,0,9.4,-0.8,-3.12,0.0,0.8888888888888888,0,12.397777777777778
1,18,1,9147,1,1,160.0,1,19,19,5,8,137.6,1,0,0,1,0,1,19,0,0,5,6,5,12.6,0,0,5,8,5,11.25,0,10.8,1.4,1.74,-1.3499999999999996,0.8333333333333334,0,10.5
1,1,1,9070,1,1,136.0,1,1,38,4,5,132.2,0,0,1,1,0,0,19,0,0,6,6,6,13.83333333,0,0,6,8,6,13.875,0,10.8,1.4,1.74,0.041666669999999684,0.8571428571428571,2,11.857142854285714
1,17,1,9130,1,1,145.0,1,38,37,9,7,129.3,1,0,0,1,0,0,19,0,0,5,5,5,11.8,0,0,5,5,5,13.2,0,10.8,1.4,1.74,1.3999999999999986,0.8333333333333334,1,9.833333333333334
1,39,1,9670,1,1,120.0,1,1,19,4,10,142.3,1,0,0,1,0,1,26,0,0,6,6,6,13.33333333,0,0,6,10,5,14.5,0,10.8,1.4,1.74,1.1666666699999997,0.7142857142857143,0,11.428571425714285
1,17,1,9238,1,1,130.0,1,37,37,9,9,122.0,1,0,0,1,0,1,21,0,0,6,8,1,10.0,0,0,6,13,5,11.4,0,12.7,3.7,-1.7,1.4000000000000004,0.7142857142857143,0,1.4285714285714284
1,1,3,9085,1,1,158.0,1,1,19,9,9,153.6,1,0,0,1,0,1,18,0,0,6,7,6,15.66666667,0,0,6,8,6,15.28571429,0,8.9,1.4,3.51,-0.3809523800000001,0.8571428571428571,0,13.428571431428571
1,1,1,9853,1,1,122.0,1,3,19,2,3,112.9,0,0,0,1,0,0,18,0,0,7,9,7,11.85714286,0,0,7,7,7,11.85714286,0,16.2,0.3,-0.92,0.0,0.875,1,10.3750000025
1,17,1,9238,1,1,136.0,1,38,1,9,4,129.7,0,0,0,1,0,0,19,0,0,6,6,6,12.16666667,0,0,6,7,6,13.71428571,0,15.5,2.8,-4.06,1.5476190400000007,0.8571428571428571,1,10.428571431428571
1,1,1,9773,1,1,111.0,1,19,19,9,9,110.0,1,0,0,1,0,0,18,0,0,6,6,5,12.6,0,0,6,8,6,12.0,0,11.1,0.6,2.02,-0.5999999999999996,0.8571428571428571,1,9.0
1,17,2,9500,1,1,145.0,1,2,38,3,8,136.3,1,0,0,1,0,0,18,0,0,8,12,7,12.28571429,0,0,8,12,7,12.28571429,0,12.7,3.7,-1.7,0.0,0.7777777777777778,1,9.555555558888889
1,1,1,9254,1,1,140.0,1,19,1,9,8,140.9,1,0,0,1,0,1,18,0,0,6,7,6,12.85714286,0,0,6,10,4,13.0,0,12.7,3.7,-1.7,0.14285714000000027,0.5714285714285714,0,11.020408165714285
1,1,1,9500,1,1,132.0,1,38,37,9,7,122.0,1,0,0,1,0,1,20,0,0,8,8,7,13.81714286,0,0,8,8,7,13.81714286,0,10.8,1.4,1.74,0.0,0.7777777777777778,0,10.74666666888889
1,1,1,9254,1,1,122.0,1,37,37,9,9,114.3,1,0,0,0,0,1,20,0,0,6,12,4,11.25,0,0,6,12,3,11.33333333,0,7.6,2.6,0.32,0.08333333000000032,0.42857142857142855,1,6.428571428571428
1,1,2,9773,1,1,135.0,1,37,37,5,5,126.3,1,1,0,1,0,1,20,0,0,6,6,6,14.66666667,0,0,6,7,6,14.57142857,0,8.9,1.4,3.51,-0.09523809999999955,0.8571428571428571,0,12.571428574285713
1,39,1,9085,1,1,133.1,1,3,19,2,9,110.0,0,0,0,1,0,0,28,0,0,6,15,4,12.0,0,0,6,14,4,12.0,0,11.1,0.6,2.02,0.0,0.5714285714285714,1,6.857142857142857
1,5,1,9130,1,1,157.0,1,5,43,2,2,149.7,1,0,0,1,0,0,18,0,0,6,6,6,15.0,0,0,6,6,6,14.83333333,0,8.9,1.4,3.51,-0.16666666999999968,0.8571428571428571,1,12.857142857142856
1,43,1,9130,1,1,140.0,1,2,1,2,3,140.0,1,0,0,1,0,0,22,0,0,5,11,4,12.25,0,0,5,9,5,13.28571429,0,12.7,3.7,-1.7,1.0357142899999996,0.8333333333333334,1,8.166666666666666
1,1,1,9556,1,1,118.0,1,19,38,9,9,116.3,1,0,0,1,0,1,20,0,0,7,10,7,11.88888889,0,0,8,10,8,11.95625,0,12.7,3.7,-1.7,0.06736111000000022,0.8888888888888888,0,10.40277777875
1,1,1,9670,1,1,154.0,1,1,1,5,7,154.7,0,0,0,1,0,1,18,0,0,5,6,5,11.8,0,0,5,5,5,12.6,0,9.4,-0.8,-3.12,0.7999999999999989,0.8333333333333334,0,9.833333333333334
1,17,2,9238,1,1,139.0,1,2,3,3,3,132.7,1,0,0,1,0,0,19,0,0,6,7,6,11.16666667,0,0,6,9,6,11.66666667,0,9.4,-0.8,-3.12,0.5,0.8571428571428571,1,9.571428574285713
1,18,1,9500,1,1,136.0,1,3,3,3,3,130.8,0,0,0,1,0,0,18,0,0,7,7,7,14.05714286,0,0,8,9,8,14.6,0,16.2,0.3,-0.92,0.5428571399999989,0.8888888888888888,1,12.300000002500001
1,1,2,9254,1,1,130.0,1,1,38,4,9,122.7,1,0,0,1,0,0,18,0,0,6,10,4,11.75,0,0,6,13,4,10.0,0,7.6,2.6,0.32,-1.75,0.5714285714285714,1,6.7142857142857135
1,17,1,9238,1,1,133.0,1,19,19,5,7,123.6,0,0,0,1,0,1,19,0,0,6,7,6,13.5,0,0,6,7,6,14.0,0,15.5,2.8,-4.06,0.5,0.8571428571428571,0,11.571428571428571
1,18,1,9500,1,1,143.0,1,38,37,4,9,116.5,1,0,0,1,0,1,20,0,0,7,10,7,12.625,0,0,8,8,8,13.0625,0,15.5,2.8,-4.06,0.4375,0.8888888888888888,0,11.046875
1,1,3,9500,1,1,145.0,1,19,38,9,7,136.3,1,0,0,1,0,1,18,0,0,8,8,7,13.97142857,0,0,8,8,7,13.97142857,0,12.7,3.7,-1.7,0.0,0.7777777777777778,0,10.866666665555556
1,1,2,9670,1,1,143.0,1,37,37,9,7,131.8,1,0,0,1,0,1,18,0,0,6,8,6,13.57142857,0,0,6,6,5,12.8,0,12.4,0.5,1.79,-0.7714285699999994,0.7142857142857143,0,11.632653059999999
1,17,3,9254,1,1,115.0,1,37,19,5,5,109.8,1,0,0,1,0,0,19,0,0,6,8,4,11.25,0,0,6,8,4,12.0,0,10.8,1.4,1.74,0.75,0.5714285714285714,1,6.428571428571428
1,1,1,9773,1,1,126.0,1,37,38,7,7,119.0,0,0,0,1,0,1,18,0,0,6,6,6,12.16666667,0,0,6,7,6,12.14285714,0,15.5,2.8,-4.06,-0.023809529999999413,0.8571428571428571,0,10.428571431428571
1,17,1,9085,1,1,133.1,1,37,37,9,9,99.0,1,0,0,1,0,1,23,0,0,6,6,6,14.66666667,0,0,6,8,6,12.42857143,0,8.9,1.4,3.51,-2.23809524,0.8571428571428571,0,12.571428574285713
1,1,2,9147,1,1,125.0,1,1,19,4,9,124.0,1,0,0,1,0,0,19,0,0,5,5,5,11.2,0,0,5,11,4,11.75,0,10.8,1.4,1.74,0.5500000000000007,0.6666666666666666,1,9.333333333333334
1,1,1,9238,1,1,141.0,1,37,38,9,10,138.9,0,0,0,1,0,0,18,0,0,6,9,6,13.71428571,0,0,6,6,6,14.16666667,0,13.9,-0.3,0.79,0.4523809599999993,0.8571428571428571,1,11.755102037142857
1,1,1,9147,1,1,131.0,1,38,19,9,9,130.0,1,0,0,1,1,0,19,0,0,5,5,5,12.8,0,0,5,10,5,11.44444444,0,10.8,1.4,1.74,-1.3555555600000009,0.8333333333333334,1,10.666666666666668
1,17,3,9500,1,1,136.0,1,37,38,4,5,126.0,1,0,0,1,0,0,19,0,0,8,8,7,15.11,0,0,8,8,7,15.11,0,10.8,1.4,1.74,0.0,0.7777777777777778,1,11.752222222222223
1,1,2,9238,1,1,134.0,1,1,19,4,5,126.0,0,0,0,1,0,0,18,0,0,6,10,4,11.0,0,0,6,8,5,11.2,0,10.8,1.4,1.74,0.1999999999999993,0.7142857142857143,1,6.285714285714286
1,1,1,9500,1,1,153.0,1,38,19,9,5,138.5,1,0,0,1,0,1,20,0,0,8,8,7,15.79857143,0,0,8,8,7,15.79857143,0,10.8,1.4,1.74,0.0,0.7777777777777778,0,12.28777777888889
1,1,3,9500,1,1,119.0,1,19,37,9,9,119.4,1,0,0,1,0,0,20,0,0,7,7,7,13.77571429,0,0,8,8,8,15.6,0,12.4,0.5,1.79,1.8242857099999998,0.8888888888888888,1,12.05375000375
1,17,2,9773,1,1,130.0,1,2,1,2,7,126.2,1,0,0,1,0,0,20,0,0,6,6,6,14.33333333,0,0,6,6,6,15.5,0,12.4,0.5,1.79,1.1666666699999997,0.8571428571428571,1,12.285714282857143
1,1,3,9070,1,1,128.0,1,19,19,3,3,129.8,1,0,0,1,0,0,20,0,0,6,6,6,11.83333333,0,0,6,6,3,13.33333333,0,9.4,-0.8,-3.12,1.5,0.42857142857142855,1,10.14285714
1,1,1,9085,1,1,145.0,1,38,37,3,9,138.4,1,0,0,0,0,0,18,0,0,6,7,6,14.83333333,0,0,6,8,6,12.5,0,8.9,1.4,3.51,-2.3333333300000003,0.8571428571428571,2,12.714285711428571
1,1,1,9500,1,1,146.0,1,1,37,9,9,129.3,0,0,0,1,0,0,18,0,0,8,8,7,14.2,0,0,8,8,7,14.2,0,12.7,3.7,-1.7,0.0,0.7777777777777778,1,11.044444444444444
1,1,1,9085,1,1,119.0,1,2,1,4,3,113.1,1,0,0,1,0,0,21,0,0,5,6,5,12.2,0,0,5,5,5,13.2,0,10.8,1.4,1.74,1.0,0.8333333333333334,1,10.166666666666666
1,17,1,9853,1,1,160.0,1,1,38,4,10,144.3,1,0,0,1,0,0,18,0,0,6,10,4,13.0,0,0,6,9,5,13.66666667,0,9.4,-0.8,-3.12,0.6666666699999997,0.7142857142857143,1,7.428571428571428
1,17,3,9238,1,1,122.0,1,19,19,7,7,117.5,1,0,0,1,0,0,19,0,0,6,7,5,10.8,0,0,6,9,6,10.16666667,0,8.9,1.4,3.51,-0.633333330000001,0.8571428571428571,1,7.714285714285715
1,43,1,9500,1,1,121.0,1,38,19,5,5,115.4,1,0,0,1,0,1,24,0,0,8,8,7,11.97142857,0,0,8,8,7,11.97142857,0,12.7,3.7,-1.7,0.0,0.7777777777777778,0,9.31111111
1,1,3,9085,1,1,134.0,1,38,19,9,5,129.1,0,0,0,1,0,0,19,0,0,5,7,3,12.0,0,0,5,7,4,13.5,0,7.6,2.6,0.32,1.5,0.6666666666666666,1,6.0
1,1,1,9500,1,1,137.0,1,37,37,7,9,130.8,1,0,0,1,0,1,18,0,0,7,7,6,12.66666667,0,0,7,7,6,12.66666667,0,7.6,2.6,0.32,0.0,0.75,0,9.5000000025
1,39,1,9500,1,1,123.0,1,19,1,1,1,140.8,0,0,0,1,0,0,25,0,0,8,8,7,12.08428571,0,0,8,8,7,12.08428571,0,10.8,1.4,1.74,0.0,0.7777777777777778,1,9.398888885555555
1,1,1,9254,1,1,118.0,1,37,37,7,7,114.2,0,0,0,1,0,0,18,0,0,6,10,5,12.2,0,0,6,10,5,11.6,0,16.2,0.3,-0.92,-0.5999999999999996,0.7142857142857143,1,8.714285714285714
1,1,1,9238,1,1,142.0,1,34,38,4,7,127.3,0,0,0,1,0,1,18,0,0,6,12,4,11.0,0,0,6,9,6,11.5,0,9.4,-0.8,-3.12,0.5,0.8571428571428571,0,6.285714285714286
1,17,2,9853,1,1,133.1,1,37,37,5,0,111.5,0,0,0,1,0,0,18,0,0,6,11,3,12.33333333,0,0,6,11,4,13.5,0,7.6,2.6,0.32,1.1666666699999997,0.5714285714285714,1,5.2857142842857145
1,17,1,9238,1,1,134.0,1,38,19,7,7,124.2,0,0,0,1,0,1,21,0,0,6,11,4,11.25,0,0,6,12,4,11.4,0,15.5,2.8,-4.06,0.15000000000000036,0.5714285714285714,0,6.428571428571428
1,39,1,9556,1,1,130.0,1,19,38,9,8,113.3,0,0,0,1,0,0,24,0,0,7,15,5,12.4,0,0,8,14,7,12.15,0,12.4,0.5,1.79,-0.25,0.7777777777777778,1,7.75
1,1,1,9147,1,1,117.0,1,37,37,9,9,120.2,1,0,0,1,0,0,20,0,0,5,9,2,10.0,0,0,5,10,2,11.0,0,7.6,2.6,0.32,1.0,0.3333333333333333,1,3.333333333333333
1,1,1,9773,1,1,159.0,1,34,26,0,6,160.1,1,0,0,1,0,0,18,0,0,6,6,6,15.16666667,0,0,6,7,6,14.85714286,0,7.6,2.6,0.32,-0.30952380999999995,0.8571428571428571,1,13.000000002857142
1,39,1,9003,1,1,140.0,1,37,37,5,5,150.0,0,0,1,1,0,0,34,0,0,6,10,5,13.83333333,0,0,6,13,5,12.5,0,16.2,0.3,-0.92,-1.3333333300000003,0.7142857142857143,2,9.880952378571429
1,1,1,9853,1,1,121.0,1,37,19,6,7,116.8,1,0,0,1,0,0,18,0,0,6,11,3,11.66666667,0,0,6,11,3,10.66666667,0,9.4,-0.8,-3.12,-1.0,0.42857142857142855,1,5.000000001428571
1,1,3,9500,1,1,131.0,1,37,37,9,9,118.0,1,0,0,1,0,1,18,0,0,8,8,7,13.24285714,0,0,8,8,7,13.24285714,0,12.7,3.7,-1.7,0.0,0.7777777777777778,0,10.299999997777778
1,1,2,9500,1,1,120.0,1,3,37,4,7,115.1,1,0,0,1,0,1,19,0,0,7,8,6,13.075,0,0,8,10,7,12.05,0,12.4,0.5,1.79,-1.0249999999999986,0.7777777777777778,0,9.806249999999999
1,1,1,9670,1,1,140.0,1,19,19,5,9,131.3,1,0,0,1,0,1,18,0,0,6,6,6,13.5,0,0,6,9,6,13.66666667,0,10.8,1.4,1.74,0.16666666999999968,0.8571428571428571,0,11.571428571428571
1,17,2,9238,1,1,111.0,1,19,38,9,9,110.7,1,0,0,1,0,0,19,0,0,6,9,6,12.16666667,0,0,6,9,6,11.0,0,8.9,1.4,3.51,-1.1666666699999997,0.8571428571428571,1,10.428571431428571
1,18,1,9991,0,1,133.1,1,38,38,5,5,145.0,0,0,0,1,0,1,21,0,0,5,6,4,12.25,0,0,5,8,4,11.8,0,10.8,1.4,1.74,-0.4499999999999993,0.6666666666666666,0,8.166666666666666
1,17,2,9070,1,1,136.0,1,19,38,4,7,140.9,1,0,0,1,0,0,19,0,0,6,6,6,14.33333333,0,0,6,6,6,13.5,0,9.4,-0.8,-3.12,-0.8333333300000003,0.8571428571428571,1,12.285714282857143
1,1,2,9773,1,1,115.0,1,34,38,0,5,108.4,1,0,0,1,0,0,20,0,0,6,10,4,10.5,0,0,6,8,4,11.75,0,7.6,2.6,0.32,1.25,0.5714285714285714,1,6.0
1,43,2,9147,1,1,131.0,1,19,37,5,9,123.7,1,0,0,1,0,0,18,0,0,5,10,1,14.0,0,0,5,10,1,14.0,0,7.6,2.6,0.32,0.0,0.16666666666666666,1,2.333333333333333
1,1,2,9500,1,1,124.0,1,37,37,7,7,116.5,1,0,0,1,0,1,20,0,0,7,9,7,14.09333333,0,0,8,8,8,15.0,0,11.1,0.6,2.02,0.9066666699999999,0.8888888888888888,0,12.33166666375
1,43,1,9500,1,1,137.0,1,38,19,9,5,129.3,1,0,0,1,0,0,19,0,0,8,12,7,12.07142857,0,0,8,12,7,12.07142857,0,12.7,3.7,-1.7,0.0,0.7777777777777778,1,9.388888887777778
1,1,3,9254,1,1,128.0,1,19,1,7,9,121.7,1,0,0,1,0,1,18,0,0,6,6,6,12.66666667,0,0,6,6,6,12.5,0,12.4,0.5,1.79,-0.16666666999999968,0.8571428571428571,0,10.85714286
1,39,1,9085,1,1,133.1,1,37,37,9,9,148.2,1,0,1,1,0,0,27,0,0,6,11,6,12.125,0,0,6,16,5,12.0,0,12.4,0.5,1.79,-0.125,0.7142857142857143,2,10.392857142857142
1,1,2,9500,1,1,133.1,1,19,38,7,9,125.5,1,0,0,1,0,1,21,0,0,7,9,7,13.2,0,0,8,9,7,13.2575,0,15.5,2.8,-4.06,0.057500000000000995,0.7777777777777778,0,11.549999999999999
1,17,1,9853,1,1,127.0,1,38,37,5,7,121.8,1,0,1,1,0,0,18,0,0,6,12,4,13.5,0,0,6,14,3,10.66666667,0,10.8,1.4,1.74,-2.8333333300000003,0.42857142857142855,2,7.7142857142857135
1,1,1,9238,1,1,136.0,1,38,38,0,7,133.2,1,0,0,1,0,0,19,0,0,6,8,5,11.0,0,0,6,13,5,11.4,0,7.6,2.6,0.32,0.40000000000000036,0.7142857142857143,1,7.857142857142858
1,17,2,9853,1,1,150.0,1,37,37,5,6,132.5,1,0,0,1,0,0,22,0,0,6,9,4,12.25,0,0,6,8,5,11.6,0,10.8,1.4,1.74,-0.6500000000000004,0.7142857142857143,1,7.0
1,17,2,9254,1,1,141.0,1,1,4,4,4,127.7,0,0,0,1,0,1,18,0,0,6,7,6,11.28571429,0,0,6,9,4,13.5,0,16.2,0.3,-0.92,2.2142857100000004,0.5714285714285714,0,9.67346939142857
1,1,1,9500,1,1,139.0,1,19,37,5,5,125.5,0,0,0,1,0,1,21,0,0,8,8,7,13.51428571,0,0,8,8,7,13.51428571,0,12.7,3.7,-1.7,0.0,0.7777777777777778,0,10.511111107777777
1,5,1,9853,1,1,119.0,1,1,38,5,8,118.3,1,0,0,1,0,0,22,0,0,6,11,3,15.0,0,0,6,11,4,10.25,0,9.4,-0.8,-3.12,-4.75,0.5714285714285714,1,6.428571428571428
1,1,1,9500,1,1,129.0,1,38,38,5,5,120.8,1,0,0,1,0,1,20,0,0,8,8,7,12.74428571,0,0,8,8,7,12.74428571,0,10.8,1.4,1.74,0.0,0.7777777777777778,0,9.912222218888889
1,1,1,9238,1,1,123.0,1,34,38,0,7,120.2,1,0,0,1,0,0,20,0,0,6,9,5,11.8,0,0,6,10,4,11.5,0,7.6,2.6,0.32,-0.3000000000000007,0.5714285714285714,1,8.428571428571429
1,1,3,9500,1,1,154.0,1,1,37,4,9,134.8,1,0,0,1,0,0,19,0,0,7,7,6,13.53333333,0,0,7,7,6,13.53333333,0,7.6,2.6,0.32,0.0,0.75,1,10.1499999975
1,1,1,9254,1,1,144.0,1,19,19,9,9,142.6,1,0,0,1,0,1,18,0,0,6,7,6,14.16666667,0,0,6,10,4,14.0,0,15.5,2.8,-4.06,-0.16666666999999968,0.5714285714285714,0,12.142857145714284
1,1,1,9500,1,1,153.0,1,38,37,7,8,147.9,0,0,0,1,0,1,18,0,0,7,7,7,14.65285714,0,0,8,9,8,14.75555556,0,12.4,0.5,1.79,0.1026984199999994,0.8888888888888888,0,12.8212499975
1,1,1,9254,1,1,129.0,1,19,1,3,7,121.0,0,0,0,1,0,1,22,0,0,6,9,6,12.83333333,0,0,6,6,4,13.25,0,16.2,0.3,-0.92,0.4166666699999997,0.5714285714285714,0,10.999999997142856
1,1,1,9238,1,1,150.0,1,19,37,5,4,142.7,1,0,0,1,0,1,18,0,0,6,6,6,14.66666667,0,0,6,6,6,15.16666667,0,9.4,-0.8,-3.12,0.5,0.8571428571428571,0,12.571428574285713
1,17,2,9773,1,1,125.0,1,1,1,4,8,115.6,1,0,0,1,0,0,19,0,0,6,6,6,13.33333333,0,0,6,6,6,14.66666667,0,12.4,0.5,1.79,1.3333333399999994,0.8571428571428571,1,11.428571425714285
1,1,1,9238,1,1,133.1,1,19,37,9,9,130.0,0,0,0,0,0,1,20,0,0,6,10,5,13.4,0,0,6,9,5,11.4,0,10.8,1.4,1.74,-2.0,0.7142857142857143,1,9.571428571428571
1,1,2,9500,1,1,140.0,1,38,37,5,6,124.3,1,0,0,1,0,1,19,0,0,7,9,7,13.3125,0,0,8,8,8,15.6375,0,13.9,-0.3,0.79,2.3249999999999993,0.8888888888888888,0,11.6484375
1,1,2,9773,1,1,132.0,1,1,2,9,3,128.2,1,0,0,1,0,1,19,0,0,6,7,6,12.33333333,0,0,6,6,6,13.5,0,9.4,-0.8,-3.12,1.1666666699999997,0.8571428571428571,0,10.571428568571429
1,17,3,9773,1,1,135.0,1,1,19,5,7,135.0,0,0,0,1,0,0,18,0,0,6,6,6,13.5,0,0,6,6,6,13.33333333,0,12.4,0.5,1.79,-0.16666666999999968,0.8571428571428571,1,11.571428571428571
1,1,1,9238,1,1,143.0,1,19,1,9,9,144.4,1,0,0,1,0,0,20,0,0,6,7,6,13.5,0,0,6,6,6,13.0,0,10.8,1.4,1.74,-0.5,0.8571428571428571,1,11.571428571428571
1,17,2,9254,1,1,116.0,1,19,38,5,5,116.0,1,0,0,1,0,0,19,0,0,6,7,6,12.71428571,0,0,6,6,6,11.83333333,0,8.9,1.4,3.51,-0.8809523800000001,0.8571428571428571,1,10.897959179999999
1,43,1,9500,1,1,134.0,1,38,19,5,8,120.7,0,0,0,1,0,1,19,0,0,7,9,6,13.0,0,0,8,11,8,13.92727273,0,16.2,0.3,-0.92,0.9272727300000003,0.8888888888888888,0,9.75
1,39,1,9991,0,1,140.0,1,38,19,9,5,130.0,0,0,1,1,0,0,25,0,0,5,10,4,11.25,0,0,5,9,4,12.0,0,12.7,3.7,-1.7,0.75,0.6666666666666666,2,7.5
1,43,1,9670,1,1,134.0,1,1,38,4,4,120.7,0,0,1,0,0,0,19,0,0,6,13,3,10.66666667,0,0,6,6,4,12.25,0,15.5,2.8,-4.06,1.5833333300000003,0.5714285714285714,3,4.571428572857142
1,1,2,9147,1,1,113.0,1,38,38,9,5,107.4,1,0,0,1,1,0,20,0,0,5,12,3,10.5,0,0,5,10,4,11.25,0,12.4,0.5,1.79,0.75,0.6666666666666666,1,5.25
1,1,3,9238,1,1,133.1,1,1,1,9,9,100.0,1,0,0,1,1,0,22,0,0,6,6,4,11.25,0,0,6,7,3,11.0,0,8.9,1.4,3.51,-0.25,0.42857142857142855,1,6.428571428571428
1,43,1,9773,1,1,132.0,1,38,19,9,9,125.0,1,0,0,1,1,1,20,0,0,6,6,6,12.33333333,0,0,6,7,6,14.0,0,12.4,0.5,1.79,1.6666666699999997,0.8571428571428571,0,10.571428568571429
1,51,1,9085,1,1,125.0,1,1,1,9,4,120.0,0,0,0,1,0,0,22,0,0,6,8,6,14.83333333,0,0,6,10,5,13.83333333,0,11.1,0.6,2.02,-1.0,0.7142857142857143,1,12.714285711428571
1,1,3,9500,1,1,140.0,1,37,37,9,9,141.5,1,0,1,0,0,0,19,0,0,8,8,7,13.32714286,0,0,8,8,7,13.32714286,0,10.8,1.4,1.74,0.0,0.7777777777777778,3,10.365555557777778
1,17,1,9238,1,1,111.0,1,19,38,3,3,111.4,1,0,0,0,0,0,19,0,0,6,13,4,11.0,0,0,6,13,2,11.5,0,12.7,3.7,-1.7,0.5,0.2857142857142857,2,6.285714285714286
1,1,1,9670,1,1,121.0,1,37,37,5,9,116.5,1,0,0,1,0,0,23,0,0,5,7,3,11.33333333,0,0,5,5,4,11.25,0,7.6,2.6,0.32,-0.08333333000000032,0.6666666666666666,1,5.666666665
1,1,2,9500,1,1,123.0,1,19,19,7,7,120.8,1,0,0,1,0,0,19,0,0,8,11,7,12.54571429,0,0,8,11,7,12.54571429,0,10.8,1.4,1.74,0.0,0.7777777777777778,1,9.75777778111111
1,1,1,9773,1,1,134.0,1,37,19,9,10,141.4,1,0,0,1,0,0,19,0,0,6,12,3,13.0,0,0,6,13,2,14.0,0,9.4,-0.8,-3.12,1.0,0.2857142857142857,1,5.571428571428571
1,17,1,9147,1,1,131.0,1,1,37,3,7,120.2,0,0,0,1,0,0,19,0,0,5,10,5,13.28571429,0,0,5,8,5,13.0,0,12.7,3.7,-1.7,-0.2857142899999996,0.8333333333333334,1,11.071428575
1,1,1,9254,1,1,117.0,1,1,1,5,5,116.3,1,0,0,1,1,1,21,0,0,6,6,6,11.66666667,0,0,6,7,5,12.2,0,10.8,1.4,1.74,0.5333333299999996,0.7142857142857143,0,10.000000002857142
1,1,2,9991,0,1,143.0,1,5,1,4,4,131.5,0,0,0,1,1,0,19,0,0,5,11,4,11.0,0,0,5,8,4,12.25,0,15.5,2.8,-4.06,1.25,0.6666666666666666,1,7.333333333333333
1,17,2,9070,1,1,142.0,1,3,1,2,4,141.0,1,0,0,1,1,0,18,0,0,6,6,6,13.0,0,0,6,8,1,10.0,0,10.8,1.4,1.74,-3.0,0.14285714285714285,1,11.142857142857142
1,17,1,9070,1,1,132.0,1,37,38,9,7,138.0,0,0,0,1,1,1,18,0,0,6,6,6,13.66666667,0,0,6,6,6,12.0,0,12.4,0.5,1.79,-1.6666666699999997,0.8571428571428571,0,11.714285717142856
1,1,1,9500,1,1,131.0,1,1,19,9,9,127.0,0,0,0,1,1,1,19,0,0,8,8,7,12.51428571,0,0,8,8,7,12.51428571,0,12.7,3.7,-1.7,0.0,0.7777777777777778,0,9.733333329999999
1,17,2,9085,1,1,123.0,1,3,19,2,9,118.9,0,0,0,1,1,0,18,0,0,5,5,3,14.0,0,0,5,7,3,12.66666667,0,7.6,2.6,0.32,-1.3333333300000003,0.5,1,7.0
1,1,1,9254,1,1,131.0,1,37,19,9,9,134.5,1,0,0,1,1,0,25,0,0,6,8,6,13.16666667,0,0,6,8,5,12.6,0,7.6,2.6,0.32,-0.56666667,0.7142857142857143,1,11.285714288571429
1,1,3,9773,1,1,123.0,1,1,1,4,7,125.1,1,0,1,1,1,1,18,0,0,6,6,6,14.33333333,0,0,6,6,6,15.33333333,0,11.1,0.6,2.02,1.0,0.8571428571428571,1,12.285714282857143
1,18,2,9147,1,1,140.0,1,37,37,5,9,124.3,1,0,0,1,1,0,20,0,0,5,7,4,10.75,0,0,5,12,3,10.57142857,0,10.8,1.4,1.74,-0.17857142999999986,0.5,1,7.166666666666666
1,39,2,9556,1,1,130.0,1,37,19,9,8,110.0,0,0,0,1,1,1,24,0,0,7,13,6,10.85714286,0,0,7,7,7,11.85714286,0,12.7,3.7,-1.7,1.0,0.875,0,8.142857145
1,1,1,9238,1,1,141.0,1,19,1,7,3,128.8,1,0,0,1,1,0,18,0,0,6,10,5,11.6,0,0,6,6,6,11.16666667,0,10.8,1.4,1.74,-0.43333332999999996,0.8571428571428571,1,8.285714285714286
1,1,1,9773,1,1,130.0,1,38,37,9,6,133.9,0,0,0,1,1,1,19,0,0,6,8,5,14.0,0,0,6,8,6,13.0,0,10.8,1.4,1.74,-1.0,0.8571428571428571,0,10.0
1,17,1,9147,1,1,120.0,1,38,38,9,8,118.3,0,0,0,1,1,0,18,0,0,5,13,1,10.0,0,0,5,5,1,10.0,0,12.7,3.7,-1.7,0.0,0.16666666666666666,1,1.6666666666666665
1,1,1,9254,1,1,125.0,1,1,3,4,1,121.9,1,0,0,1,1,0,18,0,0,6,15,3,11.66666667,0,0,6,14,2,12.5,0,10.8,1.4,1.74,0.8333333300000003,0.2857142857142857,1,5.000000001428571
1,17,1,9670,1,1,118.0,1,1,19,4,8,118.7,0,0,0,1,1,1,19,0,0,6,7,6,12.0,0,0,6,6,6,14.0,0,12.4,0.5,1.79,2.0,0.8571428571428571,0,10.285714285714285
1,17,1,9773,1,1,136.0,1,19,38,9,9,121.7,1,0,0,1,1,1,19,0,0,6,9,5,12.4,0,0,6,6,6,13.16666667,0,12.7,3.7,-1.7,0.7666666699999993,0.8571428571428571,0,8.857142857142858
1,1,1,9500,1,1,141.0,1,19,19,7,9,139.8,0,0,0,1,0,1,19,0,0,8,8,7,14.4,0,0,8,8,7,14.4,0,12.7,3.7,-1.7,0.0,0.7777777777777778,0,11.200000000000001
1,17,1,9238,1,1,120.0,1,37,1,9,5,113.4,1,0,0,1,0,1,20,0,0,6,10,5,11.85714286,0,0,6,8,6,11.66666667,0,12.7,3.7,-1.7,-0.19047619000000005,0.8571428571428571,0,8.469387757142858
1,1,1,9238,1,1,131.0,1,37,1,9,9,135.9,1,0,0,1,0,0,18,0,0,6,8,5,13.2,0,0,6,6,6,11.33333333,0,9.4,-0.8,-3.12,-1.866666669999999,0.8571428571428571,1,9.428571428571429
1,1,2,9238,1,1,147.0,1,19,38,9,8,135.8,1,0,0,1,0,1,19,0,0,6,8,6,12.71428571,0,0,6,12,5,11.0,0,13.9,-0.3,0.79,-1.7142857100000004,0.7142857142857143,0,10.897959179999999
1,1,1,9254,1,1,138.0,1,38,19,9,10,133.1,0,0,0,1,0,0,18,0,0,6,6,6,12.5,0,0,6,6,6,12.66666667,0,15.5,2.8,-4.06,0.16666666999999968,0.8571428571428571,1,10.714285714285714
1,1,1,9147,1,1,123.0,1,1,1,4,6,118.8,1,0,0,1,0,0,21,0,0,5,9,3,10.66666667,0,0,5,13,2,12.5,0,7.6,2.6,0.32,1.8333333300000003,0.3333333333333333,1,5.333333335
1,1,2,9773,1,1,129.0,1,37,37,9,7,117.1,1,0,0,1,0,0,20,0,0,6,12,1,17.0,0,0,6,12,1,17.0,0,9.4,-0.8,-3.12,0.0,0.14285714285714285,1,2.4285714285714284
1,1,1,9670,1,1,131.0,1,37,37,9,6,127.2,0,0,0,1,0,1,18,0,0,5,7,3,12.66666667,0,0,5,5,4,12.5,0,9.4,-0.8,-3.12,-0.16666666999999968,0.6666666666666666,0,6.333333335
1,17,2,9500,1,1,145.0,1,19,37,5,9,130.5,1,0,0,1,0,0,18,0,0,8,8,7,14.24,0,0,8,8,7,14.24,0,10.8,1.4,1.74,0.0,0.7777777777777778,1,11.075555555555557
1,39,1,9670,1,1,120.0,1,34,34,0,0,104.0,1,0,0,1,0,0,24,0,0,5,10,3,13.0,0,0,5,11,3,11.33333333,0,7.6,2.6,0.32,-1.6666666699999997,0.5,1,6.5
1,17,2,9500,1,1,140.0,1,1,1,5,10,128.5,1,0,0,1,0,0,18,0,0,7,9,5,14.06,0,0,7,9,6,12.57142857,0,12.4,0.5,1.79,-1.4885714300000004,0.75,1,8.7875
1,1,1,9773,1,1,140.0,1,1,19,5,10,141.1,1,0,0,1,0,0,18,0,0,6,6,6,12.83333333,0,0,6,6,6,13.33333333,0,9.4,-0.8,-3.12,0.5,0.8571428571428571,1,10.999999997142856
1,1,1,9500,1,1,127.0,1,3,1,2,9,119.3,1,0,0,1,0,0,20,0,0,7,7,7,14.10571429,0,0,8,8,8,13.6625,0,11.1,0.6,2.02,-0.44321429000000023,0.8888888888888888,1,12.34250000375
1,1,3,9070,1,1,150.0,1,1,1,4,8,131.5,1,0,0,1,0,0,20,0,0,6,6,6,12.5,0,0,6,6,6,12.83333333,0,7.6,2.6,0.32,0.3333333300000003,0.8571428571428571,1,10.714285714285714
1,43,1,9254,1,1,134.0,1,37,37,9,9,133.3,1,0,1,1,0,0,19,0,0,6,13,2,11.5,0,0,6,13,1,11.0,0,7.6,2.6,0.32,-0.5,0.14285714285714285,2,3.2857142857142856
1,17,1,9500,1,1,145.0,1,3,3,2,3,141.8,0,0,0,1,0,0,19,0,0,8,8,8,13.3475,0,0,8,8,8,13.3475,0,9.4,-0.8,-3.12,0.0,0.8888888888888888,1,11.864444444444445
1,17,1,9238,1,1,132.0,1,37,37,9,9,123.6,1,0,0,1,0,0,18,0,0,6,9,4,11.5,0,0,6,10,4,10.75,0,7.6,2.6,0.32,-0.75,0.5714285714285714,1,6.571428571428571
1,1,1,9670,1,1,127.0,1,3,19,3,9,127.0,1,0,0,1,1,0,18,0,0,6,9,6,13.57142857,0,0,6,11,4,14.0,0,12.4,0.5,1.79,0.42857142999999986,0.5714285714285714,1,11.632653059999999
1,17,1,9085,1,1,134.0,1,19,19,1,1,120.4,1,0,0,1,1,0,18,0,0,6,10,6,14.7,0,0,6,10,6,12.0,0,16.2,0.3,-0.92,-2.6999999999999993,0.8571428571428571,1,12.599999999999998
1,1,1,9500,1,1,136.0,1,2,2,3,3,120.0,1,0,0,1,1,0,18,0,0,7,8,6,11.83333333,0,0,7,8,6,11.83333333,0,7.6,2.6,0.32,0.0,0.75,1,8.8749999975
1,1,1,9238,1,1,124.0,1,37,37,7,9,121.2,0,0,0,1,0,0,19,0,0,6,12,2,13.0,0,0,6,9,6,10.83333333,0,7.6,2.6,0.32,-2.1666666699999997,0.8571428571428571,1,3.714285714285714
1,39,1,9991,0,1,110.0,1,37,37,7,7,133.9,0,0,0,1,0,0,30,0,0,5,7,5,11.4,0,0,5,6,5,13.66666667,0,10.8,1.4,1.74,2.2666666699999993,0.8333333333333334,1,9.5
1,1,1,9500,1,1,131.0,1,1,1,9,9,122.0,0,0,0,1,0,0,19,0,0,8,8,7,15.0,0,0,8,8,7,15.0,0,12.7,3.7,-1.7,0.0,0.7777777777777778,1,11.666666666666666
1,17,1,9670,1,1,118.0,1,37,38,8,7,115.2,1,0,0,1,0,1,21,0,0,5,7,3,12.33333333,0,0,5,5,2,12.5,0,7.6,2.6,0.32,0.16666666999999968,0.3333333333333333,0,6.166666665
1,39,1,9085,1,1,150.0,1,38,38,9,9,132.0,1,0,0,1,0,0,24,0,0,5,6,5,12.0,0,0,5,5,5,13.0,0,10.8,1.4,1.74,1.0,0.8333333333333334,1,10.0
1,1,1,9147,1,1,151.0,1,37,1,4,10,138.4,0,0,0,1,0,0,18,0,0,5,6,4,11.25,0,0,5,8,5,11.0,0,10.8,1.4,1.74,-0.25,0.8333333333333334,1,7.5
1,39,1,9991,0,1,120.0,1,38,38,5,7,146.2,0,0,0,1,0,0,27,0,0,5,10,3,12.33333333,0,0,5,10,3,10.66666667,0,11.1,0.6,2.02,-1.6666666600000006,0.5,1,6.166666665
1,1,2,9773,1,1,131.0,1,19,37,9,10,121.9,1,0,0,1,0,1,18,0,0,6,7,6,12.66666667,0,0,6,6,6,13.33333333,0,11.1,0.6,2.02,0.6666666600000006,0.8571428571428571,0,10.85714286
1,1,1,9254,1,1,152.0,1,37,19,9,9,137.0,1,0,0,1,0,1,22,0,0,6,9,6,13.875,0,0,6,6,6,14.33333333,0,9.4,-0.8,-3.12,0.4583333300000003,0.8571428571428571,0,11.892857142857142
1,17,3,9500,1,1,137.0,1,1,1,4,10,124.8,1,0,0,1,1,1,19,0,0,7,11,6,12.4125,0,0,8,12,7,11.2625,0,15.5,2.8,-4.06,-1.1500000000000004,0.7777777777777778,0,9.309375
1,1,1,9070,1,1,145.0,1,1,38,5,7,127.5,1,0,0,1,1,0,20,0,0,6,6,4,12.0,0,0,6,8,2,11.33333333,0,10.8,1.4,1.74,-0.6666666699999997,0.2857142857142857,1,6.857142857142857
1,1,1,9773,1,1,138.0,1,1,19,4,4,131.7,1,0,0,1,1,0,18,0,0,6,6,6,12.83333333,0,0,6,7,6,13.28571429,0,15.5,2.8,-4.06,0.4523809599999993,0.8571428571428571,1,10.999999997142856
1,1,1,9070,1,1,132.0,1,1,1,9,9,133.8,1,0,0,1,0,1,20,0,0,6,6,6,13.83333333,0,0,6,6,6,13.5,0,16.2,0.3,-0.92,-0.3333333300000003,0.8571428571428571,0,11.857142854285714
1,1,1,9500,1,1,154.0,1,37,37,9,9,149.5,1,0,0,1,0,1,30,0,0,7,8,7,14.9125,0,0,8,9,1,13.5,0,13.9,-0.3,0.79,-1.4124999999999996,0.1111111111111111,0,13.0484375
