PC1,PC2,PC3,PC4,PC5,PC6,PC7,PC8,PC9,PC10
0.920385930666199,3.873613896199178,-3.0787558846256107,-0.8613719785583185,1.5397598838340525,0.21748167419897513,1.1001735709431661,-0.5677222714365414,0.3867143136830398,0.6057197896842541
-0.1336968697836454,0.2556409210626055,0.5113371713765925,0.5529858643751885,0.27336886806188626,-0.6972799025610293,-2.068841739926839,-0.11228351106327346,-0.29011492165727853,-0.02376742569880743
3.7093432317773414,-1.1450880233757785,2.3114657555074687,-0.6266129978412976,0.4333124760390807,1.093591706442024,1.2585817635265342,-0.3687246066371136,-1.0582527515978664,-0.4419037241165775
-4.116654655185743,3.350745698173883,-0.23330146395911724,1.2814877600857086,4.648501963654739,-1.2028500018804062,3.13978469718571,1.7195473987654413,0.6658947622296268,1.3822102158600742
0.9239036530640994,-0.29986264805856755,-0.8364538209928591,-0.13409542278828615,0.5211629292420064,-0.21970463657179704,1.257247240431671,1.5701822978643867,-0.92101913912396,-0.023998071358574298
2.921332982783245,-1.4562169205817843,2.570646764968069,0.23667091884163993,0.866720804468588,0.4792864252534542,0.018688368644558154,-0.36864829411237443,-0.5689693998217735,-0.43981155204656286
-0.015140601368447268,-2.4656376496587042,-2.5509909870902776,0.015258648645444196,0.5437453748365987,1.779860830830405,-0.5773871003164072,-0.7730663520402272,0.5292996534173989,0.8460316792679557
-5.029106896844847,-0.6023146796678286,1.1488379140211566,0.7964632305861538,1.2829736493379396,2.622945443221181,-0.7960430822334975,1.1448731574617568,1.7484722978923821,0.4793135292362663
3.0158569044033,2.0250421195280324,1.4990116972367429,0.25907788816331045,-0.4234233970440561,0.49878707901512814,0.614555862553887,0.5205326468327425,-2.0277828699190024,-1.1421505843805588
1.1780310539684606,0.3003309656932352,1.2411593239813856,0.03087489083514849,0.21789906541427065,-0.054709280966011256,1.3934588038343523,1.1601144150465188,-1.7426286793594226,0.13110607811446218
1.5725561406889106,1.1855042307636106,0.8076584016872801,0.23526695860340263,-0.1307207486937307,-0.8454210833022412,0.8280660207522791,1.2178614469307276,0.49814299687366054,-0.06558717257315794
-1.4877576144429436,-0.9661826031265357,-0.00017214383068496925,-0.3193982256107061,3.983877538538012,2.2524902432409277,0.2152850677390309,-0.16139215124473785,0.550447455209083,1.655043676919776
-0.1396180386548627,-0.6601799778338023,1.3116453808110102,0.33220513910025634,-0.5836959827572267,-1.6900541839255623,1.4979907777417532,0.271076599871038,-0.6917775017772546,-1.2246700441906673
-0.45412812974733524,-0.8132466611254278,-1.6175562171227789,-0.14340317315723047,-0.21402841401326578,-0.12923907020007042,1.3254342956635141,-1.1073737407212645,-1.0594825114351243,-0.7751410603684757
0.8675976218446205,1.8562159191100283,0.7685693836346672,0.7039457034981693,-1.3898645433810541,-0.6294148662870764,0.7354902538784155,-0.06018646189999208,-0.6223404268572852,-1.1284211960933204
-4.485748803396799,1.8439141718294718,-2.721238752865584,0.024905490223073846,1.45378002983247,0.7108964741914968,3.181075427229328,1.9291077695383874,0.6737993545982182,0.593964253092053
-1.7924312860258522,0.4510650469807459,-1.0214431937456188,-6.754951419599116,-3.0369282830582924,-3.2070041811550674,-2.080297674161251,1.7563489496663451,-1.31548853275383,0.7896975674346308
0.9311146392616694,0.22011278757291317,-3.9853827882761,0.5469309229491433,-0.47123491678196705,-1.3219919514953853,0.14494503291676428,1.5027193968271062,0.2777909005123825,-0.9661057071764673
-1.632946441791397,1.750250716905267,-0.7616353383472925,-0.6445635398512829,1.3294786351904682,-2.4745893828518923,1.5019923169011367,0.231514679558786,-0.5660297325517841,1.0999347505386712
0.08900892840687097,-0.9319116187211348,-0.6664049592352603,0.7519748107290445,0.6251276747407979,-0.9037284144316133,0.843047215759404,1.3724981412148656,-0.13436291049611504,-0.6228007317718459
0.7320990700950961,-2.9207608940739322,0.35674870661645014,-1.2310791103190384,0.4302113616202334,1.0252703936219305,1.200047286822674,-0.78914491681046,-0.8017043987280916,-0.4543891848993511
1.3252001049188142,-1.6745680334084498,-0.3872480719302339,-2.1464525823445966,-1.2020052145190399,-2.2331095773595724,0.5222667232376456,-0.6408713173607203,1.6157561156487061,-0.17487017259238366
0.9633983688899106,-1.2005252552819303,3.199856415951127,0.8024395802468917,0.5098528279135981,0.8284167034922516,-0.35762661284939967,0.47580758874325485,0.6169655369718668,1.0087939868236033
-1.9234086827929355,-0.5601164642789125,1.3025074552772677,1.0693882861389488,-0.3167857828499243,1.5257518949558422,-2.3119460389398427,-1.8425197009151772,1.3804740382872236,1.7685299262930703
-3.361302280733271,-1.244288036843304,1.8740578271190067,-6.000484848499726,-1.5816562552177755,-2.649712130379429,-2.8694823657328965,1.4229468860821106,-1.5219167594633762,1.4663258100761032
2.5158716006193216,1.8912073232847995,1.9983355703067236,0.38759884274206075,-0.23375516612906116,0.8965945370130632,0.7647547486954862,-0.13995358290847615,-1.536291635778945,-0.8394077869979383
4.334652255827585,0.3998387668262752,1.285070152594424,-0.9909836279409373,2.193199707098829,-0.1266834572738373,-0.5216236762131725,0.9391634917215231,0.7057893434653029,-0.7876411283914434
1.16162170117984,0.5540801763231749,2.5647404648837155,0.5868763237444773,0.40480645022512823,-0.4716930311077363,0.21384718324988577,-1.36408787735229,-0.1247304267435989,-0.30406545692772247
-3.7159339223962173,1.2849146239112892,-1.3644613152211227,1.4638808286044667,-0.8474615424221923,1.331006802481957,-0.8863654689706041,-0.30489534576413946,1.0244229160158922,-0.479703984665149
-1.3979547128905079,-0.07109607019617958,0.7609297238566975,-3.011621800313323,-0.3200696053776988,-0.23014450559868269,-0.8840924788475549,-1.59599629841968,0.43400460646942707,-2.26066212225929
1.9583251726028563,1.1535703387967613,1.2655230976650889,-2.4569101413413987,-0.3600590802863499,-0.8234722687936865,1.1903509529704364,1.2945092180697202,0.6396857335393707,-0.8307500296151125
-1.027520481589154,-1.0573901066680405,0.26519090489449076,0.11452022871829134,1.9613268657325034,0.7753071334444261,-0.9226661899648207,1.052134102990655,0.2959820248650229,-0.7461236064717974
-5.2033322772267185,0.6683695716148603,-0.5516930844909108,2.0774584502393703,1.382668069257721,-1.0125875592722389,0.7085231443760401,-0.171354676170569,-0.8493807649327232,-0.29718767873813345
-2.6322756757014827,0.2982451788631584,-1.375281744523927,-0.3185625730740816,-1.0478394171220502,1.0141998930680323,0.19152698799823947,-1.385382356178172,-0.8377181038383308,-1.513316475783569
-2.390866761341908,-1.130279042306291,0.10592215429418936,-0.9562908701051429,-3.6275135339509523,-2.085117418010685,0.480679512173791,-0.553293427059053,-0.5126752006195534,1.1159055842656238
-1.295733636469682,1.307017365349384,2.974894265262747,0.942301551444101,-0.6767503149286243,-0.18540386199232603,0.32835229327419085,1.0782557248911382,-0.6510507525894932,0.022316590018754443
1.9741943886521336,-0.5172160011297884,-1.2616135969643567,-0.5548444981636416,1.1553371801531729,0.15003743090924299,1.2209540017694327,0.9410653236123566,0.195998451601849,-0.620840857530735
-3.1547112979562257,-1.8025048601602398,-0.714934100654129,2.260178940248734,-0.6228612449713021,0.5717957531794695,-1.5868754575287225,-0.9085063241720309,1.96777027590313,1.1043313682354814
0.1404875157329001,-1.272248621889131,-2.974446589189954,-0.13686949960906342,1.068834340799039,0.10959547061461852,-0.04267609220649938,-0.39489357298054883,0.024854317216636543,-0.7619791988536712
1.7343088688315704,0.3777272281614792,-1.9058239456371622,0.28412470917520033,1.3529946293987534,1.668845894294982,-1.2585917892421663,1.4770662695455214,-1.297484888453999,1.0492621215903144
0.14417288070259113,-0.2230630345411718,2.5447981332755893,-1.1217311878208394,-0.5767838532317909,-2.4404104836522356,1.049361144688136,0.44394974427685047,0.34150038218082585,-0.5411919800157938
-3.513098425487016,-2.4981558284892857,1.9455533464010646,-0.08673632299898854,0.6701543939134001,3.074274112153981,0.03994600657746482,1.7567900264100873,1.2565024164499021,1.2094246629697083
-4.875803705271945,0.08963506302000908,0.19049118243082952,0.7994704910875171,-1.6695894195071093,0.16351639857917558,0.9292759740522331,0.10990802572351052,0.6539839132967994,0.3572942633802675
-0.10004273069862457,-0.04015724883429873,-3.228560406850615,0.28076222242728305,-1.1201359016673984,-0.7879828757305054,1.9853745043792537,0.5325231448131326,-0.5128104422784472,-0.18282109345134614
-4.551915949673481,1.2450404196024234,1.2559052030566495,1.0028975586443925,-0.8069630634501608,2.1274265341282,-0.121956690917009,1.0435749862385868,1.0186281634342391,0.6723857551692773
0.8827114020665685,-3.4247048325235765,-1.6345823367539989,-1.4681904133936603,0.00751197444601016,-0.4826441763531359,1.3400443931086952,-0.0529242397910761,-0.9662760653882813,0.5815775644891534
-0.03912706416643817,0.9923858552395386,2.2076873656312226,0.3069492763738515,0.4282630859646975,1.909118798262371,-0.5459265194264931,-2.192137276789866,0.667430472911544,-1.3650225674985086
0.9746377749147466,-1.6024212924892662,-0.4008768725565545,-0.4535887694321056,0.40020385096939304,1.7106726545507567,-0.09369832309247032,0.8491019061956387,-0.5640362196866185,1.8262970440732573
1.118148049134424,0.4263594087757545,-1.382048328380079,1.4815439384284959,-0.37971618718850775,-0.893790041619398,-0.07256015744792867,0.7531414459025119,-0.5661877600443648,-0.22032579350582707
3.1009594351932113,-0.3339349011249437,1.518806233573648,1.607295743661356,-0.1494913704203895,-0.01032767893247864,0.057043336400332295,0.3108251466600851,0.2584063530023895,0.9093045681712454
0.6351584356791167,-1.918013829114409,-0.9145857442221448,0.4432762512801565,1.53343097926689,-0.8400450640178921,-0.20793229379413322,0.9415134488599693,-0.59515176083586,-1.647915929808447
-2.4238916505228643,1.4447603003219114,0.008577687096750596,0.3262923068494085,2.906092590820638,-3.185667781027257,2.743834035108742,-1.7496863584348592,-0.6357033061434966,2.519651842074724
-2.378777737448644,-0.6703408322787106,-1.6118737720503287,0.6546161721351038,-0.4394014543086761,-0.859982961674788,-1.5325456410080625,0.08379264276125045,-1.2918651016980833,-0.3396495536472212
1.0721600991452014,-0.08748936563563586,1.6427592864514629,1.4332827176882519,-1.4372601128400875,-1.0737856681714069,-0.11091747240414193,-0.31191742180771054,0.7135849129327071,0.9546134393901816
0.9389216327323254,-2.0290754596722858,-0.5108074340828725,1.7859300794578274,-0.5349338090507455,-0.4982433709994465,0.17838183215735534,-0.6710201947272064,-0.5580883015496164,0.7854929782657921
3.1880961181063125,-0.2465582991856696,2.8641237196957836,0.6694706563523466,0.4250795670381381,1.7253655379526402,-1.1436788819869097,-1.6701653550664217,-0.8443675391918839,0.08981736451865101
-2.9493345058100426,-1.18961676792698,1.0846579966828545,1.0035513357716557,0.5627865497617558,-0.5936508639170499,-0.10952204261211264,0.9502322358405014,0.6463674075030865,-1.0899365846810116
-0.18137216577121032,0.5511793318732301,-1.5350691116410418,-0.234968409515916,-0.7211472965822558,0.47173263627966067,2.121909895057982,-0.1301226643251419,0.7824036278602281,-0.055908926302785114
2.592983419867252,-0.5436587104169402,0.9311632565219058,-0.5046782319998822,-0.1268519125346335,-0.12529020667987184,0.7738898567742476,0.2550238611688411,1.445633303670768,0.9758379832531129
-0.5917619088063616,-0.7283124619094357,-2.6201436629254564,-0.08248632928915359,-0.3272040278303667,-0.16279721321743776,1.2235314552017285,0.6598468018691874,-0.5671294567142348,-0.8181067383001893
-2.2716748091486836,-0.7029153396843031,1.4511967757141595,0.08094306996756248,1.0790357450998584,1.0274837191216457,-1.8125462463330666,-0.0870274456894039,-0.26348090895421195,0.8297345925580513
0.3880049921068673,-1.3018915268735114,-0.4631090726415914,-0.20105243105776496,2.3829375001035533,0.38600659083175615,-2.1504664539711937,0.10143653138508334,-0.5764887071014911,-0.2958424554576443
-4.295435914797408,1.0467296742213774,1.8820569404023095,0.7522163446592716,-1.0463756804012325,-0.2582044929861069,-2.9807127802419404,-1.0174106712661686,0.7789747104726638,0.8141517760722892
-1.0467621563203175,-0.5565027678689181,0.2586970996178995,-0.5397324214935775,1.273269403509922,0.756611428198314,-1.1163428937470223,0.7987698897297931,-0.37424720291300245,0.17198566995270423
-0.3938453098152276,-3.954514125310472,-1.5602732624208873,-0.4894550307399682,-0.12198698136876161,-0.40114533689887194,2.034945898829501,-0.5552528348895828,-0.40133364418815826,0.520232768114549
0.9522425525214495,-1.7569884916048504,0.2845646814388537,0.4831510609636048,-0.2553791640682892,0.8674440651291988,-0.18006963959595082,-1.2845293480632916,-0.8948471168600113,-0.16394292407690478
-1.2873104170580039,-0.8708326684681722,0.8155540144250135,1.7028111206982066,0.10752728193382928,-0.21737692080107393,0.20329951777200403,0.6203642466970332,-1.0824092075296958,-0.33450881005979133
0.618873356971878,1.5638320146213167,-1.1113540725914501,0.41932185995180854,-1.0464092663528262,-0.6145203758286739,-0.13262917152873058,0.13900006979609397,-0.45677183527443194,0.375609201226089
2.2518606636195484,-0.9582381938585828,3.3522849584242906,0.25726339941021686,0.22832455923347234,0.9891293696302252,0.39734573593629574,-1.2461190948191088,-0.4956490683455565,-0.25507154686486844
3.903403218610427,0.6662487165516964,1.4425391493875244,-0.11283146040446779,1.1078097383328058,0.22782744493787738,0.373189691790732,-0.2196392616787738,-1.5911252420893331,-1.7572289621236032
0.3137392508573851,0.39895610325238223,-3.0946619036020317,-0.14713898303939554,-0.763091637932164,-0.855443234401326,-0.7034943967686318,0.36753211290466975,-1.26933549737977,-0.2783615069324825
1.4174236038728556,-1.4976135756967626,0.7047496225020565,-1.7084566885705803,-0.8627660625596926,0.5091044724193892,0.8929825765831804,-1.3898923321611858,-1.8412710061929993,0.229653986084628
-2.115431883033852,0.07326198755758767,1.3168394804656303,1.0701258674827805,-0.14762669300393147,0.060177565665653486,-0.14827095661654519,-0.6443306246151572,0.7282998589012939,0.13582926443820229
-4.588311347604874,0.6671303883444459,2.554888966574036,0.07055464580221744,-0.7300404108591966,0.8600653818850661,-0.21933067920840496,-0.4215227182641702,1.6144258148066712,-0.3495053434942539
2.1395614878932445,0.31234476700434344,2.7592274567635386,-0.9054238759254971,-0.04840857647850281,-0.8059667698391814,0.8643681230324533,-0.16454520597520222,-1.9299522870643895,-1.651360267425151
0.17799940250166355,0.486254268218153,0.16920629045751484,0.6012566825419075,0.3104023742385001,0.08284899613808083,-0.9525047438567452,1.2558746187506338,-0.6242577452819547,-0.07021913300395939
-2.1959897806944477,1.0170107889143911,-0.5283795409888776,-0.09712972333974307,5.139793356428492,-3.7243013791496393,2.172839326205789,0.054295815682091464,-1.2838110212694012,0.5056419039873278
-1.4420133883427977,-4.2090435880274,-1.114907411629281,0.10080612442479008,0.5823554840656333,0.09934839754217989,0.6749474149960213,1.5436916808680565,-1.2982559985823918,0.27077560905318276
-1.7892472949443952,0.14385336680797642,1.3544523594353488,-2.0961220305044823,-0.336412635641016,-1.9471774388835537,-2.483441711119317,-0.02371482201833398,0.8353991160495193,-0.7863404439332503
-5.875274066777093,2.6199645724945495,-1.030792416169088,1.2272193121628225,3.490822006074276,-1.7102910688932722,1.9589523290329054,-0.4951794969070105,-1.1073682398862932,1.4552393002098474
1.8287875303920778,-1.0939632027930137,0.2560221317022793,1.2252287405821438,0.43549585642148364,0.5347965655937529,-1.5383398704648936,0.9728915709604427,-0.46705276260082473,0.43890241906803706
0.9217480173436778,-2.373963731875374,-0.07081355730275789,-0.6701473723504661,-0.7580864784465112,-1.0868905620702822,1.4535800292137588,-1.1640813078374752,0.3579014059086571,0.5059345412666456
2.1081029207470636,0.9643090472328311,0.5351674375024944,-0.24341999302713446,-0.08369589539729037,-0.8304119168525892,1.2751049953468847,1.873088113830058,-0.41657193480657984,0.3625963568453257
-1.6070172815332016,-1.9874870968100515,2.3517123949922816,0.3367073832447256,-0.7502768760157041,0.6616553489605213,1.2249489685508115,-1.4683485918478738,0.6461493109502492,0.7082197045302524
-2.836001040932634,0.20633981359732406,-0.08203690855739276,1.918208555973613,-0.07443165294554474,1.3616100020421598,-0.8560276742921904,1.243844017647162,-0.43218724884522963,0.039184256969213294
2.5008714747760368,-0.05368378220504301,2.1142180859108466,0.21931442136578966,2.0292752368359928,0.9527194783540364,-0.4925266032861503,0.6060791063741655,-1.3625298000695638,-1.1282357659963833
0.34666825870408063,0.39595277742271967,-0.5047157125084197,1.071223243204814,-0.11783371838243484,-0.8626343253189895,0.4950558009000138,-0.865183233365512,0.9068560247016267,-0.8568940231107934
2.6673414597367935,-0.2777342970439957,2.2871192683925763,1.2192453638764218,0.03952758579099294,0.9785080565994357,-0.5628816546316799,-0.04741611510208308,-1.2312497670229072,-0.025738866423598177
1.856631059937215,-2.3528303426896886,0.375141776792265,-0.9922348048046978,1.4914955989848573,1.1825281248255946,-0.06629974158309897,0.5608541733299901,0.2811849695853859,0.5214880853758392
2.7041405882119602,0.779976899408302,-1.3513432887654846,-1.1480516393054352,-1.3256215955227226,0.27424160702207845,0.44672815493030715,-0.24985569235273453,2.3504334770569706,0.5593471770315807
-0.5369307215317443,1.4786124605831024,-0.27574574469765656,-0.8159493710245459,-1.6293982789089902,-1.1462553057953246,-0.7105277327444247,0.6281958170132024,-0.6174360316615105,0.12427183159550396
-0.7147629103281724,-1.5126433360270466,-1.6879156722797553,1.0626395003119427,-1.9580297958279633,-0.846292153003158,0.47723497614066673,-1.1805698158114133,0.04382900864116552,0.6577380883473575
-1.3595988504631413,-2.7127501049360925,-1.434159106356331,-0.7683633439253669,0.5218936127076612,2.243310888568104,0.43451884248804684,-0.8142581678076141,0.9074895361537848,0.9747446492305142
-3.4323846301342082,1.1497627157826547,0.7625554334759005,3.470382112878172,-1.2245741914328496,0.8687452106378161,0.40686801218876567,1.6346399902872306,-0.38666480112742196,0.23937138362554264
1.2466637302652885,0.4647722301001581,1.3361974515406025,-1.1674928496516153,-0.6524103019781996,0.38764721009536085,-1.1827317391197623,-0.7461877320515715,2.3221636099717653,1.4489575410866549
2.7416877520191396,0.3062526207733965,1.5948093859734578,-0.14131607873753566,-1.0742727410136566,0.20594619799947464,1.1688449695218486,0.3102840938175784,0.47194613821223225,0.6979048738115259
1.2388696583103795,-1.3031021648012155,-1.133468609183648,-0.33799766860510094,-0.9407566172656329,-0.13227428864521754,1.612663071743354,-0.20857971095113,0.5521490719259684,0.9395362130255417
0.3028745341137431,1.1939334267435484,5.669986355822306,1.0090735800541784,-1.691533249315583,0.27567285879511483,-0.2765517024894544,-0.4965276124290428,1.1572074303748254,0.08908167328212213
-0.7198617332182411,0.45258146496205365,-0.3535571389018648,1.0394545383607603,0.3755789651273119,1.8467005978602606,-0.2457595771992238,0.1403407580433195,-1.120142001315858,-0.9189089938621614
0.21149332990273328,0.984693718532415,-3.08111514397177,0.0389613388983542,-1.2082166535566283,0.3592484921853866,0.11502550141499372,0.04926559122263724,-1.8564515533210026,0.8496632685525057
-0.662823680062578,-2.101659851201326,1.5132373195180044,-0.9963934477286397,-0.976111379478653,1.155763816858508,2.0345534815804025,-1.277328718014151,-1.1112304619123,-0.101278600477814
1.1708505263870534,-2.7899095273900842,-0.9971814567620385,-2.047221430683484,0.8548922227418533,0.819431501278081,0.674093803763515,0.2573926621126158,0.7263030771183455,0.513600438234764
1.4829488312986447,-0.8149112104612565,-0.6447601460542226,-1.0275563829652719,-0.27404064683692236,1.6478769698563283,0.06768877897862412,-0.22097975082058768,-0.35901580035031866,2.001725698206652
0.19091368238325282,-2.0114080901118867,2.1971311198685313,-0.5977595481249706,-1.0906553929087548,1.164063544309925,1.635061999746567,-0.9637445954298469,-1.2435823013619833,3.944868968478559
0.7616356712828587,1.753881193711645,0.6896384541530117,2.666741395392187,-0.7467352107392551,-0.5952407991831824,-1.3808056004866105,-0.1772729223393069,-0.6521834632346664,0.5064891022919102
0.07106325797293235,-2.6130136119874634,-1.983628475625468,1.1442878122973605,-1.3350007741252319,-1.3453847435323645,1.4110095019598883,0.47694186964897206,-0.7710358379328247,0.05653058598616182
2.726197751120296,-0.8537815569056009,2.0097093153126546,1.5222882270948843,0.15429625760321908,-0.9517815373989432,-1.1950540688266884,0.5768775638057086,0.3475242199850819,0.4396876780440374
-1.12798182086428,-0.62899282551293,-0.04740816920022289,1.9126835401457614,0.00956477536896447,-1.1606813917129448,-0.17407317427151334,1.1916993747135887,-0.3096271185921311,-0.5676950933662441
0.8879325669136843,-0.8873489307780361,0.7961717893737693,0.6937321993229882,-0.1302754035225035,0.28602606068630554,0.6161161578391916,0.7131726387979449,1.3756216109197075,0.9872174509275018
-0.2930201521707705,-1.6059058542531635,-0.5947078536433403,1.377230115172672,1.0419187935380894,-0.3244221591463685,-0.2921665800891486,0.059044912762332424,-0.8713023681038657,-0.8161770183833245
2.4559207159838015,-2.1483681296093353,-1.4841736003919395,1.1965309883219841,1.1454707861150921,-0.7018070232289101,-2.9642869547164525,-0.770301658716321,0.11366513833589448,0.8863493689692797
-1.2973318427441285,0.9134455903773011,-2.7724040525722877,0.5595794257024203,-1.028182557037852,0.21852497475638866,-0.5568711837204359,-0.9324036331777624,0.6342987277980242,0.6004875304403906
0.037735062175364036,-2.077974859325049,-0.39506934813028555,0.8713567110925566,0.7220528498105595,-1.9225402850587887,0.048824328870491915,0.300005978358502,-1.040158270143425,-1.7142662807155202
-0.3555789286757361,-1.467287680817382,0.1486479461620924,1.4187741754932757,-1.2020850058212127,-0.4814383022827409,1.4048830055959463,-0.09570333442365282,0.5357187024913275,0.6626207440088654
-0.3295507959645383,-2.2690125201087525,1.693435109870309,-1.1929298631362109,0.10746615653442047,1.9498704256122699,0.6928805950844915,-2.0993312469837573,-0.6665911720458422,0.008888190545623856
1.2915558009500516,1.6072263608901303,-2.00631030058041,0.36919091809982757,-0.8411450586611207,-0.003857450571085786,0.7685937434591149,0.05407254176998388,0.21844670910315503,-0.08677950237784578
0.6610756571166179,-0.6140211383343559,-1.180217939044316,-0.09561389089466055,0.4998613582719306,-0.6915964017027029,0.215853024003399,-1.0109364840373563,-0.06361590732901688,-0.3045192650901915
-2.062157315681237,2.0931227811265716,-0.175086564656776,1.3322237505174834,-0.20516642577924823,3.263876255448474,-1.1980935841373315,1.2902700921859096,-0.5062285142268713,1.7947279405217305
0.47931918679481633,-2.9902339063041588,0.8231774925076947,-0.645260559149169,1.1258519596575463,1.7573774897015513,0.2614302717912225,0.9485712527556527,-1.9401732838520378,0.26118181298442117
1.4022926833686695,-2.8455498170374,-0.6213998376843041,0.09444584512380902,0.979380087143406,0.01858008562508353,-0.03051008218960458,-0.6964142693490801,1.0290875549836762,-0.08268918656306612
-6.562026641410149,-0.3175658732876765,0.19751391636238136,1.8211050134250095,2.256699383398433,-0.5933341720970892,2.644875094962923,2.522926741030817,-0.4123691071805926,-0.20950496083062176
-0.9179318212401951,0.2768580951589279,-1.080140752793949,0.4120429765846174,-0.7207370565770961,-0.7104728961668142,-0.20674039478505063,-1.4893149617258494,0.9641250108221264,-0.4514528881257896
2.2517661775542637,1.332667237342752,-1.4848781324676064,-1.8715909499916763,-0.08418381866093019,1.4570042442987732,1.872814477979267,0.29520969908473194,0.22760212513560385,-0.12269736949700054
3.832332700200382,1.642404068718185,0.18957526529760543,0.5078776364866502,0.33785073190040543,-0.26665359266028005,0.6791980450951453,1.8835170603341291,-0.3767275950464087,-0.13169273222069103
-3.232331882227928,0.26482706993664107,1.9330287297156403,-0.8303708785672352,-0.7761394179047714,0.01325095000290741,-1.009743015725268,-0.1654415983725317,-1.0993245184523581,-0.40919871507691835
3.840942389734734,0.11936304125494064,0.23944935461863967,-0.5439515411491992,-0.12581943377835222,0.6870240884339198,0.5805470712561742,0.0011075209622073833,0.9225791744389557,1.3581946518754875
2.808853094029984,0.3617669235478517,2.4320790999490303,0.18048610116062044,-0.7148808955860394,0.8009551629653247,0.10534854980358437,-1.1226684678791712,-0.40906722946819635,-0.331378002469113
0.9545307869090206,-1.4388418262310128,-0.3529961606905638,-0.6626533935861145,-1.100161023819209,-0.10438307075947828,0.8116401508482194,-2.448278696772101,0.4635389730021722,0.2231298727046599
0.17910701771777535,0.3232409001677399,0.20349384968953382,-0.38092454430748757,-0.9986646839540081,0.11546551246372547,1.3351044858258965,-1.9054820956557303,-1.4177418878186876,-1.4594042653079473
2.835676591905697,3.854502208284483,1.0122748856361314,-0.8665672417581058,-1.2959844374851144,-0.20805516277140587,-1.2562156121733266,1.199461207333694,0.7038254765821351,0.2779313402262607
-2.144813738285147,-1.9210272882270267,-0.07275595543070665,1.2826915600240791,0.5785658871604225,1.6086634288119455,-0.6538464414519289,0.6442147215942042,2.265350811263625,0.8092353191623086
2.184204329388612,-2.0817482075345937,-0.6223656875598454,0.3468155861787162,0.054377034412996954,-1.520390280789883,-0.9162477365320838,-0.8104557583803802,-0.11279231640293685,0.6405098489631763
-0.09972835523939369,1.480457485554977,-0.5757286086134843,1.742409199437831,-1.3126714647447817,-0.0691018398137225,0.9573293904619672,0.5309412233451662,-0.16962428423721473,0.30739482758499187
-0.964186431735888,-4.064415564787532,-1.1077041632480924,0.8575267735966052,-0.1019636889616489,-1.3724824132644935,0.06345029446495126,-0.6903244124275982,-0.2092331330108732,-0.3926395414677109
5.012266393271079,0.6275072372631486,1.1003483123699453,-2.2846576437224306,0.37590580805653134,3.1019756231397064,1.7296674645478658,0.1807868143727606,-0.1439145753469363,0.1913703487807766
-5.030394404535229,2.8464415315092384,-1.7202043291785702,-1.371984361720551,3.617956175559715,-1.7121314328871622,0.043865410344833274,-2.73245211331242,-1.4428960534005515,2.421779623716664
-2.5528164336592907,-0.361867742283826,0.3850545018951881,1.6067692596245853,-0.2943352174376322,-0.5322291812423908,-0.20467208488638422,0.47957009050960026,-0.6977932421638577,0.2569944054494588
0.5509484503538291,4.139482943100787,-2.065628555717327,-2.957972421983885,0.4188200658034131,-2.0118368420743464,0.5021059245893229,0.16606197544135762,1.3123381260497315,0.3127367596901689
-4.029024421008751,0.6954458329754366,1.2690977438089253,0.7714748343740232,-0.38938368196106277,1.1205547137632148,-1.802736141520512,2.1294273898658655,-0.26969268128051277,0.5668081562449365
-0.20501679497514166,-2.0681694487436957,-2.347857921587699,0.08365604169371472,-1.1429251665685265,0.1909102612654686,1.0454196229621227,-0.37048852632500434,-0.1917570182822638,1.097155090114587
2.1270470050097408,0.815743690037529,-4.79680106252655,-1.4237173528968068,0.37775971600065683,1.2950347861843294,0.9511425680451013,0.7513960867719676,0.8711234782987829,0.05323807963714848
4.081449764947416,0.6468585241756607,1.3391058386878503,0.30957329384732574,-0.6054262571771811,0.46438286113276395,0.8165481257522451,-0.38681932311098344,0.5567044681132968,0.5918059279417393
3.209891136502546,1.4204238335863322,0.10087954018236274,-0.9352888595061541,0.8464676035559131,0.421611080757935,0.46491188620337515,1.609058982585273,0.6562213661871233,0.17776040772127052
0.29671581887451104,-1.9572771413655556,0.49812999095207516,0.32069093425667744,-0.6755965915464671,-0.19662976226876416,1.5012763007128627,-0.6067065078291817,0.7801695600778691,0.8918127927258125
0.6566328977420378,0.647461433103742,3.3372746257853403,-2.5538214043815044,1.3649257240229515,2.9472189075913713,1.2403884796008187,1.2159822707685384,-0.35728100202391144,-0.5563241965935095
3.6626380045369316,3.378493210386418,-0.16580460049740817,-1.1231560949340296,-0.3501422778273161,1.926758591322165,0.687739165209138,-0.019528109718435795,-0.0027322398292673705,0.8230770003353759
-1.9210482582135722,-0.21241418780289903,0.9932085716085237,1.3082719580740485,-0.3115416445173083,0.16449085121218812,1.6493877014614289,0.007100659683418733,-0.5068299601022959,-0.5200662585462678
-1.34578726636689,2.286179357998426,-0.19672241787970282,0.08921852898673964,1.799031854855055,-0.25064138174404693,1.5877074422313437,-1.9946325333509383,-0.1255034925008617,1.2456093162748951
-0.7169033794024776,1.0245205175925403,-0.20549911276812746,1.0815892704403975,-0.3315415315840825,0.7041612525662694,-1.262472884638215,-0.2974810956458361,-0.9823924088720214,1.095918490946012
-0.2683790607263054,-0.0284774225719097,1.9027068319893696,1.124901393139866,0.4315164878270027,-0.7443396376686139,0.003927667058307192,1.2942492833397088,-0.19461875053852953,0.5324554072738221
-0.012752816661256933,-1.4997315868120276,0.08611593799333131,1.023462663429447,-0.013122298273418147,-2.8158555596331296,0.8007665899062141,0.12486210460753264,-0.3326144108475324,-1.3492664097510527
1.4643728476816444,-2.2018606963729264,-0.2736811713469702,0.17586104579220438,0.11542286263280142,0.4925459499193923,1.3059353905658608,0.6499302091251193,0.07603297778198558,0.3984717488763055
-0.5518956602843553,0.09648462297840746,0.23928165892690778,-0.013125710191626467,-0.9214482939674917,-1.2586985637432093,1.4815521107062768,-0.9003646984735852,0.32485571223131987,-0.2515022116022137
1.214689758391586,0.4700249647424191,-0.8884608091268487,0.033822504132382164,0.744708247472416,0.6737173396934119,-1.1260162412909789,-0.1989893669751501,-0.7557845436032453,0.5893143255012682
-2.2107822656122282,-0.9993028906356526,0.6119880699010094,-0.09923320864254799,0.29458602304275167,-0.16676145020837888,-0.8730657707533047,-1.0663404641069685,-0.8712099046127285,-1.7424908624162858
1.6002217694772711,-1.2120722519917093,-0.5092368566992521,-1.8628480881086902,-0.8989884801372634,-1.460637613021539,-0.3236627591786858,-0.9649832142969662,0.7302869021156316,0.9307508006815245
2.144954916090617,1.2417552676378625,-2.1842076973151316,0.24236814624922687,-0.323228473127602,-0.6364286382181786,1.1628914213692023,1.4750653625751342,0.9621705987999489,-0.938501148448886
-4.740770557030932,0.6937196994687251,1.594576448587801,-0.6279908192354845,4.1154567955101715,1.355129487332923,-1.1842126441969165,-1.1634226490525448,0.7170943546994174,1.5968485761542752
2.10502706765373,-0.9014730952678877,1.5023160875638923,-0.5898782092794863,-0.22141957158602255,0.7445772897126588,0.366780662974394,-1.734554969325646,1.0173521907349932,-1.5293757606310319
-3.7948226751391534,-1.3150589829037278,-1.5760819535003707,-0.23782278864435538,-0.2935043344754943,1.1736009205098688,0.4039527171036102,0.8354891900026526,-0.7013281829419186,0.0032644850909722286
2.7360602331396158,0.26598953832957073,-0.7334370398764509,-2.596201167572152,-0.8100305899138414,2.7065815890657703,1.0343978332797035,-0.5223041696492718,-1.3105712132234513,0.9492059178560998
4.768555058809837,1.438665015048306,-0.6357152211880878,0.2540147277323219,-0.4898751721055884,1.0943820996798093,0.23433888178154136,0.6376972139199188,1.0681759070979528,1.3680944208673573
0.8461264545364521,2.0067271465021697,-0.03041977827702382,1.4535832829505555,0.5042575088871197,-2.415351922796872,0.7366517108010723,0.8010819423827777,-0.06576497698748492,2.1952791304352637
-4.54888267882834,-1.1133214807516567,1.9394974886406937,0.546237282103117,0.8919936977359562,1.8390721811350665,0.039595829044334556,1.16711290190006,0.7145295364886224,-0.103837999947278
1.6348479052113218,-0.636461158012594,0.33736590470951533,-0.7288111013132074,-1.528586559557448,0.2920218333919655,0.4329734603985777,-2.0309211988091667,-2.1379168607044474,0.32516206196525227
-0.5460429209785493,0.5838569139662579,-0.8729409290166976,0.5966546856994005,-0.5324212939651486,0.3999756890694146,-0.4501492503922203,0.38767876055772205,-0.6257238562250765,-0.08128389353093123
1.1975304616417803,-0.9888175733822598,-0.8082896806025676,-1.4220517448162278,2.290646519156214,0.7600751538515438,-1.4725957451788307,0.05882513358331338,-0.3828342660621058,0.008004864254030809
-0.6323326018097534,1.502841843949415,0.9871887228905223,-0.7518204561266737,-0.8954807175864912,0.8931258922745205,-0.9359161033590406,-0.8891149724002022,-1.6256997103381625,-0.36462898895073
-1.4561429568094335,2.422091579515171,3.6524979668071746,-2.588201166277541,-1.5154958239380827,1.3370773924686365,1.2104337251630584,1.9657198807982477,1.3114734109362616,4.796533141959336
-5.855980102333503,0.02680257867213626,-0.9695945129007759,0.6976434583101695,1.5629181249846795,-1.18594062892188,2.395717852172459,1.0257158245070808,-0.7029219906459119,-0.10662711526241636
-1.8181906281404019,0.6727527639358823,-0.08056381997060459,0.3159810885992688,2.369312241139528,-2.230540801862387,1.5133971871944036,1.2046743228410464,-1.2723692688576351,0.030242452315834483
-4.475822989982082,-1.1448882026426317,2.2000052054173835,0.5953566855336183,0.933049429288424,1.1483223441919923,-0.3528008380563293,1.141573341747796,1.2427161704617045,-0.06438071610325301
-3.2208333840567547,-1.9545201496236588,2.124450054926118,0.6968904140128949,1.4682814100517156,0.19235906338866784,-1.2665131168183517,1.0873786105293348,0.0055277199263168595,3.702192116681494
-0.42230119981404796,-1.25377962369631,-0.6995627378949341,-0.4380932987630837,0.7448355315581505,-0.570970819202203,1.3628301590251486,0.29710021243638746,0.20626308251759332,-0.4847275809138578
3.0472771173061566,1.0154496981176477,0.99500701165621,-0.39138659969663636,1.5089500754390872,-0.2052193533298208,-0.8738895661813955,1.597550565933231,0.9798630424248023,-0.6182115396828566
1.7263242412809348,1.7258981654380763,-1.0943287512861442,-1.32401566791232,-0.9311159725714383,0.9860231631074372,0.9671475028309608,-1.1634636350652805,-1.0429201046374392,-1.1173471178724306
3.7376725700674482,-0.35532445051728634,1.2156268070077638,1.2336329072560428,0.45184419664591263,-0.268189734133355,-0.5248666782875916,0.6128828747742343,0.7472631408083577,0.37015620312011954
1.880633968269899,1.2192726617933383,1.4491887178581524,1.8440982912794313,-0.702694382621102,-1.454816780238715,1.3583587302157172,1.9002183964289323,-0.9616764655549526,-0.2719928759410203
0.7980867838456667,-2.0566349876569094,-0.7577940148976642,0.6798463249169916,-0.009477679849153287,-0.38514957065999067,-0.3695980283611374,-0.3292316419501365,1.0561375338589811,0.7834311248747609
0.8027087601333841,1.271010885908371,0.8309063763913664,0.22009283622841216,0.35266127883798315,1.6140288933052451,-0.852742766688474,-3.2035586199747264,0.34836974146759575,-1.4354516597032676
-2.6099569195793193,-0.731458420480292,1.8128270155063546,0.0654810392337942,0.2925697013207463,-0.23575354587265798,-1.0902405161536726,-0.4857620468076502,-1.4577530508656065,-1.0265603513478352
2.968954302902959,0.7653182014251584,0.5750717735856662,0.45517135453794005,-1.3826821635968807,-0.20635207205864045,0.740125238058993,-0.03784998610782028,0.8149708487880838,1.3848801838695084
1.714241617114777,-0.02418659612000143,-0.5090723182250461,-1.5548026079333677,1.8932620148837356,1.1766930689687052,-0.6302948865538064,1.6008932653882681,0.11548029072314432,-0.3228055989803271
-5.034567264409492,-0.6683488073008268,0.0023717375789421968,1.4632155691910569,-0.2987607722450921,0.1029285026452459,-0.6635960881198232,0.03989075997902826,0.8896433331405109,-0.4035477768359853
-1.4459929573903498,-0.6490247499225127,0.9191219516346577,-0.32475972414106224,-0.4547977714676054,-1.4917663385101543,2.231266863210525,2.448696241766778,0.10860865057897597,-0.32426083572041886
2.4621341952581526,-2.195163494949052,2.4152368645307316,1.7036273253539442,1.2386160259951555,-0.5827438700043432,-0.9467426502681842,0.4630131980644185,-0.15479177751135542,0.39016622430686115
0.26285758981391116,-2.905176203737173,-1.7853560963797082,0.6052738629158746,-0.245228003005726,-1.1051077408634717,-0.6851563914810396,-1.6083075550420924,0.413867172298014,0.004389900211346565
1.3619593888667592,0.8939502844693021,-0.3902917704460699,-0.5939898057782008,-0.19399656282533592,0.9414227640052817,0.45161428739057635,-0.25495842754732984,-2.2939690968293944,-0.7404621671774486
-1.292556818482914,-1.2932535962509832,0.4323507989959286,0.3296175423252869,-1.8347345353946583,-0.39477182811997574,0.21921557098146635,-1.4502584508257887,0.5203229373161302,1.2745536370463355
1.9870159218596446,-0.8159684471392995,-0.34703923863641223,-0.5187595502355715,-0.6550018559198338,0.5587365940864888,-0.18943453485450665,-1.5580655137931232,-0.8639037883066216,0.16229595587022197
-5.75071789578303,0.757351799745986,0.3669333683287944,-0.16620782823078886,1.72494144464838,0.640880344880366,0.7920376028873779,-0.48537274547718046,-0.9979186906737323,-0.2766274835988937
-2.5506799063485857,0.31005141511169865,-1.8439747951212533,0.4806533612230714,-1.872998992328371,-0.29954885872613474,0.027832850683180376,-0.2696308448249455,-1.9735163142391388,0.926198219829652
1.7365533405785647,-1.9214118577974784,-0.9505350542321517,0.5527146036237013,-0.5429630640610279,-1.052476652996599,1.0507642189180206,0.14527232500801107,0.17317837769645164,0.11644878367309222
4.05466982517624,1.8791391011496537,0.2344343465778147,0.2300365196217911,-2.3678049159049253,-0.38828822898185084,1.9026639040204396,0.6472715355283932,0.6641472236283947,1.2164551839881128
3.0678461264679653,1.2125543401766805,1.519521824312305,0.29884068475773806,0.2873042749429819,0.8504499323071988,0.9001089356620989,0.33995087557866926,-2.2153577856169266,-0.9999694157332923
0.29886586705485396,0.11798154627761229,-0.45820158065129124,1.1845050598589348,0.23031961693029612,-1.4226339252960187,-1.1179110542817154,0.07866479344221868,-0.21270874397653228,0.05274802463221115
0.03873392944063562,-1.9620743411108634,0.273112836420129,1.9144670451726447,-0.508521162763571,-0.7373421801233595,-0.295745271885774,-0.26368942273426405,0.47671843777574296,0.3229959892412188
2.427531046846234,0.7597231018959822,1.5748464631977355,0.18875184378629248,0.8405489275774353,-1.6395514882183262,-0.9278504401380779,1.1337888954390491,0.8110034839384075,-1.0427324737579111
3.193155887190437,1.2323472937837232,1.5366860599894596,0.5426762978142917,0.41282414358250247,0.3393033259163636,-0.16263285292765983,-0.614810147559408,-1.882174879198673,-1.3102919449709933
-1.2543206567801588,-1.6581354024271677,-1.686346570946862,1.178382712532298,1.000512756159077,0.4646641088689935,-0.7693788366827911,-0.3429545714544323,-0.9680129928473696,-0.2681389166073996
-0.7886755268974496,0.05188298233679524,1.1318626041922786,-2.6791314104323263,0.4890473359268446,0.1721197218638324,-1.7758343268536356,-1.1089662741317168,-0.39651726190814685,-0.8289461596314087
1.2704882100989474,-1.5894959071745873,0.8611920682038553,-0.9894612049829278,-1.044579150889416,-0.6942002832517102,1.2510564758344187,-0.9812247676044241,-0.626710470850609,0.7559861047548257
1.9175284723701977,2.007007876505104,-4.550567924857958,-1.245606709099883,0.33840427327984846,3.318269015184194,-1.0510687903223548,-0.7368619249559859,-0.46824177551097707,-0.6008437300962557
-2.2956037810862244,1.996256635000874,0.8697178908803515,-0.14957870106959714,-1.5484882518812455,2.703541821191686,0.9659020048958503,-0.7877307392593864,-1.1877918005309493,0.06153177974928235
-2.43229126057718,1.3031644820732597,1.6902853174362982,-0.7920814682752642,-0.8195646990845367,2.8072809262710297,1.0506876840259516,-0.9563854249631958,-0.6501098773180446,-0.2145284842146078
3.1730349793019417,-0.8520993243981638,1.7238382136792645,0.7338196735266332,0.6202440061164205,-0.34476226883022887,-1.0538444209240814,0.7122456585655969,0.6865854543696358,0.5597059538594084
0.9922745216179297,-2.1199380336721334,-0.2814545069026336,-0.4862323680854903,-0.5199583640329853,-0.5614868881206677,0.8146281009984496,-1.7555503493105016,0.5336412630276508,0.7920544733893968
-0.46238568294917015,-0.44322243907701375,0.7415554613674701,-1.503257486017841,0.636721643260631,-0.31421240002622886,0.5138277055234872,1.205763109316274,0.6184723944445684,-0.049801572412210844
1.786509184449302,-0.21775948847032092,-0.34307740340696574,0.1454247823327195,1.806795739380932,0.20545825409767735,-1.1364559341315497,1.4881037696680235,-0.3613308313725361,-0.8407252073394907
-1.696027573346985,-0.2613560481976877,-1.7616467968078482,0.803214306795697,-1.1580436174194493,-0.8560879740478508,0.05737944926661572,1.4256990709129747,-1.9062610944265568,-0.19766562953389147
0.5538807677662335,2.2108848905018674,2.7980926141361544,0.9042329384534094,-2.206190494768749,-0.41642180771863624,2.6033564811565566,0.8398597100041639,-0.6504851901396406,4.349792556099665
1.608549341142867,2.1178533909285564,1.2517915055785187,0.2803827361951091,-1.4659829113830856,-0.4028004364692114,2.4795534164595447,1.6467363843008407,-0.4712543940052078,0.5709964556213537
0.6792162530039519,-1.5239461195893331,-0.28115595232666385,-0.5894995392810776,-0.4528910441050443,-0.2879351508869479,-0.22302091239638722,-0.7077289395332496,0.14369666211090742,1.416928153229654
4.101455492229991,-1.1222625206980228,2.2155218790484086,-0.2065718045582971,0.6443361207141852,0.2973601669195889,-0.7822484662389706,-1.0103514074097129,-1.0278133107996266,-0.8280868958914741
1.910723246228748,-1.4208449430991144,2.1713301683628385,1.6804543079596819,-0.37209206195741606,-0.8225686607713798,0.5642701163006297,1.1645652981577277,-0.46419597018617664,0.6886098890629132
1.48726515083167,0.0662768714367482,-1.241601396283103,-0.6408854536985731,0.5031915737774256,-0.986700523761587,-0.9387720463454063,-1.0124196488627768,0.10966014317119438,-0.07596092335028404
-0.24745043388691554,1.621635230922117,2.511615485747098,1.5200327800930373,-1.6893090303029998,-0.46244439254042374,2.0772975693054225,2.545379366878882,-0.866278428731736,5.056716641887637
-1.3319708183514314,1.0585371071650733,-0.060576138652008386,1.3706202231501818,-0.8074715080387838,0.1463906258869447,0.29137162710488396,0.8736022448887278,0.7113194266003267,0.35855024314662665
-0.18804108870965372,-0.9749273192884046,0.03249633727654443,-0.665725758038589,-0.2960729850286631,-0.7213492014963463,2.1072936348101194,-0.8646861993914967,-0.6672622494584265,-0.7966532519379753
2.7724007937095863,0.3491927376021798,2.0580377111082386,-0.7332158089511666,1.016276591590583,-0.7161146459509566,-0.016737574235836876,0.245173381057645,0.07489575615734707,-0.2960683333096383
0.7753470539300858,-1.6732706456643438,-0.8093893862465882,0.13528078287383144,1.3456828129162157,-1.2423579748477624,0.9000771340331619,1.8172298062040104,-0.0010166567909710763,-1.143958380704212
1.7269255160532324,-0.2508340481134425,3.9907600553281113,1.2434077341332448,0.3698862985240778,1.8210058157093099,-0.4400613261102139,0.07566383676590387,-0.3878880688444215,0.22653525532158963
1.471747942380219,0.39169597920185406,-0.931197062124425,0.24362704867320628,0.24508021409580266,0.6885960742341115,-0.043917863419609016,0.8084382078822635,-2.9445170831962844,-0.5559033735977484
-2.919263465709171,0.6528463996666856,-1.1407091701669498,-1.4707199994423663,-1.701171911435072,-1.3391551178250631,-2.5799509299569716,0.5770205846050157,-0.2768671251093196,-0.3560938875106959
-1.9474310875891012,1.1476891657356656,0.2666280879214338,0.3883020092457734,-0.17553237947075712,0.18537056856590667,-2.187304770532507,0.4809679348885207,0.28018068068193813,0.5425927464820338
-2.843056732741861,-1.661744168781735,2.1753076213515827,0.43351228134068703,0.9136443953694595,-1.2707249163210346,-2.6402846703150513,0.29010591800592817,-0.5460065094047081,-0.5350384572443098
-1.628609467702743,4.144576990652257,-0.9850190421188066,0.21560526951296843,1.457446799764295,2.2179656572964883,0.5124299975870772,-2.121162150690648,0.27801016212200774,0.6111334229510681
-3.8414534737555215,-2.1569172150868394,1.0625421258698597,-0.5486815318273152,-1.2013017419091743,1.7953115270459512,0.8460270442819119,-1.1862112128065643,0.5802790435121479,-0.8552501629532852
1.44569587004346,2.570517044158529,0.718349943816008,1.8261927504984725,-0.5535271713398224,0.6022468295475558,-0.6497424979664047,1.122482234197775,-0.4260981513024139,-0.0189640401168181
-3.443559060434989,1.7002443959138311,0.320367131591846,-3.9664363902647284,-3.6498573098676745,-2.012933076844169,-3.0213009848615577,1.025235847497441,-1.286995146394153,1.7476636598800794
-1.5166184541426313,0.9590546180200106,0.29386852376151695,-0.93044751293942,-2.1498982405515963,0.33171845941590217,1.9000328455994173,-0.5735276912686497,-1.7467396229871182,-1.669366383607693
-0.9134765608547365,-0.28326120934070004,-0.27500711013993195,1.0027684107200021,0.044323448087170085,-0.8728076040262903,-1.9827886842809392,-0.43660622038613667,-1.043802389378003,-0.5339032603440679
2.6344201444132187,2.8777482457440335,1.2273459269481883,-4.004372631343196,-1.0289319409036268,-0.6537178138396901,0.01849636185154571,0.28272175026845375,1.8379907940349776,-1.32167977018564
-4.118910686142885,-0.8293414900030625,-0.6747242992308333,0.437148614770222,-0.863241894725629,0.07294340308094012,1.7159045359350868,1.3477977724371624,0.08222861684131066,-1.5618133947244226
4.81533761797831,2.2458025149305008,-0.34974376025724396,-1.27243480498475,-1.1331523868897566,2.000314009590211,0.6935524282688706,-1.3164244168320944,1.1986559063151887,0.7291808749040242
-0.09251648031489407,-2.126459898116574,-2.2506844056858686,0.9775684520093803,-0.556122151250027,-0.7508532476010671,-0.43566780502601055,-0.9751939487829654,1.3295771206332216,-0.485635868731947
-3.4633181113045173,-0.5299692822591664,-0.3091421693025607,-0.2718777985609671,-1.1401286529294583,1.6163447509625541,1.7293635944869252,-1.085471854723886,-2.133855139389852,-1.6941451964782335
-2.1509094874257046,1.9044650602619582,-0.35551946777989046,-1.6245008310893552,2.3137035680149487,-0.6600160184583631,1.82276256509295,1.4713183087315245,0.6033085057871316,-0.14681664768144279
-1.1690660984413346,-0.8174712170866308,-1.237194155950383,0.48717619766684755,0.0783123717666178,-0.8020800679159948,-1.2545208081528718,-2.5151785769893995,0.7610865536258139,-1.1401839412126147
-4.186663277674288,-0.08405347383999613,-0.7922434449390275,0.7214753828532775,-1.0144425030002087,0.375297242052155,0.7253364741350561,0.9909915239255846,0.6945878091676315,-0.9431473132154768
1.8710178641794544,1.5273564461925333,2.185955243268012,-0.7463456297156598,-0.8224234886038538,-2.4766094281413267,-0.7304964070099795,-0.23411802718064634,0.7004726008613475,-1.4864304117120406
-6.759172431804398,0.42803988073636556,0.43804600382344383,-5.275547850511153,-2.9674432992985196,-0.14182475482137738,-1.6177516096367894,3.0426281779828237,-1.207995013710527,2.153825414466501
0.34886869732425174,-0.9538947108219105,-1.5804211408316549,0.2770042589010737,1.4485759660052724,-0.3655461410644863,-0.155661365729628,0.4113016334029936,1.4869908763079691,-1.4747497023579104
0.46897413378864755,1.0507837956762742,-1.0499774008349787,-2.7885774651785917,-1.2347358618046644,-2.721448214491576,-0.6165337941500396,1.1145210702318016,1.617575221978221,-1.4462489948446462
-2.3762912521120723,3.137742623966343,1.097344911225508,-1.3935320735746175,-3.045235371136071,-0.30879731864124266,-0.4262860099818079,-2.0177034902403026,2.4252991576845346,-1.0988214757809032
2.7567267715056354,1.7144148783170279,1.1390948422720495,-0.8742889928401262,0.672343455561193,1.4143282368380656,0.21240329881913814,0.1355121394237664,-0.7270866128069301,-1.464972394409042
1.5665412327315886,0.6475836571177019,-1.860428696537198,-0.12718395226415583,0.8394456564991489,-0.5796775743654635,-1.8105893126174764,0.05579741984215637,0.8785701745345943,0.18332499546906705
-1.6487403338520978,-1.714877918539875,-0.6481954835050525,-0.3116446259886452,1.4072826645737235,1.3313416030392,1.2672807194855864,0.6617042879378268,0.5344823682445711,-0.1913331947032301
1.7911180641218845,-0.2804481477983358,-3.334384639806674,-0.870159556962745,-1.3555374204083355,1.991865116164328,1.2597936307577504,-0.9078079927337097,-0.6812949251200644,0.06380145376230091
1.3162798381871652,-2.487240903433365,1.1073131477603912,-0.6536685885651115,0.0352055266393316,-0.16643867165469434,-0.3792069689509286,-2.087701123620669,-1.9095102375435349,-0.3388364146982317
-2.241613858459563,-0.6907522621481732,1.7314388268139858,2.1291248293025955,1.339220337148587,0.77963342167315,-1.1294070459215004,1.628648632711451,0.5864108648944878,-0.8449420855009623
1.2878632662730862,0.6490580781379103,-0.6805727816854251,1.4302059708221102,-0.013611829399869112,-1.1583346018337888,-0.2326207797993926,1.0133087415557118,-0.5195943390223935,-0.34533409164483186
-1.3663655812912954,1.627626601556593,2.2324700055768885,0.24317762224711162,-0.6098992923123351,1.5034404879521868,0.601140532867872,-0.634260901553394,0.30957783477064243,0.6644653395199134
-0.5067687931018129,1.153753587667641,-0.023687613465513194,-0.9111287528962148,0.5052664772583387,2.303549017628347,-0.7163602327887246,0.5216996980788974,-0.5437893113061288,-0.29812229568105714
-0.8253111599211862,1.1716747067646025,-0.5963549996759099,-0.5096118420490172,1.9459129388875107,-2.5774729726948253,1.7756953002200864,-0.4188750770992981,0.6869488685519465,-0.5780771752055055
-4.0396216398676135,0.9190800280890399,1.7046462954897774,0.32646582044016303,1.4886372937523178,0.1631797848192474,-1.3415574151195107,-1.1380046113250564,0.8887388976400487,2.3939516859610346
0.8087585206821392,0.02368488307996364,-0.20079204503547715,-1.8894084971894964,0.08509144460996872,0.14979793281066978,1.1169249379959316,2.223514851151668,0.010811801548372172,4.443560508805281
3.8283835240133355,-0.019911023300003574,1.1059318801416296,-0.5076377318692392,-1.0115980589264788,-0.1092245710572309,2.9280574805630573,1.3994111419609234,0.5500771736244844,1.0438901734827737
-0.28556980672145404,-1.7804481863499253,1.5928712029610377,1.1809157034422975,0.12993369230776564,-0.14523339721506903,-1.898895978882102,1.031116964123296,-0.023289039126110245,0.350227115156879
-0.2666843647097815,2.1032455462621082,-1.1216052276475212,2.303123800008953,-1.7946029869989943,-0.8415464991386331,-0.7662607249585398,-1.3659486520523196,0.5263070184326586,0.026173685870290075
-2.0541057690577484,-0.3190769448865612,-0.6240214105306008,0.9698452121370881,-1.7001191044535908,-1.2121625270962832,1.819805246863015,1.004223786578655,-0.5643761782865991,-0.2625465407690687
2.3266505873064105,-1.6154302367973554,2.9218494761278038,0.3888820713764393,0.5707717237300457,0.11148558078258639,-0.05386689258123637,-0.520759956970722,-0.7736120124092178,-0.42327725650962933
2.6517939143384646,0.08791760102173488,2.2206808032666707,-1.2494416592464443,1.231933169282425,-0.34133203023223857,0.6942718768688521,0.5605009585066789,0.06136720036011791,-0.7742000463847843
2.1991202033926243,-0.7481671355967203,1.7164162004387684,0.8375909708314099,-0.2647106384143412,-0.39906377549945016,-0.21113975570874643,0.980180576430822,0.6784549929130836,1.013814258869056
0.9612054712837919,0.9386356206727962,-0.7538341003014309,0.40454478553750295,-0.529283212268142,-0.4001004818377165,-1.3234183122072918,-1.2649268418032467,-2.0785468370596023,-0.7576273438683766
-6.085293176113306,-0.00527678914843887,1.3069718040121427,2.3705440224944003,-1.1852084217751644,0.9807006807655668,-0.30193600706848583,-0.32501373170724174,0.9053761057594014,0.6383193484942691
4.0590154946294845,-0.6452215857293013,1.8998244006372262,-0.14773060405811175,0.5990715937245068,-0.035642410521716204,-0.4975702806818527,0.21129075805936173,0.71967579916906,0.5574030866473431
-0.9951974234112955,-0.41207951923218566,0.831935408899852,-0.44187336242947073,0.8994524641963517,0.9642396697004492,-1.4365735430846351,-0.665879543884316,-1.6828497402493476,-0.37090044104927694
2.3693500658353988,-0.19151102103549061,1.9663487365021157,2.017069480557852,0.24533298086590025,-2.900225617491198,0.027011177681134035,0.2786189815780818,-0.6697961347003782,-0.9006815002312738
1.2437387020777404,0.10225579532443425,-0.9937268208636026,0.8058180386176026,-0.44984139684661384,-1.9318835116506006,0.12152776433621472,0.9742448808542504,-1.1944608495918616,-0.044910755428918585
-0.9990717894470376,-1.304806900688538,1.2038074830843124,-0.1493800155767577,1.0542209594999123,0.2284660601715093,0.26108720775658656,1.698201904692538,-0.22474055071574156,4.372836544094266
1.50970335776781,-0.9850426048450431,3.5464096174880066,-2.347084750378319,-0.5149743985100356,-0.7824891907186385,-0.4005336352670413,-0.6465194381376321,0.33857250747996803,-0.5420120243093259
-1.3524748709739902,-0.21630832582454676,0.9704215656973196,1.6102259133771526,-0.2770640827547433,-0.9157304466890691,-0.17298087687544922,0.8960093934058811,-1.0522077926587585,0.08794125482133594
3.7381955655071883,0.1830881550110173,0.8723245642896909,-0.5710885867796005,-1.2287731057339755,-0.20293953370053697,2.7866130715698447,1.2787389795124968,0.41508261882861447,1.1010551412092153
1.4246848956912093,-2.4308341748113027,-0.5675202239852938,0.07389010958399278,1.131725239901671,-0.11213622375986405,-0.3091538090715259,1.095747753751625,0.9828286371805317,0.7247764279195072
-4.542647400546074,-0.5854936465742951,0.21511978549556343,-5.185547848616307,-2.572543707312214,-2.8554346530511268,-2.8445339159012186,2.2497845638936216,-2.1661395397020913,1.6353317576134103
-1.9359097573273645,1.6286030084882923,2.168600732344988,1.2540137794343447,-1.7889469656583499,1.1136259353832212,0.7781365971474855,-0.7996816827140133,-1.3568320130012934,-0.6243854385269411
1.187884976691991,0.5679878122953167,-0.7343189000233572,-0.4050058247423567,-2.013118852367442,1.1870033867942236,-0.35127078830568353,-1.5259204409360505,-1.6444511518798406,1.1930924100068352
-4.099254787526648,-2.5551516736905358,-0.9496306598647746,0.9724380980937906,0.7811537203708663,0.7536547667077614,1.0759453117632969,2.22191337069312,-0.9731078131710333,-0.8726150375365493
4.193587268526156,0.41659097918401194,1.2938252639795254,0.6948406397419274,2.0396959389138316,0.009664592919178535,-1.1116034507589767,1.1220042542400555,-0.41898362258375077,-0.49091742264983307
-3.411490135618107,-3.8451288130778494,-0.10220271401932433,0.5547020442181063,0.2499151020691312,1.3830244669283913,1.979381942214458,2.433830209205113,0.20803579449881268,0.15778244269326758
-4.582485372809738,0.8662299128415712,1.5042905635540784,0.8513450123313473,0.2354247750890099,2.2733288411087393,-0.9987519988918858,0.56469427218063,1.7254685016635356,-0.04332377781283315
-2.472619146932221,-0.3946384112584355,-1.6308990453553451,1.21429028036713,-1.1324593917331645,-0.6452388961596608,-0.9348100557104404,-0.6501072519788202,-1.876906511867757,0.64178101198414
2.753735455019976,2.3633487603940986,-1.9059463238545262,-0.9302551505542692,-0.36910735793122823,1.5370406743967333,1.2155173808440756,0.8228899450774089,0.22392341324193885,-0.2940660658676986
-2.893793673070591,0.23262353780292175,1.4358999612825059,0.6627891692145733,-0.27532523234874157,0.3723443243961344,-0.6042379902541238,0.1802573670768284,0.19556744259871975,0.7736061657135018
-4.599053890479658,0.7165214034581014,1.3953687059218698,0.5427648046625068,3.3252470968614842,0.7817576784798753,0.6280910192207678,-0.24755328324445922,0.3771617010211418,0.3304835454463328
-0.8941206279387868,0.5313800519697458,-0.06902527770571364,-1.5924788204532936,-0.43392917583262935,0.8482151246605303,0.6437071496355196,-0.4383860320557208,0.008456671517773837,-1.1980142622777166
2.962071508868779,1.6978283906216634,0.7181764335159793,0.4984559652579598,-0.1377696885591703,-0.7126447673896582,0.26655459234379475,0.9411277056186391,0.07584445731972494,-0.7892478731504844
-2.9279653152414027,2.4805423453483,0.019533336080319152,0.4536778822836713,5.266207929344152,-2.190367166418129,0.17547269622526138,-0.47436841155971277,-1.231605390450335,1.5667048967928525
1.607531465619461,-1.2517065022798204,-0.3006073258127054,-0.7304010775003618,1.0978831040729058,2.505196324874904,-1.9796185316321278,-2.8344339380628103,0.33542437265080893,-0.06097120514032658
-0.42870729031252913,0.38328365973601697,-0.22561436169297974,1.0272379747741829,-0.9857731231231036,-0.2551267604958953,0.7173798308130275,0.7909133384399762,-1.7199226448249973,-1.736323761003043
0.39522170198155443,-1.3552223470072142,-0.39742558225907676,1.0538614727704658,0.3307179443715658,-2.0115172281787546,1.0148240593435112,0.8103872803641385,-0.3420812327138286,-1.0826470827418666
-5.10868339356319,-1.5117378625118278,2.583300034546478,-1.040169631807816,1.9358680198512135,2.2061069222350804,-1.012075736305109,3.171926629691787,0.6240265598286009,0.3369613356202496
-0.9589729348254595,-0.5903275818320853,0.9488866806162978,-0.25844526156448755,0.644121533700907,1.3182008504480287,0.022468384328090563,-0.32451053355429976,-2.766318959584823,-0.6137147504286703
1.962670286639585,0.10720828951892236,1.6944062086484606,0.7014277758109673,0.6897215992127766,-1.0467383473641136,-0.19825309366879032,0.4898085453846082,-0.34351243182910285,-0.9690153384572305
-0.8158225925282971,0.6406078641505375,-0.013760935561755895,-1.278675623468108,-0.08098913808419805,1.5465857679647772,0.7895555777981893,-0.04758675532985359,-0.10299687336994125,-1.7201916362822376
-3.2021906064622434,2.7114480989731375,-1.9242544643785073,-0.18156315625408237,1.8190806299937943,2.001217351910386,1.8071423076106619,-0.27886331735292685,0.7247522270697419,0.5114734568152292
-2.955781116716456,2.0958289897421816,0.8144594727619796,-0.598652787379393,-1.9152155081574374,3.8105927446393855,1.6625135703596579,-0.008273900776574855,-1.5156676243985872,-0.11238221340630203
1.9937903943423232,3.112685640663306,0.297633194440033,0.39844362813876383,-0.8789638957836063,0.6245481073792418,0.21502612993666576,0.8221168546833099,0.3844341586734368,-0.041723505325356014
-0.7452572768543823,0.7604629101847623,0.9901064623839595,-1.3770271709621773,0.5151595390175888,0.8118897606641783,-1.1742881807368046,-0.7539439771113347,1.6530817782249965,-0.4237289094884705
-0.6304732980752586,1.2944096530541438,-0.22526763491216747,0.07126405122123723,-1.5422081273468622,-1.4827359136875802,-0.22046647373728315,-1.2104124854066103,1.3407433811476637,-1.1128300001997251
-1.6321724133235302,2.9567112724393683,-0.07095398582951351,-0.028072718867811076,-1.4448495930582645,1.396028371177605,-2.0316112632589434,-1.2513270952553635,1.2716243013800062,0.7731522427928045
-3.5858528907402145,1.2974093061427598,2.0379936136873296,-0.30067565005519964,3.882910146871213,-1.8797315325470967,2.46659009270345,-2.3817258872978604,0.943275309270196,2.049712043987924
-0.7066309326422109,0.7930374648470783,-0.42978276660542397,0.35919590617052577,-0.7515998420663521,-0.09302212021403104,0.23822545635306092,-0.7397034994658171,0.607918613824051,-0.6197460786229202
-1.1262151795356359,0.7548992606336221,0.256196073332114,1.1796920861929892,-1.3629755699413904,-2.0259696470212867,-0.6321830581131331,-0.00954916290241651,0.030578981676570277,-0.8512248991175092
0.8511323512313334,2.25001842178541,-2.9546425315696934,0.29966610553175177,-1.0363506510188385,0.19554476528902093,-1.0046332240968003,-0.8476975459872045,1.1193028787301125,-0.2150070133062844
0.6497018416307132,2.605214245676423,-0.4602807759062648,1.5198838562923656,-0.45390352444234916,0.906406136731087,-2.075708728728538,-0.12643191141603635,0.4709100810097187,0.1467060198214104
-4.448048289738072,0.8952373103223706,0.060674985960233234,-6.124512041143278,-2.584511504474406,-0.18433809087044636,-3.698431812714147,0.47137870348302985,-2.1611312330903676,0.8305704893358845
3.128428988210997,2.4894108070324554,0.6743195482110852,1.2221851940401225,-0.6719371564992286,0.050112849715023895,0.5077070179856569,0.17296798215293732,-0.9943857155213839,0.05678505619427186
-1.9088256124744105,-1.5805794063968492,-1.6960392353429035,0.17942731897060601,0.21803427652294247,-0.33032926107635996,0.058868876508571186,1.674361810406552,-1.9701997364876345,-0.18789381587291054
0.9335228787820994,-1.0027069808740345,0.6511908619161193,-1.0922419513613209,2.9418528466397764,0.03216543038906685,2.12389906892367,-0.6140346234649103,-0.3683726975296893,-0.5796616886939853
3.031290870447924,0.17757277270192645,2.4557187891320327,-0.3272307180279765,-0.9440647408944021,-1.32922753531122,-1.0853676088726205,0.10924704175508476,0.9738624786490531,0.41076692604878673
1.947466181689029,-2.22642088225514,-1.2999568797510426,0.813727999731235,0.766560564018331,-0.7012717884119538,-2.4874821323939207,-3.081599819651869,1.5640355533874717,-0.8791608938456856
-1.3945379413123353,1.7275042215337386,-0.3293916821585251,1.7651494814362516,-1.974765275282762,-0.9557050654924952,0.7424416371053305,0.21636046135337228,0.72942894616037,-0.9908616475446042
2.54716455728849,-0.7090685410600671,-1.5056870861562333,0.1252274569454621,-0.2537248137161749,0.02694204763444019,0.6212652588228162,-0.31561940330719956,1.921527581646548,0.1533775743334179
1.7499984801841735,1.6362185963883258,2.3761398764357438,1.0323412549214286,0.37335027141684035,1.4708367438542145,-0.36526379989587354,-0.04620455663493671,-1.447590437883374,-0.8149994008474961
0.634213601666359,-0.29107534767101384,-0.7676191270529128,1.1374269995662678,0.4931833448435217,0.04093765669251121,-0.21403441570360854,-0.1095809363580081,-0.8899729006275618,-0.4768131911383219
1.8020904027930633,-0.6279848599153687,-0.1567572535484633,1.2963230272284725,-1.9835728631454004,-1.0780540702587331,0.5811340242122405,-0.3402418147811176,-1.960379144134655,0.918634687698432
3.1220889813710344,-1.8625397632059988,-1.8023566827254343,-1.145864381871671,1.1483079908399183,-0.053648486725665794,-0.6347480085892707,1.3795011415186513,0.893424829908081,0.7624080788452623
-4.725351270524995,2.4367281727572663,1.8885392950552824,0.9728549733048394,0.43250666067172655,-0.33416683080986964,0.061090616494334615,-2.2330778568765997,-2.591768709478823,0.4048260251266678
4.411816300408053,0.35672063323956155,1.3728226822395921,-2.0270318017489064,0.42635989497283455,3.0952633860488254,0.8872862533241964,-0.6366554444982937,-0.2234669500280659,0.42337968888215755
1.0134461774626549,-2.1095291821841924,-0.37065992218886806,0.590672412034035,-0.2036862112592084,-0.7805097110035061,-0.7140931261536069,-0.6708363012148479,-0.5366718326511409,1.2301897761944343
-0.6125445281102545,1.631078100566076,-0.5912252022115627,2.205505404432101,-2.075589184951882,-0.7732264932807431,1.0382904832845097,1.0009126399498334,-0.5213620473173871,0.28363275122173
1.3617381481906274,2.105415384131757,-2.481756495461201,0.04534983341208738,-0.21879785101977625,2.940105395088848,0.5725429596022388,0.7217095884267923,-1.0621479504183704,-0.5888313868679922
3.129790397711073,2.6826382130260713,0.1779386699222857,-0.025011059583692662,0.17634554623951162,0.7314705243812779,0.26960489091751255,1.1554844281208958,0.6378970476131788,0.3013397237830441
1.8696258761082971,-1.3484060577630095,-0.9363132106045023,-1.0343512825868915,-0.7753676512686156,-0.9472305973227955,0.7558462486026724,-0.11577079544183512,0.16759507460961376,1.1948662644604424
0.7610558585353341,-1.2919801168444869,-0.6878564986538211,-0.5943722239360989,-1.022718571873916,0.24340743708162937,1.378658550987118,0.28840812630383383,0.6496979901317217,1.3842800429166942
-0.04479758139589148,0.7778582465251731,-1.6793650909503604,2.8222450219016597,-1.3461662354678265,-1.9277158818270765,0.206345596433397,1.8025322254738119,-0.7495595396627555,-0.48385539204780703
1.4418795415980106,-0.5234080840105618,-0.9267617141426008,1.5724165790434201,-1.5976729241235241,-0.9718356403389599,-1.0302527554471108,-1.2903246073085446,-1.0042793374968642,1.5803897844739307
2.823058103468615,-2.0548429758208937,-1.6597395945016018,0.8562642638568244,1.056182954758544,-0.49406390938458217,-1.937037859857001,0.48261224693895843,-0.008506797500220067,0.8023695035335408
2.7951931355706185,1.9409674406738016,0.2374785361184694,1.3767717771555543,0.19130133558431553,-0.12026925905730054,-0.9725917840205388,1.0185949848452178,-0.11976919710901328,0.37660015615141085
1.5590610532384739,-2.1670013017234244,-1.0638536375339638,0.6275974904677136,0.2045894550902928,-0.6153199613117636,0.47923882804620643,0.19291643005387918,1.4173521162722063,0.23996289837362286
-0.40080879841496525,1.1751177646524746,-0.6588416512373317,1.0194360512147427,-0.21564002667335538,0.4198128376263146,-0.08973400656139281,1.3539769243325785,-0.5413782294670014,0.6316637522528084
2.3859115672588547,-0.9644187199969455,-1.63878543562782,-0.6842407935758036,2.214254060314416,-0.6204722468293793,-1.5403948043673534,-0.32540459790508974,0.1530364618446829,-0.32302739762863525
2.4819813274979086,1.9627029922087864,-0.28487945138798776,1.476277082634906,-1.1166430911514955,-1.9283778922641714,-0.42548854191501706,0.7173050607525517,-1.0916771227192956,0.3640360726836148
-5.584543659158894,0.8378719006426535,-0.6712297761656774,1.7527834640068676,1.4916940971620982,-1.0716670918456477,-0.48363224458903376,-1.4338660668146705,-0.40220327131933137,0.7923425236421174
1.9511746915924768,-0.4832169179340787,-1.2810764742437575,0.6787971509020757,-0.7198184013479946,1.6210025209556733,-0.2714803843944151,-1.3963758492624363,-0.3068486156685867,1.0418308854906806
-1.8346236812346024,4.734188465729203,-1.226070380077043,-1.2234332882083985,4.3821646730858,-0.889092240327781,1.6863986536853472,-1.2906987311977334,1.5947720792431028,1.3804164280361757
1.4987554403217125,-1.339248890669373,1.8506846413795466,1.6434897832336393,-0.9233137390380886,-2.3744106026759955,0.10129464972058401,0.9728067095025009,-0.15580778587183416,0.6411672587076067
3.5011050188206263,-1.0909736626960997,1.0635199238979287,-0.8333381370221301,0.49465267203789925,-0.6687660140779221,0.02786250895386147,-0.5411433889288598,1.61485003482134,0.729515119435101
3.746589083379317,3.11615549401751,-1.0131016861476752,-0.7632478846705366,0.3768471113386886,1.9313614456181258,0.07474692048809407,1.1981455957187825,0.9071852677562562,1.1445356235779174
3.744533840832952,2.371596594749197,-1.4204458054712896,-0.8972133020807022,0.4799672728983817,0.5267606114467411,-0.6518819763485788,0.642170395543072,0.3652031583922037,0.7532749302036706
-2.6893232343466185,1.7528591389028598,-0.9598380366813712,-0.6525617432916684,-1.8482975016216856,-0.21611352389594593,0.1582410436187889,0.04989241883283765,2.2473945834181315,-0.008193773622718937
0.1007377571749267,0.6485614241678602,-1.3025284337045637,-0.42529239943130154,-0.3143742557250168,0.09046719930542099,-0.15103536484197141,-0.6015663024012693,0.7702273743858737,-0.01544234895297081
1.1794076117694956,1.606224998090695,-2.2331662666961387,1.1682392147594125,-0.8374645979164761,-0.6574985901280063,-0.6706550267860658,-1.3180733796732327,0.650554316884293,-0.3145315255065991
1.7693520783305243,1.424420726913836,0.9018836163922322,0.7361852475113322,1.8766615767852017,-1.772276896161692,-0.15031879901180595,-0.17403361096908007,1.01952187536253,1.58934216974113
-0.8367112706985889,-2.306494984835474,-0.6562608565666607,0.4294220749611997,-0.05850020007903437,1.2151980361412118,0.8048759577844139,-1.292566354129152,0.9775823168956577,0.9346658040146195
1.310436332632018,-2.214206936848613,-0.22969349775245487,1.0555600896405788,-0.4806760678375082,-1.3604843407645417,0.6729322488543473,-0.3684007593444119,0.19189875660736086,0.04154326838174852
0.5682215769409675,1.6717843153236565,-1.1942473243239409,2.2411266833542585,-0.692403865034947,-1.0937342176476816,-1.4483293002843005,1.2978118427927752,0.02081253089733885,0.2080827178258691
0.8893617388181226,1.366355617396575,0.8836713593560512,1.0093390587951188,-0.6841762904863355,-1.261703276002992,0.5427034699758654,1.7516551732746497,-0.5039376650071092,0.4152446396389904
3.2443770901794458,-0.7863858533367132,-2.4092154900288536,1.575965888757857,-0.23959161890450464,-0.3665841949424712,-0.2964257913122223,-0.6145140725140624,0.8498937625917681,0.12005086874380998
-0.3578528096727789,1.1447761478759733,0.012095127364642983,0.40504283282334064,-0.542726222481362,0.2528750713546691,-0.41897405347490846,-0.38975078396956,0.4582521353954347,0.26074954596923433
-3.7667464484132087,0.8236694750819867,-1.9613423063940714,2.932213275630581,-0.6755327363819017,1.2725965136324213,-1.2132268023194295,0.417681272003541,0.8425538427087927,-0.22755165809752625
-3.13972148821706,0.8548447862891317,-1.7115236571584904,1.8071949032140993,-0.9602115265909528,1.2240495745344502,-1.8808059478064205,0.1022629659610039,1.1466688798911417,4.100641857502737
-0.47201812045189123,-0.3153175554927859,-2.5033197299202454,0.4791166414453192,-0.2667216040775808,-0.4942262488393624,-0.5466101763955324,-1.708561380412401,-0.01503956028648717,-1.5964454009713722
-3.985897112875508,2.522945054750154,-1.3059597269587917,0.07002597664022259,-0.28460451036843765,-2.3207570896749807,2.921162115681619,1.3357851175069257,1.2253943993480598,-0.2923437015942148
2.019286287441831,-0.5899872395279626,-0.3099407088013017,0.6796463670111178,2.3996121233463974,0.6798313021700696,-1.606114843362987,1.8615209692267924,-0.7701433702083658,-0.7032563788670452
-1.0154210550580578,-1.5692877222461763,0.28560291384252895,0.10786915666161864,1.7715646690499944,1.2772239165861183,-0.24660050369374137,-0.09182668712279547,-0.16191528859534748,-0.07607565171952015
-4.0654075006405535,-1.4261346661695964,0.11642728984747167,0.26108254561503663,-0.25376116662804843,-0.20093297463700358,0.58568019589217,-0.6393964193460722,0.717898882761622,0.05408680737209079
-1.14333130242789,1.0461211998158817,-2.241312670856767,1.8913259427398126,-1.0589175499378616,0.03681025661941019,-0.519148086850356,-1.034281084536428,0.5393411482394048,-0.278623488927987
-1.8101513162957978,0.6382304866411188,1.2772411927037235,0.8559487198167707,-0.3591405087613297,0.2003129453243559,-2.118071176956869,-0.6438542412632028,-1.5825970447855113,-0.5754336057132733
0.7615144781899402,1.082378611570765,-2.2234606440291587,-0.16024785944755282,-0.9384592077867514,-0.3612661116632007,0.5841215592230538,1.1525841833690864,-0.014063133829271884,-1.032342569018929
-5.177293691191395,0.3295027196348124,1.9410735863566828,1.3289127766344202,-0.9419819340520156,0.14540976822376728,-1.2744384427406872,0.3657776355311309,0.2730058262882641,-0.4566089856513262
-1.716588014650888,1.1279936642218484,-2.073609956961933,1.009956185216718,-1.3187380301261844,0.5084008776895476,0.8750927152379994,0.1302794760577599,0.5718568518439394,-0.6961004239889625
-4.427274574547892,2.7975496949592955,-0.07641898641197815,-3.3149687448469174,4.1918524073566275,-2.98694301910501,1.7465163207728096,-0.5284090506782523,0.8275745179594611,0.1688955186133969
0.30060625450440265,1.4251658598944765,-0.9864188289556591,-1.3686900699055642,-0.911505267508419,0.4003987674120998,0.31223113778765066,-1.7467309177541894,0.556471051338838,-0.9990002618460262
-0.572005768346581,2.1436980478048158,2.992673250706191,0.21952196282675657,-3.0005499073599378,1.9656978033068677,1.1531484746407554,-0.4574174173755222,0.7830288709614661,1.4554225006049
2.814185639354849,-0.8132415576204406,2.9794297722329306,-1.5717673921462247,0.5882127345944849,1.3985193232400686,-0.46691554601540425,-2.983933134787738,0.5200529290299575,-0.9105044558746933
-1.7422497239741213,-2.4071395831474236,1.4538804405972354,-1.144584390579951,-1.2470143729202399,0.39336796892537723,0.931199812262303,-2.7731216093115436,-0.535642691482918,-1.4618234060530007
-1.8808126150238431,-1.1585141832137484,-1.702076839107374,-0.3809598887769092,-0.22610579483693813,0.047717364975896764,-0.31330138274718744,-0.9891198182005768,-1.5327447700495977,-0.22194026703753933
1.0516991540535012,-2.412676487035999,-0.8979490394742781,0.012935774206417327,0.3135994483633543,-0.5531283857363296,-0.3109705284949667,-0.9796938821757998,1.4598980935611776,-0.8776122445438294
1.739936100945186,-0.1043239192231441,3.4842542749340217,1.5821282572130635,-0.32280821430277656,-0.3877877503037751,-0.624029518937265,0.49132598553580326,1.4942380917013158,0.739804514124241
4.13007395493225,0.15469229670354925,0.5255286597170905,-0.7403963971469286,-0.7223647764553609,-0.14438760633919537,1.722364470617329,0.486681618933286,0.7641980284485237,0.9251927464885532
-1.1757483790153629,-1.848792022993303,1.1812912368614366,0.17287393840501683,0.9316481592336656,1.7465954091647697,-2.0648623603301677,-0.3280218889483655,0.9034654198659557,1.7451256642703417
2.635321791737669,0.0874666737337602,-2.257602569848026,-0.6387935088708554,1.634041678352097,1.047104040889341,-0.21364602234739039,1.6640312886929434,-0.8528996586457716,0.37138240538462614
3.36416350287794,-0.9568812479281636,2.579381235893537,-2.199635760178429,1.0964254065068209,0.519669493279115,-0.8388452646339641,0.23994168928029533,0.7807424749043705,-0.8124915515952547
0.03573046785498824,-0.2651955414349778,0.3548875477319188,-0.43509821429372614,0.29031512152765576,-0.7457026878039527,-0.37594775923134227,0.9684587814758038,-0.5228380723796021,-0.34567834473113895
-2.3034401247115373,-1.0434120717005106,1.1595993945971144,1.294821842146461,0.45796734658916044,-0.7554425574151827,-0.5693200259462143,0.6166422382337515,0.051847580441309715,-1.1759352776819463
1.7715706223198593,-1.214519217826659,-0.5575869030161663,-0.954539939362699,-1.2724607157711827,-1.1078464532847587,1.304476958069998,-0.4517511025413817,-0.07173926088414383,0.9914878852572745
-5.019057286106646,-1.8508351874246487,0.07455722699541191,0.4605626721962886,-0.9504090864369572,-0.9374640425526509,3.467018749156686,2.7490379489251855,-0.03416785419088282,-0.8649828114590425
-1.051131723993215,-1.6079816736427126,1.411413468490051,0.38453710581454137,-1.2143289184688593,-1.1775959073462559,-0.39061070749488475,-0.7512280766162942,1.3335547806677865,0.3636719715609391
1.9818704037837263,-1.1199830612565425,-0.0853124517173284,0.8217438503266925,0.798965937656072,1.366181189198007,-1.045522013491009,1.0468638640671786,-0.3716554253408971,0.6973115953571578
2.875926243422147,0.36666242419221995,0.9157760586272684,2.850086277287145,-1.5561665770835955,-1.6018404446663246,-0.8903335248343293,-0.7581432980152742,-0.2812536028163072,0.9069935760218467
-0.4413520046221983,-1.4416683788512632,1.8987029181143498,0.3235276772368748,0.008541978676434386,2.1849678232211045,-0.676938951279545,-0.903718553789786,0.003454883838664099,0.29407430299384213
1.5064912498054075,-0.8264518597776503,-1.4650146731320113,-1.5812287392621152,1.7988209165769076,0.7740956307933929,-0.5711241184508368,1.2233332456872121,-1.1528672273854021,0.10068059486674256
-0.8030678413453058,-0.043361254310257495,-2.913505005012652,0.47254516456382073,-0.4950715880295742,0.20970945854768994,0.6185392097040363,0.7684925188279652,-0.4093070233208199,-0.41553792506376885
1.3435432606449325,-1.719750206604129,0.996827981425872,-2.0688920646759024,0.3693808659249308,-1.125101882377067,-1.7687165116970336,0.8876362303388236,1.378623947568043,-0.5212191148696942
1.6613251679625918,-1.9024011263301464,1.9320276337978446,0.07795355356741666,-0.5450000526161318,-2.0809987875830145,0.535663764384555,-0.6750931008131743,0.11851163004407132,0.7627902053432852
-0.1662690334215973,-0.5514240398289806,-0.7401629369992698,0.09669072060129022,1.65155634679969,0.9994131099591917,-1.19472980888152,1.110585499958909,-0.5816186351936452,-0.07609317394877835
0.06117531006804883,0.1503428423241944,-0.36039764707691885,2.4367994957053964,-0.4843843832741289,-2.1995353620573743,-1.4550470147888679,-0.2967815298556636,-1.269681474213977,-0.13050526115751213
1.5797962391129319,-1.238796561604692,0.036444372892045794,0.15339474533717307,-0.16468222524740042,0.5171711155735118,-0.4079343364834121,-2.5408937856770546,0.5434104303374659,0.3476858334514566
4.564484850161696,-1.2190222603774112,0.8313985563411197,-0.5497131652343122,0.7772051965196527,-1.14941493104774,0.295794403578372,0.6395479128425651,1.2652643085368493,0.0015367833008459908
0.7580817125556127,-1.1166214821772062,-0.9389324573915415,0.9362908657567331,0.7545363097230366,-1.7982920756025969,-0.7909673975765208,-0.2450912575018972,-0.10315794050047385,-0.9073785451666657
-2.7821522559235357,-1.8115185933061562,-0.4849656216388988,-6.184021357960748,-1.421896746714666,-3.7705491721519833,-4.04851399936656,2.2075934510443638,-2.334878916519349,-0.3364917297212434
0.9736610386510491,-1.7781486436045728,0.2067079978571646,-1.9163022559874485,-0.6820379676607694,0.07053527621591738,0.5825207481832331,-2.022154461311486,-0.40242956292350973,0.5218027398440537
0.10423874295169368,-0.16594319734924803,-0.6820933171670887,1.5694987879085711,-0.30740867812365624,-1.907052514345641,-0.7510332024098866,0.3423837942273401,-1.3669901753238796,-0.9786144346125802
0.6893809809084313,-0.6044039281336401,-2.6220654611338494,-0.5107716757150079,-1.3318294327004456,1.91518746025021,0.8634576072738582,-1.874943689977012,0.13738660295989974,0.35730802965249103
-1.5695375166413092,0.8526568817664184,-3.4771574546957598,0.28887906887735076,-1.3117651053319948,1.0268400506547426,0.2896709884887028,-0.10395718979633449,-0.38053710951861963,-0.801450683045787
-0.7223956339709722,0.027630057061808704,0.4299320716173555,1.901057315786689,-1.91919725045838,-0.2626969678549685,-0.86375560626363,-1.8102837565683665,0.5011326434507923,1.1196091525164287
-4.966223952292151,0.45523669016349483,-0.22325333730175018,-2.2710321156466353,-1.6816037311262133,2.0659391212408083,0.5216321204719833,-0.9847750802934725,-0.3559471520806888,-1.2772929784595215
-1.7942243577992647,0.793209960209955,-2.4803040656095696,-2.3894310600497195,-1.912295668563636,-1.4476090220274007,-0.8278869193871705,1.5243218922844932,-0.0789323831316929,-1.440727924096332
-5.702041891231546,2.5188869576531263,-1.8050801703005996,2.1758539989113372,3.927530834698418,-2.2154715700641683,-0.051491923807941556,-1.8519824562931895,-0.2101285429452118,0.866796762469983
0.39984518855086765,0.5009799796520027,-0.7432477784360593,-0.7231119990360194,-0.7981721501961291,0.31409587979595127,0.6424695339566692,-0.38895681552003714,-2.355761732857026,-0.9409061623208073
-4.918044333633117,-0.6792613356828522,-1.4240215777103655,0.3771644742614673,-1.7288955980697212,0.5756999195982541,4.810101805780176,4.6898369669922095,-0.6948242453779403,-1.6618596779179213
2.5795461584507,2.5267343691521496,0.8399934433164813,-1.2806963036285148,0.2582788036663872,2.2354509846499657,0.1276305562131264,0.6186559629765882,-0.4963812405735111,-1.02031502403523
-4.719173355293801,1.455017647903569,0.3708690178869902,2.281303641919105,-0.9404499550624058,1.5028197407751394,-1.1429119607556542,-0.5561670900576504,1.683025232200897,0.07888606435674922
3.6950528096668265,2.5062569169537174,0.9584094793112544,-0.02004584521602823,-0.5688749068833697,-0.549474494890946,1.45209201783201,0.8969588008617103,0.10781853873537182,-0.5230451890855456
0.4785075199059464,1.6360350342548218,-1.526908439386524,1.0706151298999864,-1.100288557253116,0.6370036148789335,2.3550438557289692,2.4763586881030295,-0.03145388640535781,0.05649830462775658
0.3541530985190624,1.6137750522464793,-1.399543566184657,0.7259254950523396,-0.3461600533247416,1.2508725223963655,-0.716606599439,0.676819275717544,-0.9011580253539297,1.6339264335172898
-0.3754145858438183,1.1054620311066101,-0.6757552030465425,1.546111549306501,-1.423413957747345,-1.5853692444855247,0.4595704711726463,0.6243308424562282,0.4226225112208063,-0.4035522674977107
1.1258938855735618,0.5341626312292554,-2.3326390635330525,1.412650301232544,0.6063279022244308,1.5522111517588477,-0.9111639038104152,1.9686967445433565,-1.1572324378321728,-0.31276517908008916
-1.9617523110080222,-2.4431841992095156,-1.0664009080473764,1.4358971598262418,-1.0633505426492582,-0.4244423467250252,0.004853497715248533,-1.0116297602286306,0.17402033566890698,0.5534566398306542
1.087780671919857,0.9490461544347061,-0.9450259085743219,1.8441926444391974,-0.6557867628450661,-1.5870634777904127,-1.292504585876968,0.49450542729730435,-0.6311427573083745,0.12409007045584271
1.4831024098438648,0.6266574260358658,3.26534556917493,0.531863336839634,1.2370009644735735,1.142115640578113,0.152148549001824,-0.28297400469452666,-0.8388365489154427,-1.3379946071276148
0.5292815774750542,2.0290238319071507,2.3427159998476603,0.7184773065017932,-1.2452400170854536,-0.43027364303272464,0.65698002195871,0.34600115859266645,-0.5186310320525063,-0.053757172292808665
0.7882159528752826,-0.6325493810962406,-2.4630799747158427,-1.3431903943434893,-0.3889290433152636,2.8159556459325588,-0.8650415744638847,-2.704136391032528,0.34262284093262424,0.6042507354443042
0.2996052248124479,-0.7478208782699579,-0.7298969515845968,0.3115168784842621,-0.012440550297551662,-2.0165906198998544,0.1095847209596864,-0.44198671528635347,-0.07780323307748821,-0.8365332495641747
0.57532093715477,0.9565654885096188,0.317721921390006,0.495044308062331,0.5109421753912295,-0.5163761288272852,0.6888232236203404,-1.881139598909001,-3.5772053830892223,1.0485473846321833
3.5571953898898343,-0.1191718324528604,1.8945019686382527,1.289392221408595,-0.5354199686028083,-0.6389817726060044,-0.5275947054835858,-0.05658536142527358,0.005303339390736618,0.7918042877698437
-0.9028245372793076,2.366439140100689,3.733841323303399,0.6767174114432393,-1.201393589054693,-1.0402469197707016,-1.0767622477166163,1.1092090486296393,1.1959262261606791,-0.04843961558686042
1.034804683856252,-1.1375496245301011,-1.0534096796120014,-0.9763820997288439,0.9343228450828549,-1.8365898730044825,-0.15133972739268167,-1.0242038674886293,1.3848682479110306,-1.33433247155037
3.120096267029499,0.9861895990692253,0.9480964483694332,0.36743328658468966,0.30043288231774123,-0.9784949080483228,0.8150039740254158,1.5508749268678366,-0.2356361946160363,-0.24338821869224403
-3.757912124295931,-0.8370841896156823,0.6470025680587382,2.3948953288410033,-1.6682249922766597,2.2696532024727016,0.57260597254753,-0.4083011996244589,0.9475333447034701,1.9816347531389744
-1.819790238697962,-1.5625250888752316,2.24111496888097,0.04245008833053687,-1.0154156364158355,1.393375378830324,-0.133543539711249,-2.381759229950704,-1.6181110505265244,0.8228024100674612
1.7752873698764473,-0.6488667626724755,-0.742142339331902,-1.6730091683598691,1.2236012851835079,0.03723129199942331,0.9234652208750673,0.5122252325321885,-0.4160649782645777,0.2567358292571315
0.11010823152632683,-2.7361740198196984,-1.499645348637971,0.13758152948247634,-0.615917109997677,-0.6718140006187314,2.1994516804491475,0.9736996691788244,0.7967232791329641,-0.2243964346778504
2.1263765772538554,-1.7679395884656286,-1.3591780958283437,1.1259281588961596,-0.3948359997558149,-0.9448753716979614,0.31769001858553964,-1.0361781181433882,0.7439736653649679,0.27874611081272627
-1.2498937988977676,1.9203483908771712,1.0306985611407593,0.3833456251284351,-1.3694478195987936,1.5247182616041386,-0.5151636651494057,-2.147724359225526,-2.0917864647044446,0.3805166647217682
1.7833981310419826,-0.6853152910877738,1.3779281519200457,0.9046182275063769,-0.4656371832467315,-0.5211485697205916,0.31085864194482665,0.5352484855195044,0.7650151011936913,1.0202538500609966
4.042336228640036,0.8852674149979955,-0.018295446287382427,-1.1220555594442294,1.120794425893078,-0.3074180776744007,0.9816466325917382,1.5057071991074056,0.6590935048687868,-0.3803636044236263
3.406461185331104,1.1003502724223202,0.7567554763821884,0.011448616234683165,0.4863738296670337,-0.9088539146398915,0.2617669710864879,1.3099779060366745,0.22906595961189732,-0.37227942386356094
3.8114467605788325,2.585153335405369,0.07740249430879864,1.1642434961897523,-0.3108567405723354,-0.5108179363677106,-0.3338747366086132,0.8723708275917404,-0.016006691687964786,0.030618059245619614
4.666298087010204,-1.2403313806165825,0.9918131638507381,-0.2600211516606989,0.9473788300388855,-0.3413987885561564,0.5174479263175491,0.7851428296407506,0.776334502310312,0.2737783248517754
2.8927800851599605,-0.3025217009265466,1.1395809016899807,0.31636607331106115,-1.0062534714817768,-1.3922437285349627,1.2646500898652728,0.13558356214891235,0.9193727862051877,0.46837480454694075
2.3073208798360354,-0.12524999095674075,0.9204979231917149,1.727094593680459,-0.5854928023167438,-0.2404210486511115,-0.6938495067719053,0.21550108213753952,0.4551657239728741,1.3390561787752595
1.5643376721831534,1.1077056119057298,-0.584372103477604,0.07940344015944957,0.05675951232908387,-0.3077059048568374,-0.1616036466867645,0.984934031943889,-0.005108586298161913,-0.55295020724281
1.7171351841404696,0.9166154510153328,2.3169368748734955,-0.29374410446856797,0.26082996138830866,-0.12245306854152928,0.3095699496008129,-0.1248311261966617,-1.065963699072361,-1.205850737385844
4.051818314758176,2.69169530278616,0.4958016883271994,-0.40130188286476615,0.22974463623677524,0.8371451735990744,0.24165057336089257,0.7265613219450208,0.20722417897211984,0.31429769481296804
2.308229385654305,0.9936043984335188,1.8123859584599258,-0.2289825286933272,-0.8443111702847452,-3.092924234248895,1.071688090236917,0.7889040476926976,0.4839279145473343,-0.9257359001819827
-1.0864896963541844,-0.7935078352050449,0.6630236228441856,1.7084196422241922,0.4444462989646046,-1.2973835106889335,-0.5858776462034486,-0.05703846007286272,-0.26726981823294965,-0.2120590835813151
4.61555688035039,1.5273524375243825,0.8403839129796569,0.8461166208858195,-0.9900304624571677,0.21957367812840928,-0.10087136343432304,0.1327620751066673,0.6239469804827635,0.9475334165579933
-0.8604814938048627,-0.18311070256783962,0.18550280063933375,-1.196384413271069,0.8918443685515899,1.6619377329090355,-0.25527414858533687,0.9664373331212093,-0.5770436808564788,1.0284896741147485
-0.08084091721883165,-0.9020150479044888,0.1426397623044334,-0.6672294250246474,0.8141194628153857,0.6962400686709431,1.027471423950871,0.3842434030347184,-0.08459281653633581,-0.149587855799575
0.760307430548081,0.0347661158312497,-1.0668865331909776,1.8491396534519846,-0.1249475304934731,-1.9527641279979324,-1.6328154073922398,-0.7743018067624399,-1.1370845423128857,0.035119101821666665
-2.6788678402401866,-0.9206738924055009,-0.11288044424213439,-0.6327901221313682,2.1729423137879853,2.6517185931198393,0.2679261730541408,3.3649192503154444,1.2185846681237593,-0.743034495652365
2.0085049596635534,-0.8151768763678258,1.6791345770082158,2.0979943524316695,-0.881091940386628,-1.842706772705895,-0.07873285974081438,-0.25856950843538445,0.5238432396067897,0.4100617163485061
1.0764093559655519,-0.2747464744375844,-1.376913592360642,0.44130643629492633,-2.373352132582047,-0.3153529593366537,1.1321715779631745,-0.3476931876189166,0.736672067327879,5.222651788363366
-0.25482366214982477,-2.0416629994067326,0.2587778388356453,1.7044046545831566,-0.0349400241507159,-0.3602427403451227,-1.3052972709743837,-2.1674434995666423,0.9269711346536365,0.5924542906515938
-1.8415406304342388,0.6636294318963846,-0.9040927671802792,0.4495849349199965,-1.1485189119368577,-1.6801317068062225,-0.23613192577865144,1.0286673293864055,1.4844228350162199,-0.8266394403373418
3.72310759314771,-0.21886997071496,-0.37389713189441687,-0.37745931976097374,-0.023141746180710056,0.4057093533378504,0.5002286336482249,1.6202944230985197,0.08016847436345868,1.5989575747054603
1.4408104192973865,-1.4920977601950602,-0.6351279202876549,-0.48780960690860636,-0.4523133829251855,-1.2845854508420482,-0.1921786955597578,-0.003611761042767831,1.139876603729826,0.9757861569782177
-0.5110620956314412,2.11144214595299,1.8922369628808289,2.342432504977571,-2.1910781449201213,-1.4627238268555875,0.670446094185886,1.6283127934816441,-1.22061427730188,0.7577114918235623
-1.7342228677361053,0.36553743399276073,-2.4446390285478423,0.3696844315204283,-1.1831606139708226,0.3994979288560734,0.4593681038798468,0.059002712574703166,-0.612433233467292,-0.1601158370209724
-1.0050540903053689,-0.38439762506036584,0.5206176790315007,1.408512235371937,0.5319326972803813,0.9620030082668631,-0.848336274343449,1.7873225381724047,-0.8227669975757749,-0.3963981713213316
3.1985454249912086,-0.4297743757635954,1.3706524527218635,1.1513521257628625,0.10635844893012222,-0.5247686755743072,-1.2011416955046912,-0.47858161681552186,0.6586596896561447,0.8187731249656492
-4.162847215121571,1.5264243572476335,0.9216319342078251,-0.8554598886082435,5.777503400303637,-1.309489133515178,-0.6109003458743848,-3.6961647524832006,-2.617244323876114,0.47181587780074996
-1.4005013183957353,-1.538522845542043,0.45579529537774854,0.33423320977428506,1.7824792321739562,1.0265002607350038,-0.5341662548071504,-0.30931708897664795,0.25380858771915404,-0.3080524288935672
1.3176405019413675,0.040066339656947565,-1.123413582777447,-0.05432356564043904,-1.8309587434120589,-0.11967861764214867,0.2263205927456892,-0.23109091075884533,-0.43149845027559885,1.6621205033181794
4.3257917729472934,-0.06351914452738164,1.5228723122564818,0.9155703043857567,0.03995131719555725,-0.1315400194420774,-0.5515891690958914,0.25839795395127707,0.3169166362515117,0.5822405941896409
-2.8474011143764035,-1.231422811069646,0.8376905074525478,1.658491093741854,1.0538119165263269,0.09315942054391267,-2.323799259682399,-0.0906302762695095,-0.9120769653997933,0.5473194062632004
-2.867655393512875,0.4754833081863554,-0.05546803807334283,1.701568301368719,-0.15995724447513246,1.3684314833182485,-1.3750445519802759,0.4629040659964309,0.12448424408105528,-0.052270017485542074
2.4142611351669374,0.2452883578078742,2.495225545420306,0.602163789035755,2.597612208005178,-0.11940432450463052,0.3861653201803193,-1.9491479831207148,-2.495796413186801,0.3330979461377699
0.292816388733313,-2.080850527662267,1.9558847970633662,1.792919280613067,-0.23541905334470958,-1.6622942397807725,-0.6470336311496645,-0.17496486585587,0.4139378626400748,0.30437462500955964
-5.173230419166887,0.113052163034259,2.031571599656786,-5.687718051243414,-2.417152530375652,0.06750882212132397,-2.381774054997677,1.6414443016858145,-2.9693297440328825,1.3602018024553937
2.441972550543629,-0.1384493075070492,2.897545794581852,-1.3901080141766502,0.04989496430427022,2.3747866576261787,1.1705468001575101,-0.7245609125889629,-0.05407242099537139,0.19284859959478826
2.82491390101101,-0.029068336728652326,2.3054789237671645,0.02441832845413282,1.1956190116428633,-1.6241279295136388,-0.6191358735928206,0.3212888683164624,0.05058719003596232,-0.8779259466581123
1.728459637351446,0.4952057636679512,1.2111574743912892,-1.1927629849883474,0.8569064444848286,0.3069397685137595,1.007400323385106,1.0494912947331665,0.31241729346736763,0.18929283979385966
1.031740838354107,-1.7248929289634374,0.7629460773592422,0.15832077680593734,0.18880139757104755,-0.24610201439891066,-0.8635689892966044,0.5447134146090394,0.19502693690360332,0.24307228196278105
-0.5266824950156506,0.30714933814028644,-2.2366692391462117,1.5755760872258981,-1.448541064384878,-1.8517508912992005,-0.907565348411603,-0.1583358798904555,-1.9349251241020968,-0.478798588368739
2.321070437418704,-2.2956195549613745,-0.22037032783127505,-2.266120216020072,0.532162330891996,0.8731957002821906,1.2575466381157914,-0.6567480291519369,-0.7917418533249657,1.0129118242473383
0.329950513022937,-3.159382687116947,-1.7099750215013356,-1.402999197882624,0.4146535964374234,0.2559046129847236,-0.2907908732598365,-0.7184456869291674,-0.6404198685887057,0.8216085278397219
-2.4474756426393784,-0.5318303608025398,0.2732533329816618,0.32559269980692584,4.899953067630507,-2.359080123128117,2.1569308019383486,-1.418213178281286,-0.6439267398649163,1.6842288394683873
1.3230469540311902,-2.594951978862557,-2.788957456477411,-1.3983117589985,0.6370751514846074,1.1312392467131813,0.787872280479779,-0.9090360897023089,0.9302787336798481,0.7355994164537597
4.245870378318907,-0.7026651466245749,1.6074655920218914,0.9757921298906298,0.9353785102693601,0.8505142027776782,-0.8457457678487117,0.5020069568299389,-0.20691588405993866,1.06561839299827
4.3989230121708545,0.2615314804540063,0.23732676063771857,-0.9497568627917122,-0.26786683962193775,0.6794100499465131,1.6482324269364956,0.41374303746999636,0.7634137374732511,1.2414232095162903
2.1703917441649634,-2.7982501276559297,-0.8829714902228039,1.0780360258108062,1.1900181477188212,-0.1345682878156802,-0.5587128002273442,-0.3716455890314063,0.603625389613133,-0.27250476626099196
-0.8077962913206956,-1.1573095239950548,0.05220948148480168,0.3862214844292263,0.09370489130667468,1.5953461522062442,-0.2678677610951027,0.08675392787276075,1.790051473701826,0.9341369033013556
1.1854564697102283,1.4084801947110162,0.5629123808510349,-1.060669477445518,0.45492961964321876,3.051273384184849,0.890287798909417,-0.026424070985263903,-0.08493162488245586,-1.1400768015792893
-0.5396182810527396,1.2952457135703885,-3.7591416385215997,0.628405446593494,-0.6712238107761098,0.5409041779511492,-1.7709616591562054,0.3338824292533086,-0.9521881810116404,0.09697377325848537
1.5034131104682174,0.49481669323195177,-0.9591481795791793,-2.094773205805404,2.6093580008184647,1.599183549860658,0.4690629974170896,-1.7026031644302608,-2.023082532673502,1.8151909869545122
-2.064789032543866,-3.6190562340789976,-0.3181935751185094,0.33336797603271107,0.29359520350038193,0.16168163445994746,0.1930087029852826,0.3923638677896775,0.7334564715880558,0.1025853481328644
-0.2501572452701734,2.1897823659934597,2.3543287157163673,1.1821263172958592,-1.504029792614802,-0.7864000778346542,0.03329205019947061,0.06818740007518137,-0.17480058885475555,1.0939199769173047
2.5836579210870485,1.939666584875033,1.3345430755842376,-0.5901114924003218,0.5610720983708924,1.717640573021002,0.23049366193925058,0.5680755017641114,-0.9263814294924956,-0.47292360416655804
0.3675507088209115,-1.3298658602460287,-0.7938496907390172,0.8879098905951908,-1.383483295718249,-0.1345948547379038,0.9093107251501112,-0.1311038720804633,0.9610947866098112,5.224522252590923
-3.638611335905806,-0.47447308582369196,-0.5372830972376355,2.623012290769198,-1.7897164837642943,-1.2111344216609063,2.293659527453697,3.2666976805498407,-0.8985273385999216,-0.7382516385857939
0.3415238223798618,0.5543898485517769,1.1871798504489812,0.031272749040923996,0.4307699901164247,0.7282033659640871,0.8398141333066094,0.6892468255721138,-0.6002056619049353,-0.31059916387536146
1.9732998465654017,1.0331316780122684,2.4374572850748337,1.8866962277324402,1.0049653180052427,-0.3763901014792707,-0.9998422092219666,1.29813597636906,0.4020915173677549,-0.2285894812261699
-2.4972438906245285,-0.9670017606893073,-1.1410984894029352,1.5668565089080286,0.12889750170701225,-0.694504154734433,0.16248013496463276,0.08735700542926284,0.9659571656315323,-0.4620508943980707
-5.982023971940183,0.19397365273235903,1.629630184510643,0.9835143092655637,3.7989242162869696,-0.057537518508381603,-0.5316486920401801,-0.45923908202993613,1.765253742180737,0.47181028102457
0.3646381840366701,-1.6500574127011216,-2.0294397366705876,0.9180738647795632,-0.9998131565214965,-0.9110221542979293,-0.16441398321534498,-1.4156345197739706,1.153809984957941,0.11859326255463792
3.2463186875184102,1.1743211786347911,0.9373424931129939,0.932492280690201,1.435941799270091,-0.32771661494729026,-1.3476145666043813,1.5468580258127012,0.17632233072173548,-0.6142166704144489
-1.177016666008735,2.474749124142265,0.16760046549939234,-1.0284743510395435,-1.890634700813854,-0.289001630228387,-1.3102836038629688,1.6329276621006024,0.45663674010169647,-0.5306000647400064
2.2171308977561806,0.5139892284401475,-0.2908436907891563,-0.18415181023301738,-1.7131780230176976,0.874095512754901,-0.38336300947406354,-1.2242840382602977,-1.8787912415447565,0.3028730586937413
-2.372297339027773,-0.8447014028806258,-1.3744898526206168,-1.0732511885039413,-0.6114903480056572,0.03737570656107161,0.3395449270158802,-0.18245710309217636,-1.0018861588513281,-0.26746935449767906
-1.1598017124515563,-1.2195658202813857,-2.099415586295555,-0.2334827181300225,-1.059420411028719,-1.5713331609784975,2.372889199561426,0.2711714984278208,-0.6475159684908608,-1.4871264436088478
-6.215369692001777,-0.23008143546334564,-1.6004644838877309,-0.3811988665712944,-1.5241088848135735,1.5041508050220267,1.4740578765615495,2.326821765635184,0.22398926168818836,-0.2928012261517427
-2.366424880721471,0.4895121316416841,-1.6998917989481184,-5.071550150469686,-3.4556063041136804,-3.3259039452627728,-1.9288826305788627,1.2665328443782644,-2.214004611718667,1.1133516253542046
-2.059590449583298,0.06545220467818318,1.3769659192869161,-1.382895972376107,0.5240552564735653,1.4034900776806447,-0.7741025036768712,0.05047929356248755,0.12838439733314908,-1.420313447502181
-0.008663598869044853,-0.05177032148053986,0.1393805517245313,0.7823211378734823,1.0124767231533707,0.45441276591250396,-1.454569853594929,-0.5059421814377327,0.6906973186437387,-0.41601480277384967
2.2421647545781136,-1.3244440459317897,3.5938000343078476,-1.3635968507708653,0.5469996781663776,0.6657471509234963,0.14408470413445376,-0.7882626707862966,0.30917125521769373,-0.18767233034083383
0.8513340997176352,1.289730229412377,2.015581794686258,2.473663594971084,0.28025029107418636,-0.6219637588503801,-1.3245947147866148,0.3431891946895369,0.2799662580994796,0.018744532004162574
0.04572622793005312,-1.9220286185717586,1.3172287184193403,-0.34589439179447207,-0.8840901566508598,0.7579558444105449,2.5532835382023915,-1.039721513242063,-0.10923271042119427,0.7488474036383781
-6.313883859417643,-2.5647943806574496,0.0575006052705297,0.06554103908424243,1.4499903804949705,2.177700471352668,0.09006627337112873,2.359122428299649,0.29185536981080434,-0.4300740104680045
-1.9383035402987852,2.1124126545971023,0.04588814442424197,0.8274642391190363,1.7198631845453214,-1.0596568036112963,1.1798417595907473,-1.0939609724377388,-0.12520346915305575,0.6029102263717245
1.918634695348557,0.1482683253394324,-1.3710789982500506,-0.10814981532592269,-1.0414028920152731,0.7212574224247121,-0.15705792524133663,-0.7173976091215635,0.632800659917359,1.911737762355562
0.8810794018503676,0.7491222766514555,1.4140869123476671,0.4349709657234748,-0.3840934082431073,-0.9981568278795708,0.517025036252966,1.0814647668462525,-0.8804836273017984,0.5162956152105301
-3.5682942889306113,0.772655429343681,2.0559537625931847,0.022569578156223048,-0.5398960407966361,0.34607914333611367,-2.4030667416695612,-0.9009478834706565,-0.27684055155696724,-0.2585063218195963
1.3694061616673883,2.796336255050812,-3.036897765181327,-0.7492932073875954,2.1564968659716066,-0.46529557076234523,2.0630534861558174,0.3887710152219891,0.03405575162007747,0.6815668888478461
2.5952805286915854,1.874348694214872,-3.1511320498868467,-1.119269420838657,0.6328989708858946,2.14008272619614,0.23712149057594376,0.3094824256072473,1.4500226291483567,0.501234736014278
-2.1274102709249223,-0.9922338622940735,3.0151039550980037,-0.11941639254388513,-1.9887903690845228,1.1103357708570702,1.976968424658383,-1.5638253009061691,-0.28119021784843684,0.033049316949612134
2.2374595922055747,1.5823832950938288,1.0159661694118312,1.4113173779577286,0.4868491970288609,-0.06683222151567186,-0.5221505669375356,1.142369952018875,-0.1871667378696514,-0.014083484120037923
0.6452249932418115,-2.2138723762648427,-1.7220991582440415,-0.010081451947902125,0.2144477329950767,0.7633998464146182,-0.669784114274131,-1.947596820592595,0.91772758966089,0.8333866080544486
4.099965838851155,0.05351688350664534,0.44926811397952077,-0.03482830623167509,-0.5653139858572137,-0.8080211552015266,1.2827067261965355,0.549229054397918,1.1049148507166444,0.635020107296751
4.204110747044672,-0.7451179597760751,1.834801684411922,1.214357457055129,0.5252971646566916,-0.22422355210839248,-0.8943733311761165,0.23225775137940363,-0.10526250004926808,0.6110578074865081
3.4024860176135054,-1.5907805463546187,-1.375990304439939,-2.152397166993426,1.3733704566283662,2.5329872092449626,0.4631243318254566,0.5127597530955964,0.11549456214806822,-0.5355843108617718
-2.409117435930073,0.14558036996117815,-2.109423474237073,-1.3718398397284006,-0.22530175207850656,2.7009519633346155,0.605032612443255,1.884307604276647,-0.32914216331854945,0.5889996323491408
-0.5592255649368774,-0.7768098223686322,0.24918834084115882,-0.7268830917925188,0.7403392620780137,0.9031639347750821,0.2838750372092848,1.0650012465351624,-0.2262499253553519,-0.11423975627870846
-1.4320800244067975,-1.7954697428409034,1.9720938276777722,-0.1508545950678203,-1.5297596472489692,0.23776822382015247,1.6583004687178686,-0.21299474813334712,-0.4842734283608856,-0.3373807711642424
-0.5352473026382931,2.159023682956017,-1.3112415883080284,0.7730656979092433,1.3951192734898668,-1.3029661522726048,0.5563142491824411,-1.2831130579222325,-1.3641982737841367,0.6535016053824466
0.9963971401205269,1.4790593425740792,-0.690352649145901,0.6932240780733802,-1.3409416327791943,-0.8067658557473517,-0.30715604124501666,-0.7737560462837383,-1.8883234380329426,0.21616578344423373
-5.2876359863129325,-0.42739270147096453,0.16025423714615578,-5.234774229500395,-1.7754808367394699,-1.3414861575863153,-3.96302425385777,1.737731719542025,-1.1731727216816994,2.2175622162229045
1.2557905954485744,-1.7039454586286018,-0.2654900137951593,0.15095668037577353,-0.21099720243841488,-0.4029044673207944,0.593047717809838,-1.3490305698962295,1.4206047481778195,0.5689607042277336
-2.775934987792406,1.199218635448465,0.9158434074756396,1.3522119070081529,2.735654811067229,-0.7223338710624686,-0.9466824366850028,-0.41376217012061306,-1.0655080184187709,1.3966462720867552
2.7706972842030786,0.2026805075078284,-2.573121796226369,-1.4477441613657227,1.5408690567101768,1.1114612066630345,0.7070951864501663,2.087665324613764,0.8789752326794803,-0.36004908208203257
0.4784849099733416,-0.5532818202070647,0.9510230989575299,-2.096688319105373,0.2748130674361146,-0.17665063585613594,0.006241637049652019,0.05760862493574718,-2.2226064976781035,-1.1357375329738992
-0.5659490087558476,-2.7018532521858583,2.0123442600734656,1.2950135849475006,-0.13789323006583118,-0.6202682970857152,-0.22733210905623893,1.1910874180993873,0.27663793290113536,5.031611132529771
-1.1541408770903285,-1.4606429763468192,0.14877698488311245,0.5933859290443498,1.5138349461992695,0.36367582807652726,-1.4316813590570188,-0.1294351339721384,0.0272735551799637,-0.8123826623371025
0.10555763246064769,-0.4670749370194455,-0.7128071988184633,0.8706704849385148,-0.4264314903415847,-2.0395255877845258,0.46665637348348415,0.5499352131401066,-0.09316531277402455,-0.6954525256103983
2.2358462997570476,-0.4911007364619696,2.4230880901428757,0.8617715607671975,1.0008663053101199,-0.5515976312432114,0.3788786506206187,1.7347819439001877,-2.44643196835215,-1.578687083426893
2.6653888378399233,-0.37467273134622864,-1.8160133162059475,-0.7559840894061809,1.7551383145337476,-0.02482286824430145,0.39087648893354626,0.2853781967843666,1.5594081500433867,-1.1509360764117331
-0.4799338717849174,1.183152189443045,-1.152763100069812,2.1174804442522523,-0.5523114377781275,0.9523735933776706,-1.3043584878067147,0.9588077986326816,-1.164798355936474,0.1022507486249422
2.117654672343943,-1.4759842489439965,3.0569230132165295,0.484020853399946,0.6693347453468028,0.594542861472526,-0.7746635020732761,-0.10420458679177082,-1.041447691347856,-0.13431630500028377
2.2484679900219082,-1.3046884539529555,2.3424602473012097,0.8495817017848639,0.2654861564486869,-1.1265297865986958,-0.8810871535092385,0.34039554645406056,0.567121580178948,0.38911962659084454
-0.3427539378326667,-0.7062601315737524,1.8739609934614445,-1.0986308124387278,0.17221006563957938,-0.2841754366458369,0.46447771057779336,-1.5148040328736427,-1.8702682529822598,-1.131505582673074
-0.9631950669111364,-1.2290116289158275,-1.390107203672716,-1.3231753886928246,0.2684161911671751,-0.38067596411464577,0.4402489013244169,-1.1801956909513194,-0.0515791141387769,-0.9647333246590917
0.6732688390776596,0.09034487738250345,-0.9947247155819614,0.7262205110088915,-0.18511323838328345,-0.8605285373218362,0.5287957497666522,1.3517942915055614,-0.252415043333423,-0.42411355355095853
0.5922948781801877,-2.5150320029467284,0.6450956286160006,0.23190929961047846,-0.7606969023338696,-1.7323569598398076,1.1716410590687771,-0.7452254223501742,0.5572450196937093,0.0968150181035682
2.5538967332601508,-1.1417713434434473,1.91901348839461,1.3272500468803947,0.2721129208439596,-0.9521340640917646,-1.0325820699456736,0.26827679131635623,0.3922636672186251,-0.5775785469219149
-2.157239443550973,-2.3531603972919073,-0.6678787223179964,-0.4114661155724807,-1.6293746035113696,-0.029706735960724453,0.7531886273730964,-0.8263263737472173,-0.6386254824413748,0.6865175869095709
0.49010600915704794,1.549893753921017,0.9934657918152535,0.8055986970799567,-0.27038181955360874,-0.6929465181442906,-1.955554920337938,0.016356899855102695,0.38708182627032794,-0.20748548154594962
0.25689288640482116,-1.002952897488758,-1.011541031146485,1.0954314211184482,-1.4181068757993107,0.4216754843206458,1.4799090940121498,1.5401228350948506,-0.0558302585430843,-0.7470693529314263
0.4225603554193501,0.10666604855618333,-1.4610123400986064,-0.6415667812470092,0.3183803116797694,0.13670798860930428,0.10569200666633333,-1.0202937927129574,0.5652465994717689,-0.9336518785366764
-2.103442840648268,0.9942626341564734,0.09180306714343385,0.9484648583868001,-0.23251553219213525,0.6475157502409047,-2.234449077864029,0.696564717976462,0.04907063433019357,-0.4848167362745587
1.1734675416653175,0.5401252319178799,1.1763786727064387,0.6514388163810502,-0.07500348223848241,-2.6880125088347055,-0.7858258947534953,-0.23308161077566683,1.1014391017000331,-1.7306496776873068
-0.2692150891734929,-1.4365466251402763,-0.7503989786826529,0.4443897823512814,-1.5327739989428901,-0.7709131251490154,1.0016713625294875,-1.0818232557081275,1.582945460113595,-0.17077558183906488
2.8493278464285465,0.20701689948878965,1.614052640314722,-2.0365012662241857,1.9210509707429044,1.0659427361475757,0.19608964167145507,0.2310804186103046,-0.17874313773738218,-2.0746567108383838
-4.15324389985104,-0.6248966114016136,1.7775708053961128,-0.6301878077112479,-0.7852976986772672,-0.5107644308905314,0.5440311130822475,1.8326544760007772,0.8018514781709148,-1.4247937373193453
3.002374058198405,-0.6252248905663959,-1.3049518903447281,0.15969116564880603,-0.5350364349270106,-0.16800555441192982,0.04887324625995204,-0.1784166281195677,-0.200241039740529,1.1952978100973206
1.1513281639430113,-0.7795636317425374,-0.11502225600713206,0.8380297388364456,0.8872644152414291,-0.20997829300811302,-0.7882584707039954,-0.058572747226651956,-2.945365554071782,-1.0195381968218955
0.7742402530391983,-2.0413632071371532,-2.0128633964575062,0.28507064732506565,0.14399295774799295,1.794068549924264,-1.1376661633948104,-1.4960417976193794,-1.1635942629218627,-0.1120980501860051
2.300896065447799,0.5179367492878979,2.186193662850256,-0.37938728495853363,1.4278885084801445,0.5413391249351989,-0.5601851780617724,0.6551114491170554,-0.78851417153879,-1.325443515593775
1.7329636689221064,-0.874238569323476,2.232101937913849,1.503064804968805,1.922134350000324,-1.1437017552469475,-1.184028566014851,1.0428494010244667,-0.6352749716488677,-0.6984148622026766
2.2909736367128617,-1.2387079968258474,0.8377728167309509,-0.43269395269532956,0.7816855882620496,1.8447410058586347,-0.8933769478580762,-3.261390098623,0.89560282892977,-0.9780140588937262
1.9125281729844683,-1.8757100868634182,-0.8006929565035917,-1.6898247766215113,0.8299138956508859,0.2875029620172472,-1.655588979943352,-0.014835848542975144,0.4336367906611342,0.8960724338869859
-1.1193532637286387,0.6751307456062584,-0.005880573142665888,1.2660283417441023,-0.14526635710091496,-0.02806140232356441,-0.07514694045582462,-0.11791711323867338,-0.0649064194391793,0.3313457044856823
2.1683529560594743,0.39001096137893376,1.2410597603911737,0.033904810980066036,1.1809618003233169,-0.9684027424484974,-0.554029093875549,1.1894368485915616,0.9217685970271051,-0.5708124914400495
-3.0235069529186904,-0.21282840622832594,1.646618128185449,-0.055784179587508954,-1.2569785431056304,1.490394733672454,-0.2830676353502735,-0.5215549723650653,2.854860273161003,1.414712497218728
-0.9013866014966617,0.17586308648709878,0.09821775177358273,0.9051005925245803,0.1874913730584405,-0.3299877210459999,-2.012730929363818,-0.13511804511519945,-0.5258946345888043,0.5546050982512568
-4.32356577316209,-0.3272132146421065,1.372582935616404,2.1695710334226366,-0.5956981604825256,0.8055316302856924,1.041265972351414,1.0652600897220448,0.7635715197143143,0.003626032656675364
2.2589498190802924,-0.8830550384084216,-0.38292470082183333,-0.24222318122942682,2.8896239874156766,0.9319630177912688,-1.1409135889208373,1.7929724770050546,-0.25731580846871344,-0.8583069352029663
3.168701547813809,-1.1635222249863366,2.3262059871887355,-0.1694107214024458,-0.011793227768846755,0.10222875715954637,0.385929787628526,0.09261161582965578,-1.1460093557498023,-0.18652858253497173
3.1805135448996302,2.023483913260698,-0.1967004987331069,-0.25615242008382744,0.19672261670467905,0.27974851389825106,0.7743220689282819,0.8997976857288771,0.600214414138907,0.42058096439554843
-3.4257297672230624,-1.0188264540738547,2.346117176072385,1.370424072207545,-0.6749523405513645,-0.743011505971326,1.3417597266878565,-0.3063844265927281,-0.317548940210078,-0.8080523583999659
2.684931657916154,0.7459055841499392,1.5143474557844951,-0.5731287396315952,0.3999877142022931,-0.32863420010274325,0.8406985666240023,-0.5051275150645755,-0.41787410245672163,-0.34038707287667946
-1.0796064053483592,0.6228883745311777,-0.17891314396295974,1.241257141279603,0.250557039136932,0.17233371200275466,-3.174116424751936,-0.6539349886638188,-0.6435350063481373,0.3526200781137153
0.2361068095269616,0.18346678464683655,1.5979588128550433,-1.844636110168425,-1.8499959721237573,-1.1919955480299231,-1.0252184429350877,-0.753553292076162,2.1280935129833916,1.0091410806983363
-1.5050717891896672,0.02025407320102801,-3.0062473359864894,-1.240660849866026,5.2487409393042235,-1.165623758568525,1.2511887731696019,-1.9219879998541387,0.06038228171312042,2.0864314392943673
1.6461225358305893,-1.7243245720272324,2.715224845856762,0.5597319116766168,0.4462345843035724,-0.8797308056119413,-0.5645772861831514,0.2494793386221575,0.5494592737735938,0.471224778087606
0.5669314572048687,-2.463636571983047,0.6718992320823292,-0.004305949240271051,0.552712723316934,0.2823109627702848,-0.09683178304082424,0.32219301124122135,-0.2869648449847587,0.9974568377267555
-1.136707181800785,2.3078515097859764,-0.5822432664524442,0.6759675561240073,2.912905731298391,-1.5321665107477342,1.8390857057203651,-3.3207934373506287,-1.5880609862306212,1.2056703415669932
1.1648781939175328,1.460079488839387,-1.9450037491582086,2.386892177865191,-0.03385996842598532,0.20436460755910846,-1.0432330941471024,0.6943730688319601,0.6657650390057337,-0.04416002676761914
1.4467495618139772,-0.39809609064389695,0.8482199642933596,2.244510800247943,-0.9566055696104835,-0.3541845746045492,-0.7656058174075573,-0.4408706451393042,-0.15309274303624174,1.212008950593091
3.9331670036810045,0.7847670106760599,1.3454628453746218,0.58301612701673,1.8666167171168424,0.4576705976457462,-0.8031616409132974,0.7586471375273978,-1.0253882786976676,-1.6972755307991516
0.5016152181559281,1.0523652744593484,-1.4321594852634285,0.10934914943131982,-0.43536209185420843,1.8136808666243065,0.0037521114214049333,-0.9575157790543886,-1.6331449543752234,-0.4153672858067287
-1.792736700143821,-1.880622192686739,1.4047944951809017,1.3140396312762401,-1.8542539672967198,-1.2902682289358893,1.3366684710794243,-0.712627004701144,0.850135946024007,0.8050554405220014
-0.20664861993285952,1.7566016077647875,-0.18688964308259512,0.24895590877933804,-0.8872474825606028,0.5364196590051841,0.744343621177528,-0.8993150293377361,1.590526473501612,0.13901142709753006
1.282771850077713,0.32445687175823507,-0.6174943974479808,-1.087063431199834,0.9951404798822994,0.6529288515667689,-0.19637984221110202,0.9974541871203401,0.2224149883672116,-1.1273414251183047
-3.8495332965600775,-0.5671919597729088,-0.2524701466961524,0.13089221969146486,-0.736704587757956,1.6597832546430615,0.8996271971945969,0.32495665642313576,-1.2931225873872179,-1.4332393228835374
2.8048367827539873,1.7874798819442437,1.3185840842502028,-0.8819123992227687,-0.02712934661961309,-0.2499745079198433,0.527265518429318,-0.4003232554608097,-0.21716125702604394,-2.2076226218354384
-0.3171031886044738,0.3933278511954655,0.35767567106074644,0.03942785029284143,-1.382607695744418,-0.11745320985798068,1.3916570983335224,-2.4615793601431486,-1.7308094404377283,-1.9503872577827839
-0.8528335089467868,0.5891515362418833,-0.40982154827491013,0.3869735278187647,-0.6147711553769344,0.30405235495482924,-0.1413556262674851,0.5987922133877177,-0.8695563635669175,0.010003435836198546
-1.3739310379913212,0.5633884926188452,-1.5354758882907862,-0.20470577335784887,-1.2349324319897388,1.328497546754171,1.2276630489298024,-1.1856663575504847,-1.662057832295394,-1.7340226647058836
-0.25179270149543337,1.5387732220650043,0.7580747503157803,0.8225379282990888,-0.7065643603816011,-1.4317290490918468,-0.6747736512706449,1.1431224304946361,1.4636905705901893,-0.8925966856660242
1.3347861423336311,-0.4264439180056333,-0.41663397461542134,-0.4071240809322951,1.856958070722176,0.7560039517838997,-0.6376302862502943,1.20354582338808,-0.03885218762043789,-1.261613153357234
0.013562616918094295,0.885487762035266,-0.7588731681656157,-1.3738280298859724,-2.7191445397787883,0.3044482772131779,0.8848510651527481,-0.7051716902698665,0.7939104508678381,-2.061465421992264
-0.5171872008028758,-1.2061230903896503,-1.805508911143668,0.8316975425058364,0.5503083414812535,-0.3828251112815457,-1.056506737607801,-1.5890951632724246,-0.1461187646520232,-1.1965685278097822
4.38619783358446,1.256608692714107,0.9648096870163906,1.4573684158792086,-0.7737346698491838,0.5927285817474476,-0.29904377546134325,0.23817287938099121,0.08555557262844997,1.1683074224307362
-0.21616410070752493,0.01760051852113069,-0.37987704421522256,1.4671305233622047,-0.1585091375890526,0.2426493159294312,0.9283120748716135,0.963377888955514,-0.8931488560707086,-0.1523056286098526
0.9815467527261743,0.5770691039239153,-1.0211896172805623,0.09858938006329122,-0.5061633351104415,-0.7013049249978224,1.1155107461518468,0.23386149285456134,0.17633858922735915,-0.32773122385351916
-0.4595879727456576,-1.2311181259032506,0.16799827920507013,1.756961394571558,-1.9090344578042997,-1.2352279356945086,0.3831964914819067,-1.1551899354878403,0.03738282809586135,0.8373477862368028
0.6947029458681155,1.6929058030104203,0.04447462760074426,0.21889812139985645,-0.5456197017730103,1.1305170075364805,0.8318917746291403,-0.833441745582677,0.6013554229782282,-0.3005262982244775
3.7484847685806155,-0.3302331186588962,0.6595814903115839,-2.084547373555379,-0.10599947333531021,0.40191972941464627,0.3820267653054216,-1.149331434279722,0.09578931269000257,1.088930393526489
0.5144583889199522,-2.7938019474829683,-0.15347667488313818,1.1721589657314502,1.0123715359217775,0.025725363870649352,-0.418953608390882,0.5665210345171576,1.053579926181227,0.47290320016277276
2.156002266105559,-0.9815822194283281,2.2964184713033258,1.147659349940262,0.08704849100814105,-0.8343899719164382,-1.037715519151183,0.5595706543896517,0.41972091770799075,0.4972269277141061
-0.5782001024898814,-0.9354576142469474,-0.5013501039659931,0.9205110594245577,1.164305266182197,-0.396829624426654,-1.8530318694359103,-0.32246482810475224,-1.1832291865796456,0.08453142584863549
-5.205911758160864,0.43223461489703285,1.5382888889248931,1.3852714640823942,-0.43088472548162066,1.0428718471065057,-0.7167102384437245,2.0052672153003255,1.152622044437519,-0.23508238543910373
-1.2095434468168655,0.00742417804269263,-2.498844426830333,-1.4584799859729882,-0.3710414889743596,1.3586313775808787,1.3448198474859452,0.5357522839388575,0.047144444879840916,-0.12068591185823029
-0.45155466787809484,-2.887339998961369,0.0909894823557647,0.926006390118457,-0.3209797277753389,-0.585974862548177,0.23040887542636831,0.2543632046569297,-0.2587187662953157,0.48082119017151376
-2.3379955287052177,-3.0368621303709067,2.3430992864440086,1.029575575411199,0.5077987472815568,0.7416804250235942,-0.2699868653739372,0.6583628879065827,-0.14670815728596914,1.1250343343701579
3.198664230437978,1.666763325314771,0.5781120882628699,1.2717256823036232,-0.22610777449977498,-1.1348829880728366,0.11190373901896669,1.1386656138539308,-0.5556768433731611,-0.2308337748709409
0.47706929973177026,0.9398968698736535,-1.5399767148744261,0.01614156371900934,-0.3656801365331756,-0.9464688402359657,-0.24514708511735328,0.7240962253392429,0.48368205845653106,0.3343449194768963
-1.07091531776565,-1.0330852939074975,1.0700383708833892,-1.7537524332495469,0.19731399455318646,-2.326652952247945,0.13622450938786196,0.017316171491933822,2.1725865344339437,-1.4389105761856802
-1.3187911460405877,-2.0980977829468723,-0.9794143812756768,1.940804439963339,-0.820116967445121,0.6585263807877021,0.5852635494710754,0.3194998795475106,-0.14099288062378335,0.6882669550368674
0.753203295859975,-2.597986697748434,-0.48275823633020204,1.1536390384044393,0.2518681955059257,-0.49086342609431466,-0.5728762032664323,0.6842085239164353,0.21279765947733192,0.699940526947709
-0.27638838024645085,-1.6366750134022885,-0.6338789013795039,0.9213651925980865,0.8483910420026276,-0.61452377156327,0.10130998913232173,1.0116572704855937,-1.3924004788672806,-0.9350098974586097
-2.0764595130290404,1.8882826764072984,0.031934267670829984,1.1623789141510505,0.19640739787287972,2.49531654401474,-0.14465458486477037,1.921596367475866,2.157186266897045,0.4024586355691606
0.5655863371326151,-2.407307117683233,-0.34392072803122936,0.047282863080182994,-0.22616321581885007,-2.015736781688052,-1.1131958623490135,0.13537384764000482,0.4316162502458298,0.7074267705963281
2.598177425429066,-0.8382995073180777,2.8353396342177386,1.5869361230711416,1.0812915459545205,0.7546564049846042,-1.0671647845502468,1.0871336856257519,0.8409516043179706,0.7822077202172607
-0.37600480676403636,-2.934611431865113,0.6112238191602376,2.0338221669176444,0.5465756408631725,0.36049919708198463,-0.8655290512901718,0.355872973585986,-0.5975015669904409,0.18328953660528763
2.782182392966204,0.8937993650488889,-1.8078173104932695,-0.7261943849111078,1.280370751239895,2.2586245756763774,-0.1247291581338617,1.1000349390687048,-0.3218933620372763,-1.3650854082082802
1.4751567362844027,-1.3055543830970917,1.972025532820046,1.5276466049478399,0.48316203327943047,-0.0729548183049906,-0.182433926544804,0.41846411264604605,1.119866554045886,0.9549613547111486
1.8694490930963394,-1.0870041203017873,-0.7016141570337338,-0.049096349119241364,-1.0807561510353598,-1.156850821309797,0.9855689280226171,0.2717065361609727,-0.017538349902407536,0.7689050783415267
-1.6706790266505815,1.4870639085440334,-1.5465022927036043,-7.110726285108661,-4.145063445329047,-4.297653945552405,-3.47331912734687,0.9136473513502141,-1.3400178052052936,0.2780315170427876
-2.2332607787630034,-0.7728805323514484,-1.815012614194942,2.0454390549876926,-1.4284353071476035,1.1750706695976973,-0.5330052640906069,0.5991486904706301,1.3465591805805657,0.5921493945236566
-0.963537693087786,2.186178811875049,-0.8637638952851174,0.4527835108077493,-1.7082186880108212,0.4954348191691123,0.855705799971155,0.07940025699148576,1.2791170328744073,-0.1772447629144689
-2.1425509919355092,0.3969247922414491,-1.8642567107513215,0.4552962386214791,-1.4133527115234392,-0.5980430510682064,1.2669951028828776,0.6902492160057585,1.1247111278746051,-0.8514370833273451
-3.858216125930112,0.25317380360330016,4.531554379721176,-2.8312413966120715,-0.723513903594362,1.184309864275394,1.1537344917029926,0.913960427187672,0.4746684925442713,-1.5715289799214192
-2.5406455313062626,-0.3767563230582664,-1.8334440827310132,1.6933985284200719,-1.1693675059507722,-0.17551775126080701,-0.5168306178170801,0.26895152682876045,-2.234193542029068,-0.20585471740843225
-5.816507883093081,1.2171633135498203,-1.913855915387374,-1.5285601517529925,-0.5809652496928414,2.2658171603231354,-2.401888028155408,-0.3865434334279595,3.3677917419805405,0.28517109301801163
-1.17181018357124,0.8937347218127478,-0.7539379867516744,0.7911426823315022,-0.04527965474440417,0.9738483751029701,-2.0898777072548174,-0.03887906535234636,0.24341625863015307,-0.805121657382303
0.6150541507338938,1.2593755179807955,-1.7266716529981523,2.27765764355404,-1.4340087478967538,-0.884565874545702,0.5265703854772324,1.0165621295171146,-0.8004017139195279,-0.777155591394328
-2.517325043844727,0.33379767100409863,-0.29076291180060376,0.7597505040558477,-1.009575618160864,0.21145163480836907,0.3535931556001418,-1.146833277059184,1.2651444616563836,-0.6509661818238477
0.6032090880143784,-1.3056468512289716,0.7043717409231082,-1.173197663585352,-1.5590652534812754,-0.21145872672333935,1.55286047183175,-1.1665651539854198,-0.6292162270802316,0.4900725425576646
-3.334847431396676,-0.5950359320040958,-1.740958658521552,0.15507080478810928,-0.25347453687593013,0.2289245604750753,0.6845258606258241,0.41080657239629437,0.9080942362752454,-1.3672563990276894
2.3450195190984826,0.730045212022752,-2.248713391187818,0.3686131853945164,-1.0922154487006073,0.2681900295621939,-1.4759062323507566,0.234708922956378,1.2068143752930096,0.6063934260090149
-0.14397493514833723,-1.161120763050684,0.5244556844650105,-0.4864939416871055,-1.8498270172039173,-0.040480794715053635,3.1426271247085675,-0.36664466589909944,-0.08796639635126308,0.4321129339572368
-1.5869243938394602,-0.46350828320958304,1.6815591841436939,1.3858188854280316,-2.1458362164390197,1.4044163000085916,0.7284162621781394,-0.7550038867485994,-1.4869047630460674,0.20623912759526436
-0.5789841103521495,-1.0784874278256267,2.3678625879109627,-0.7120992660454607,-1.9929646303894448,-0.6490158931723383,0.47821202093868903,-0.9913793509927445,-1.1113410579252447,-0.3761048967179296
-0.3039098661419115,0.5971456374266157,0.44697688166907606,-0.6998469276760841,-1.1115050530784691,-0.5379156802028018,0.7122076482146661,-1.9589768695501257,-1.0934878778138266,-0.304988149585636
2.4868887373379414,1.9940125717048283,1.7443406011879845,-1.5824848406832843,-0.9227493939139786,-0.38468843156548427,0.4611660144082519,0.08443131729168418,-0.8099814948022969,-2.0471365491423392
0.08131556738064284,1.3165242254312584,0.37102508750632446,0.5532554630518888,-1.277774566133757,-0.5190255036045522,-0.6304567710046477,-1.9826016470850303,-1.6709812900645935,-1.9955303058881149
1.1319927217936192,0.3132164593503453,-2.5139984293427546,-0.4544192438782032,0.400435044823131,0.09803785807984114,0.20668716865751255,0.5693589427099913,1.2771987539198735,-1.0621771888291365
-2.159881198004127,0.05084466025424871,-1.7014193110948093,-0.4778339852172146,-1.415007216460532,-0.3060578751671809,0.060181835390902716,-0.8512077093345458,-1.3287487640963611,-0.1536964999190251
1.8344220283272088,3.0723933874614557,1.3783615557630708,-0.5056599803948351,-0.6017000249282225,1.9813342430163645,0.35498993702022746,0.26998231479689383,-0.6142318642924929,-0.7773429514402606
-2.6838447119069526,5.0894382527839435,0.07143903328992575,-0.5192651087194902,1.9677083310663825,-2.346220225683031,2.272562399626569,-2.7427342197066378,-2.6457056067405667,0.17044678416118594
-4.912574103225492,-3.1264559631823228,1.9979193629486869,-2.0465546140997426,-2.2698579943856716,-2.0916309749896875,1.804783475814818,0.43540613138923395,2.3578935069699614,-1.1187139646069018
1.3212554882310088,0.17995205845591877,-0.09401885239624663,0.9307364416315551,1.4345867797066583,0.4381646370273546,-1.6684907580954549,1.6440071680740904,-0.9297428761848643,-0.5284423088258462
1.5019904330177716,-2.6463017755596963,-0.6646688499819089,0.1027640057784936,0.6969236096236072,0.43490088662002696,-0.05986290197007476,-1.1980175336597796,-0.04395747439768998,0.40271446844337405
-3.0312674168607985,-0.9970044020517462,-1.1876063165291737,0.33770536360786924,0.2912690396449227,1.0674867726043036,-0.6950443486664932,-0.1572882863025497,-0.06497344129847368,0.08958351325524218
-1.4502636990797617,0.8870677203879387,-0.772166624515088,-0.5361766386693888,2.5137400369801974,-2.218546046648869,0.3009106971644104,-0.91296612868445,-0.5527488228464106,1.2039044498325202
3.317847859079096,1.8135584171358277,0.9716517783143507,1.452396575185518,0.21883528172629904,-0.07876874110591864,-0.6936490367340516,0.5637811180653894,-0.557084889011832,-0.7194860989509189
-0.9023487532574431,0.3090968764347342,0.39330923929872674,-0.3715367105069984,0.5679559748762418,0.5141895713752916,0.3777225643743047,1.3306666921601866,1.9940341391091694,-0.7668571673969964
-2.793593422368295,-0.23559206095731797,-1.3849269490074858,2.1254172117079455,-2.1504779387016337,-1.850585126861911,0.4204804881898811,-0.1768175682811795,-0.6714400733503031,-0.9860247512869449
-4.122137371277548,0.987892864648698,-2.2325667997082723,1.0497466064912184,6.273258357190403,-0.753754236225829,0.25260909842367774,-0.7884847344698985,-1.2969510934290818,0.5095965794489014
2.2916222283877103,-2.033653957273751,-0.710875059419085,-2.253027378723886,0.7450167692935857,1.3609944396694797,-0.13246124130088394,0.10204751656951,-1.0783123759137907,-0.7429827626690706
-0.7208589866497089,-2.808712191943828,1.2311396198886058,-0.24111926375512066,0.2965479228063046,-0.9514972869580219,-1.4569734059474242,-0.5631617641841008,0.3001824073407079,0.7596108839561846
1.245354957943638,-2.1891205217933782,0.9405500652259962,-0.6680735679370849,0.2788511036540747,1.1750102800709945,0.25075985297524694,-1.30266111687842,-1.983694730912417,0.005291692855637566
-1.89989036357016,-1.7273973188651424,-1.0937041862578598,0.27274548949230126,1.016568324520243,0.9468121728042311,0.43790383343510214,0.31532061183365273,-0.25021235421786586,-0.3762826520695444
-3.374668919497445,1.4263652048451738,-0.9627463075183719,1.4143805564381153,-1.8378831017453012,0.4557133335724688,-0.3293045097705608,-0.27156418783878594,0.9468633382526846,-0.4245073670240457
-5.909192011912511,-0.7870716718354486,1.805873602102172,1.1285449401141288,-0.15744035111602642,0.8306324929219875,0.6668664608712511,2.1627613363360236,1.224517115803346,-1.0053706139129421
-4.049070656725173,-1.9702790974636455,-0.7969536027630442,0.4763906619482147,-0.7119522192692846,-0.8305071598938149,1.469062937169568,0.30695844146872275,-0.22153383534652796,-1.0236043300728896
-2.386987275607215,-0.558961542301569,-1.9131326970944191,-0.3323495638327664,-0.12990823143217242,0.49291789226191474,-1.0623078819914629,-0.8359254141257079,-0.5989124295974698,-0.4278607845007162
0.20646948083913205,-0.16242439890127677,3.2158762312227456,0.2505013723333601,0.6328596387158956,-1.1639068869080031,-0.37800302798668717,-0.6978932366929697,0.3983174716751467,-1.8106182017902042
-1.5293563462598856,-0.8784461120897058,-0.057903698079665174,-0.4668651537356488,0.8886508989280724,1.2422101306706645,-0.18920877483686327,0.23041587150028553,0.2888585877690865,-0.7531020613963512
-3.5171684665469076,-0.20829832153204625,0.6808908749103443,-1.229163897256574,2.0106832060042588,-2.1844663185171473,1.4347206649191855,-1.9015864986207802,-1.8913549952343396,-0.4098006794595971
-3.2808454344967215,1.3548327899145174,0.7798917618353773,2.464566463506978,-1.0872604725562112,1.5104512929167444,-0.6054339905988415,-0.145246667180348,0.285619774720253,0.018931555819031148
0.37949794481694044,-0.9356729863436124,-0.5831657985113622,-0.6062420055276545,0.6835525514097539,-1.4005903455663236,0.274089155441088,0.6214286920802585,-0.281605223901137,-1.1764204137410381
0.721369443182025,-0.5616268315134549,-1.8449233104466556,0.6974283158280876,1.1861703400076047,0.09945934513648863,-0.5373421160476345,0.6153841455062099,0.6911178242222796,-1.236089405310164
0.8954182510495675,1.461226224406042,3.245979483133913,1.417823192923231,-0.573062050412425,-0.5276708313049614,0.18875398834233414,-0.08796400034078085,-0.3752228134094046,-0.13439856905316933
0.6735456215018125,0.5204182985854442,-0.3147342375290925,0.10475313999231063,0.24920415829058107,-1.1394332803143392,-0.20201144975946964,0.7929606436766375,0.7713494446711753,-0.37649602021091
-2.10739807067181,-2.6604646514997836,-0.9798215906407763,-0.1514375964403738,0.7876983393987875,-0.6647849376771285,1.042968125013531,1.0380146435537416,-0.3033850987017782,-1.1370625717074878
-3.033850248844751,1.933674373073113,-3.3247605003070504,-0.09198537541941139,1.512350920306851,0.17418005642718593,0.4306102819746249,1.2258358424269808,-1.7903848136360847,0.5358805835680631
0.9971584275208936,1.2836219478391873,1.3643373418075033,0.7407567134924081,-2.26466256177937,-0.5179183563789869,-0.5892631901913309,-1.8446207579616611,1.5946441114910406,0.7386712536745875
3.0593818494844727,0.2927188482879745,1.6917545491426262,-0.6381265654412573,-1.7546844375904733,-1.6998411718220734,1.1513009926882805,-0.4488382001239831,1.294075832924672,0.7427517768047385
3.5872804831450344,-0.18029896960177158,1.0515991548780061,0.4045241247866331,0.37637438008151847,0.20705110397042747,-0.1881440777797849,0.6970632378208775,1.175043871630441,0.6604007305369612
2.9999047903511884,1.5599160032136294,1.4386648240276363,-0.7487894914982876,0.6406127509092688,0.580656465675205,0.5419052166301304,0.03062505978617111,-0.5918464070893982,-1.146909460221441
3.414203143220651,2.2528046519123555,0.2898211266589605,1.762965586336475,0.5967376373746732,0.1920688461293654,-0.9017142943499412,1.5284813851482,-0.06982990574279899,-0.10359234644361079
3.5055363541398,-0.7807437924198435,1.2701981894814143,1.7087540959489858,-0.8865734450004736,-2.100753545134713,0.7291904760292167,1.2888882825282522,-0.3662035794805562,0.12715906271029265
-0.1453044760265936,1.093699018925582,-2.4348550002508134,-0.06889273348659354,-1.67571359905419,0.24581876334186453,1.2847230899777886,-1.6170870222444673,-0.6866446123412434,-0.12670441679912892
-3.7078090158167254,-1.7402732066138413,-1.1322340223953327,0.34789216991502475,1.25768619204247,1.2674049939674257,-0.9361434983278872,-0.19691912522057312,0.2400369877967678,-0.6875111572638235
3.425954157664856,2.373825656552258,-3.4463202196509886,-0.04536158783433816,0.4874036750199996,2.066629748226887,-0.2758023374105555,0.12204255364750585,0.8883684850853744,0.21203740881110875
3.946857276614009,2.8253897033318642,0.8853875374864774,-1.3537120614435447,-0.03219431196985648,2.0364589982463825,1.2067867049290288,0.1609105562924672,-0.9505765207017542,-0.7624002645855313
4.093993497846044,-0.4066119763187803,0.7060589826544268,-1.5442873891928222,-0.12717499780097824,0.29907087310540637,1.9540380674355937,0.7371505530882732,0.9441517756067608,1.2070026471747666
1.5936485061953454,1.786355319022559,-2.1257106292046593,-0.041057189435588226,-0.12365575073859812,0.6876077826268624,0.21830790208964426,1.914237359664934,-0.19177256782107074,0.6851230942469975
0.8721720381731842,-0.13557921051552418,-0.9818749782439833,-0.9669732771499494,-1.3402720883718178,1.527283584723407,1.3280310690848836,0.5130335973340061,0.6010219006296227,1.4996145884808392
-3.6592874804628055,2.2515664893656084,0.19118683536255598,-4.612259746837533,-3.4297818510310014,-1.0510097052388139,-3.5855273044549123,0.4662532277021524,-0.7932548944289536,2.9341506627833556
1.4055390540583759,2.5668557110996293,-0.0614895564452028,-1.0815781769545725,-0.33030215316873984,3.04479003968218,0.3424014626741202,-1.5604799610715303,0.22468747838514846,-0.7952567503340918
-3.203850714677875,0.9058311238251459,0.5596319279048242,0.9085975215378205,-1.2435922925072331,0.025827348253250178,-0.023465455828068443,0.9513131738528012,-0.07617533531207926,-0.5361149650314644
-2.225652636797795,0.961883542405221,-2.123361685529794,0.566202346109366,1.3056398600505126,-1.8176305342299997,-0.06036885959084582,-1.4846072190969475,-2.5915574121445473,0.17295031912527456
-2.9488766814678167,0.26928025704791236,-2.292141921365624,0.6929280129764677,-1.7412008484490678,-0.06390314495814335,0.3532776801190715,1.8930872995734298,-1.8860832502704517,-0.5523428269237867
0.45638971111987225,-0.11551562363178866,-1.4579160601960617,1.0920689729411717,0.7206707280960523,-0.40753071010954156,-1.5618294886441166,-0.32889204691487106,0.7045467839559202,-1.71617558845787
3.558962260115019,-1.411206847370552,1.7017944914625984,-0.804726002382772,0.42920808060037463,-0.2722291342602997,0.7338261454682392,-0.9282428118479983,0.507749644962539,-0.6691921598930739
1.1193117881505665,-2.613575400761904,-0.5587233698512281,-0.039181395145721366,-0.017774034885988627,-2.218601201561337,-0.7946621504375483,-0.2531450343508104,0.8541432917225186,-0.5184590328204622
-0.7798946993347319,-0.24645883527993978,-1.2713538750084226,-0.6546927184584315,-0.04655612031820097,0.27915006469047293,-0.14574420955272835,1.3092618694912321,-0.00651093822578414,-1.4751712058220006
5.504145340634781,-0.565080469454572,0.666954015593427,-2.414505374909501,1.6728654122034259,1.6493236258071302,0.34543094786326184,0.21389956991492837,1.700280962357239,-0.0059907692711127745
1.5972776961375619,1.4352538679596407,-1.5858356085320149,-0.24164845204289112,-0.6905190507506365,0.597839782190149,0.3917283746264685,0.32281746159664765,-2.126277915851773,-1.2987160776202387
0.19377795202260983,-0.8834676735127538,-0.9115687414958487,0.09181437709488893,1.1805627671116952,0.13643476112739603,-0.6944284186637313,-0.5268125277090587,0.36222285333893794,-1.1723947135141795
0.6906626924070551,0.03805173462683788,0.5863896785196321,-3.375905370784549,-2.442833286420727,0.3614465766233058,0.651955811511728,-1.2925453862214515,-0.6788651191018892,-0.5580239096491675
0.8891407673402674,-0.9984476485255405,0.3990122990055217,1.257532682730657,1.8075226661554307,-0.22897217211499427,-1.6711308378402967,1.4588525794680272,-1.236732511790206,-0.7335394184628085
4.049582937246795,0.32611846171170344,1.5194615831169875,1.376310513774392,-0.2540572267976017,0.14611805076009027,-1.0563363316664731,0.420908115677395,-0.19539542707602128,0.9485908956560271
3.3422518572374225,1.627761343629968,1.3445740303109914,0.5658180478759205,0.44160762968283135,-0.41138492269297666,-0.6373430127938499,0.6888736551058959,-0.1357426116335971,-0.1484433478924656
-1.2515901474309927,-2.023106333072416,-1.4801717670299084,-0.08003962963396372,0.6657399408306037,-1.0240600362554624,0.3312670480346172,-0.3997851331957223,0.39213514530497606,-1.8904485157401199
-0.15542223989165432,-3.0483553276534665,1.510436922981794,1.0137305901627296,0.018053147771264964,-0.043794248080000854,1.1912706014041035,-0.9452569811398471,-0.6319607577798655,0.19144082077389887
-0.01424833555894686,-1.5356347782019606,1.2321870295960535,0.7412274288357041,-0.8573027587359008,0.25227839238023925,1.433472769571721,1.4280003238289782,-0.0846969482156257,5.479302004559835
-0.9216745620464947,-0.27497259808979774,-2.344107111745505,0.7336730189338913,-1.4600806530774595,-1.1663118676011917,1.4445138074682453,-0.16024025230676456,-0.8682762685266987,-1.0954591484186365
-5.58457465298105,0.5198447494971526,-1.295094402910742,0.3193669159887614,1.0110085267138642,-1.6350018471638252,2.245694734055426,-0.7819663135068381,0.017911212405569133,-0.28191987952438
0.5765175982718599,1.6622114841920121,-1.8458070406484637,-2.754083236362185,-1.3728912934128494,-1.3245296949061562,-0.09012629410473096,-0.34572171737576385,2.425113135118035,-1.6186523130282535
-1.8251048618072332,2.6620842362898447,-0.17644877061208755,-0.29463945267824776,-0.8451320545017962,2.5301417294333097,0.4758221051657182,-0.3731592173133126,2.638319762985083,0.13556516088825352
0.24663665695644316,0.9462658044358628,-0.4037766731519364,0.5334002217479262,-0.8963084258645324,0.5355547879466565,0.7959738667616234,-1.7674606497563403,-1.0518877094943961,-2.3828108414297153
-6.286676005989193,4.09943184820492,1.4812824593366274,-0.8582992648799171,2.8353697825103796,-1.7524008812488108,1.1745787032275785,-3.244252742593459,-0.34814740764393765,1.4492162435939755
-3.621799831485726,4.706719580047751,0.753855786044046,-3.861637426399664,3.8897560889188934,1.1065963533531327,1.9422599009874955,-1.9573748961465929,0.03294049530383045,0.14798367587693112
-1.343153734629953,0.33969108069784465,0.17216449745302637,-0.6800879005472465,0.21289951866222712,2.6316642622219146,0.036451746497476206,-0.013720999542983139,-0.9382672741420295,-1.7388757849870802
0.407629897801555,1.581985931159362,-4.949001957231795,-0.60532053770226,0.729032634575055,0.34615489412866823,1.7518772637076516,-0.6020245323901496,1.0285423159127134,1.466218825663754
2.6173699344968306,-0.7364781079515734,-0.4813282330140793,-0.13279433576543206,-0.6416719763891652,0.4638957379422971,0.896046443129229,-0.36876390410554066,-1.037302679859347,1.001629181012584
-2.6931203269607518,1.755575733810339,2.069275150440496,-1.996998668634283,-1.158176618937594,2.229873633907452,0.12522749395680152,-0.08121530417817628,1.0708373398621416,-1.913523359469933
-3.1390097666316468,-1.7726897953827934,-0.8918805857508788,0.18749413784406047,-0.11919048928109245,-1.2833583598221072,-0.3085475119324676,-0.5345229218462897,0.5263700046566265,-1.5255979974259946
2.8004408181151024,-0.06742795641028611,0.5899031912254328,0.006574783727295416,0.9566664117612137,-1.8645611382434233,0.28671879889149215,0.8131487567713203,0.511851622666116,-1.6900631952857197
-0.5376080050080261,-0.42945975789438,-0.8065967661283209,-1.3841735949056426,0.5970774700211791,0.0047744311567131685,-0.2163320761519388,-0.14879417233535677,0.38398824317329133,-0.4655834982651605
2.5840809172375763,1.909874664249562,1.0318273939415694,-3.4549074913753617,0.1582058069070653,-1.411291149514911,-1.1686780622728776,1.2825754948103711,2.541590238871722,-1.8335577583364415
0.19470905006214886,-0.5203213405845515,-0.9193157900787307,2.61676053686921,-1.7260586016777726,-1.090215768884142,-1.389792772391776,-0.7232695525095415,0.528796855044392,0.15431390495144462
3.2874336249505407,-1.6011793438644857,1.7998398186364821,1.0872302546750197,1.3515217992903534,-0.2002722037960823,-1.1049429284573917,0.8403803852690475,0.3557004079746329,0.28669561867496357
2.016840061918372,-2.3927434544887602,-1.4379825889740134,-0.9082310767789024,1.7729130251886116,2.225603844285575,-0.4015457703429599,-0.01582357064388176,0.7064377591052184,0.9756308327129919
-0.9504414244639466,-2.0042511280985025,-1.6497402600083497,0.5394698993378512,-1.879309821432645,-0.1665132679896677,2.2212052309102743,-0.7263080891319089,-0.09218926963211914,0.16469051231783718
-2.621670054221414,-0.19847954579594546,-0.4843415336065582,2.4024269739988626,-2.648474568693101,0.24667089958763452,0.33627816574542163,-1.1385197653032457,1.391830758848261,0.4454345369530057
-0.3703851572387807,-1.0079509031292622,-0.34371320977663106,-3.0818792663791528,0.14696515328901974,-1.8157643898569975,-0.5511894599429285,0.39459938980251885,0.9146761260809249,-2.3904460874192592
-1.0612557701449417,-1.4640139222745037,-0.8179759208555879,-0.21949359452455391,1.1742576162029847,0.8526580205766346,0.019258011816967013,-0.7397067844812392,0.5973742240149184,-0.9088160637390109
0.4255582549806812,-0.937751235973221,-0.46686594861366326,-2.1433609653567607,0.7266518615207381,-1.4851758855735027,-1.3742308828587555,-0.7216395780048839,1.1130050377959924,-1.4751234060932767
3.259324580045614,2.6281020714623757,-0.07601565810419478,1.6780430716737669,-0.5000279565075871,-0.5991284449116497,-0.45193749113305764,1.834214354863211,-0.11319537899594742,0.18079526745422247
-3.2151744975852687,1.9671496684132137,1.0787108123768347,-0.2293765319713828,2.6436321416758264,-0.3814610992245138,0.2648068846977615,-1.0761989031791328,2.519931832259728,0.4628355099322151
-0.8173002314470703,0.3327686605631162,1.4632514964053007,3.2432513649065307,-1.5541932215432304,0.3882322336036629,-1.6424841216395836,-0.7340161976061558,0.2770894361932123,1.7166004708628968
0.9144023077629831,1.7827073599319112,-2.0148854683153523,0.7204500570537643,-1.4744850179479112,-1.2006477490443193,-0.46153693170957527,-1.7822865994745718,0.3748531221546666,-0.09655311791554536
2.06944490373037,1.1114690994038088,-1.6809064253568085,-2.24280279277386,0.9760257721279232,2.8042923357677214,0.019787021453361104,-0.006038617783221516,-0.24298573246889518,-0.5546537980036516
2.0989478784347844,-1.0589102013909362,-1.3817597618769437,-0.5207535592238379,-0.5927012951297858,0.4222151535940019,1.7081396928239725,0.12832242550494183,0.5653675853028852,0.6691743063066077
-1.44351300014905,-2.378154002563293,0.10303422917991484,0.10238612544061759,-0.9575309255338389,0.5808695348721583,1.673665138365056,-0.9680933056076906,0.8000930340097132,1.0028531942410785
-1.438376349948493,1.3325949512993067,0.5830284088915129,-2.0150649969358985,4.200582158000077,2.3196618232125106,-0.18640553040202787,-1.1745451135100293,-1.4343825612005368,0.8078825931062183
0.1801163265650322,0.048333293468532934,-0.03889600906239275,0.9177091998142379,-2.1044700153145195,0.3945421052930338,2.7262402745536365,1.2910088839264229,0.9660654691865046,1.21775684833438
-3.7386655811267615,-1.7356370189320636,-0.7214489457974598,0.8053851944308837,1.943495101587205,-0.5294954659187979,2.5649496866497676,0.3192412779792931,0.2248290459921685,1.1939007366556509
2.83996208651455,-0.11118132321584398,2.8705874076775277,-1.465363840220061,-0.7514846687542389,0.9961867485932098,1.4753023469490911,-0.46811356117212616,-0.2522858699080251,-0.24406255597573542
3.3355971184366724,2.385058868918039,1.1459454942874059,1.4553175010127313,-0.20101751722277394,-0.38092854926211944,-1.172936078851819,0.9486832153386544,-0.5512618166217218,0.09043155779409283
-0.44721514694836767,1.7016904552561354,-0.7216758044294752,-1.2787556744609965,-1.2721149568294954,-0.05030813811141533,0.20425459590538625,-0.30702115885070247,0.19896360561768076,-2.364971674503186
-1.1573166421948224,-1.0321865458393318,-2.6982008159300377,-1.0046910208196096,-0.5017314290446983,3.667656514398437,0.5422675684202072,-0.9348059094242404,0.8437471176778164,1.365747253414983
-3.2523558664832275,1.2299723939954827,-0.24015558261138858,1.2520324244378875,-0.5675130543136061,1.8113563635815118,1.1920447405305383,2.178299095937707,1.6969639850401994,-0.34043223799290623
-1.157325715731707,1.618429828350438,-0.15807589992018195,0.04021608520897057,-1.0111091902184002,0.18174167891522086,0.03366047763948139,-1.5793691106220065,2.134678651642718,-1.0265197362311616
1.781902681163964,3.1516057931578674,0.26839025218233037,0.3852233370255481,-0.9188810610727521,0.9536461169906244,-0.4690230194463822,0.13407810734012976,0.60633007132722,0.36691544937514303
-3.561037068721219,2.424189009754565,1.1242972268460751,0.5275296107280727,-1.92972159728495,2.1563018268645857,-1.3612009186474434,-0.8923829921798424,-0.045216161475942214,-0.7121743067669685
-0.7482828075426632,-0.06358092929070429,-0.08746234205935073,-1.1460259302807958,0.5446865507589695,1.3849373365586868,2.260401115493404,0.9384377893095389,2.50642520106608,-0.9185602699368793
-0.2708790391797665,1.3457086407113834,-1.472025559724525,0.14404388872592824,4.0464621936085825,-1.8587921647837984,3.0913805729182227,-1.0949167851260442,-0.4088855027731216,1.7940663010641305
0.6892663188862601,2.2017525208787667,-2.2600680425662265,0.7003869152116916,-1.2788372588733203,-0.14225548210516237,-1.3068003657406684,-1.2084257841646593,0.9704854551684469,-0.5200689166505423
0.2136019570264487,-1.3595885119833822,-1.2383628561214828,-0.211223137242384,0.7982682113468489,-0.5703668718106929,0.49347105345022746,1.2150970996017054,-0.2917736503135744,-2.112649382727971
-1.4915102032272731,1.513862366220824,-1.4923327645305438,-6.544395547544335,-3.58677604923844,-1.201245698857391,-2.4025208924853643,0.06416178810231823,-3.7867274575021304,0.42829931117730974
-1.2973346219049655,1.8409459995994761,-1.2751353327837185,0.5932680746513671,-0.5078479783478114,1.814775311306996,-0.5590267841480568,2.435931275148701,-0.5931185530309898,-0.0796656892228548
0.44377492604733154,-0.865815036506176,0.5456280752414582,-1.5441221123446502,0.8754702600181684,-1.5323891094935866,-0.6293129899788042,0.4858506682976656,0.3420166264145092,-2.1254073479673026
2.5078157329439614,2.1609493883542448,1.1623146891786935,-1.61822277949416,0.4827705257724364,1.912983890372454,0.30592824731492013,0.34671179860008416,-0.287679179152237,-1.3011718385092719
0.536549043317605,0.4594343800000337,0.0010978187603271933,0.9918597383071216,0.5224719640710793,0.036642629668086596,-0.8022255494798926,1.1010024186673066,-0.8738100094335371,-0.30884375735445346
-4.083167968423071,-1.6575176769831692,-0.039865743688510674,1.2513838339152368,0.7976370098060094,1.2580911518074687,0.23581301332541155,1.4582259462940126,-0.47099199434643213,-0.5544574719667141
-3.2026951744147194,4.5752490443221205,-0.6951739333498287,1.8892639716426918,3.2101632890002265,-2.513938135564863,0.8481160675360464,-1.090886915308392,-1.1512129011774306,2.299268523944199
-0.575633249825124,3.2877902378894746,-0.5410498738091573,-0.881047641605119,0.3192399340610845,-2.842789795047892,-0.057074708376748134,-1.2617139375597861,-0.38107825880787677,1.198145442716258
1.4185571308289506,2.0377861320083133,-1.2638909809990357,1.2851211769277366,-0.7777317145377559,-0.06406723594916505,0.059116696476207015,-1.0613381569891334,1.0934439972560215,-0.21695801939124248
1.639876412405262,0.9657040999586733,-0.8141653354617232,-0.6520109547459794,1.559669386042524,2.053398105459546,-0.7851027676314802,1.893164744211586,-0.061079244130475774,0.016206058217937802
0.4524363583111084,-0.015849155324686386,-0.6490100384598018,0.9310602909317857,0.12512232899885764,-1.486463898907916,-1.1233212206307863,-0.7393367404731618,-0.5956831184915651,0.09464306581821465
-1.2969400713079704,0.5801173794035607,1.3357775626826642,0.6912868072739208,-1.115781639974256,-0.4930466643755291,-0.9211379347873221,-2.0810639019117594,-2.3408421425579338,-0.6727534929526966
1.8748695414025114,2.3650195971860204,-1.3671191455206353,0.5671276230280167,0.10104565633670942,1.3980452995074402,-0.8388033104177093,1.8394206765458239,-0.24142219725194775,0.09940748476972212
-0.020971143425779486,0.714608625794634,-0.362055643344338,1.6968556909612384,-0.8875447107884613,-0.9933605768764312,0.5439987821392064,0.7456510856124796,-0.9429747818564216,0.20712105942805323
2.806608286860108,0.3411760945170132,1.984848346547411,0.6808485716382916,1.1679014564579326,-0.6784145843139179,-0.9209177292666579,0.7486639881118766,-0.572054246482362,-0.4060827150773226
3.2117964352726185,0.9863668627819397,1.4864974180129589,0.9107176052837571,-0.08684115826501956,-1.3090012398317545,1.2351313752092883,0.9102302227492821,-1.3278325217967228,-0.9074457257393661
0.5349101362169014,0.6939156359374562,-1.5307461633549702,0.27315357542918806,1.4378990625496908,1.2676264403478283,-3.2096939328266485,-0.7641695469325137,-0.16882783383392647,0.3708034074525054
-0.41281002841629905,-2.8371385389409642,1.066157553469678,-0.17446389969351234,0.058953865444273605,1.177038519249153,1.3725800979307792,0.7389973864316083,-0.887522390091883,-0.6787792174446495
-1.654953993642094,3.4465447998430068,0.6954579444314712,-1.2548601228072147,-0.05237860039186474,-1.6928648897473222,2.421716059211997,1.0553961702219006,-0.33197346969880737,1.0813459453508856
1.8032420562988225,-1.2463829414119303,-1.2105934016172841,-0.077744044596452,1.8204862827911097,0.2582811609878092,-0.13697146738466603,0.4294062827513506,-0.45508549539499327,-0.7768732776251404
-2.1562365261986405,1.4667466513525105,0.5726531089751896,0.2781308430552472,0.4215985482233645,2.4202212663494813,-1.984330367955748,-1.116236281558832,0.4866905466775516,1.6820475084331659
-0.5952823550162747,-0.34858685772084996,-2.5781321557481496,0.07984893912397442,0.22348807626957698,0.9055422521300626,-0.7562982649333415,-0.2731778643210405,-0.6445276609425424,0.015688768257946795
-0.009905263054685046,-2.4246181129045543,-1.6107012375163288,0.36404435879809055,-0.07018830062679274,0.46056781190013973,0.4193559905630976,-0.2750952918548276,0.6409454162387483,0.29950865306767716
2.036937167240179,-1.3494653526037161,-0.6285565296433379,-1.0256742597472182,-0.033170639541327505,0.3129619122713088,-0.3585402681694323,-1.3742068564335752,-0.004564338618707942,1.6262857752768292
-1.0034989165539718,-1.4986229178131414,-0.8679485394978826,0.1999330157096635,2.2923857729536103,-1.6755744947189306,2.322609477398836,0.15811388831513798,0.7394147978941435,1.0679858757147558
4.314082912290425,0.016054892588569052,0.4510938552992273,1.2284649349504244,-0.12655568817729265,-0.9080625416363178,-0.4754021414294869,0.40946603554537214,0.8550034096192681,0.5421792973276832
0.9263758885870561,-0.2514837327204592,-0.5487228837884335,0.12144382503387773,0.6678419364465644,-1.6902164741915287,-2.07795098906128,-1.4364086304837598,0.3325971598396376,-0.4211730655045006
-2.246291793907697,0.33057458211603524,-0.18932606688227055,2.305157676230331,-0.44587930071596643,-0.2591403988838803,-0.6066268741659346,1.3585001771347658,0.33848267883613004,0.1547144632155985
-0.04021113291465611,1.4737462498481737,-1.0667380090385712,-0.027825459406805517,-0.013752202502158122,1.4791341655745525,0.5079494150290499,0.22565135005170991,1.2662478565981716,0.13926820846330887
-0.8748423922139964,1.3094405929025563,-0.7405918667931697,1.819139450006262,-1.0029407578073393,-0.8372649386958427,-2.0265906708692265,-0.4293873884604821,-0.688734122948568,0.7296548715528438
1.4269370287089418,-0.6568287278538995,-1.4893118640350127,1.8725619218118075,-0.5059162295719761,0.1258628877876231,-1.1793170550927217,-0.8163295943382081,0.8334905758453218,1.1012997288513051
0.7727681711549768,-1.616544047258799,-1.3115845068678744,0.9714646670900047,1.1405121746429032,-2.0057854498154795,-0.2920235288632378,0.41399765384950094,0.1552343171310486,-1.080026943933295
-0.3354030063449673,0.7517289474607137,-1.288373377727806,1.6558612363037872,-0.5652047287464141,-0.45913971883992116,-0.38683105055963146,-0.9707218168281336,0.43918800308928485,-0.18768215078442926
1.8900086138697185,-0.4733740765837617,-0.6732700254988895,1.2269958073134393,-1.2786190453446398,-0.8736805625590096,-0.6501669356639442,-1.2173757806242338,-0.3578229850787542,1.3038034242261622
4.0840952576902465,1.8836943968313655,0.5605829509067148,-1.1773040987971106,1.224107828028407,1.6396367817920543,0.07680727960943014,1.1000390233686437,0.3149870378592556,0.5943738398238279
2.3257265780611456,-2.6620688008882727,-0.7242340369790831,-0.8912764771691642,1.2249533444736176,0.6427563867382711,-0.359589469474421,-0.09901763541253174,-0.5735416012096539,0.9865529651934559
-0.02254548425419686,0.6083432080393968,4.075134753444029,-0.6404849743337061,-0.5040116688818714,-0.21388002026351044,0.7328694276286004,-0.5135093213970351,-1.1146027165519345,-1.2699552793376554
0.08920893507745145,1.157165805189855,1.6830139777896072,1.0237103098812745,-0.840723514134211,-1.5630514611334096,-0.23446432594607344,1.4200160460899323,-0.2863800354926006,0.32991599554811735
-1.373040704812272,-0.6607207358012523,1.0078108093729135,1.3562527983023178,-0.13714119490831678,-0.716034093464259,1.0554813332639135,0.9086278780200127,0.2388459743351814,-0.2026626327766891
0.7903592189403346,0.7287929090357769,-1.4434161793504228,0.5858544757844442,0.9793696272461989,-0.7707349601045344,1.238858903795195,-1.7120768788032565,-0.8343933377665353,1.4045914911210273
0.1771896263631632,-0.35507478921341673,-0.2945756037380843,1.504623352181988,-2.2598607831806716,-1.3512046767206225,0.5466561724067979,-0.0002519570989312469,-0.1920776199208198,0.9716262195655105
2.923901485137437,0.7355089832999915,1.2250284799897726,1.932315641687335,-2.118302141420791,-1.4409280003309792,0.6432899532695134,0.045164131006571476,-0.15421253789926412,0.9246843297200519
-3.0098804661903045,3.529575731656289,-0.06558309567869601,-0.5063786073431666,1.717872100334489,1.7893353836390902,-0.9690634247171214,-1.9993977319498741,-1.5017411340603373,1.4095538757989476
1.380128297736376,0.22136282696263548,-1.9741816590662318,1.0938559142298871,-1.0774166417060764,-0.2528827350988582,-2.0176302306347664,-1.608424841699677,2.2209538754624596,0.7868683286713563
-0.3536784601675398,-0.9905134384562905,0.3300697972546081,0.23382826002044818,-1.4184920749164935,-0.010298784463699888,0.9762659207485055,1.4040114956665175,-0.22083603070983715,1.3717117511751336
-0.8074542645659258,-1.7160478263351688,-0.9708363523026817,-0.7319228195712105,-2.0364832171550655,0.06163387289582103,1.303729437440098,-1.1718884745013587,-1.1155586710213392,-0.3635790223093035
-0.564334747974534,2.764167626922982,-1.4240061259778005,-1.0991272717730063,-1.0934581051776184,1.1824911825924136,-0.22670053100578919,-0.6210153066630796,2.3009041960064356,0.3169538929334973
1.479442517256799,-1.5862830363798843,-0.5323594555122558,0.69700831425447,-0.7668391694091815,-1.0951115101590785,0.9601925438162244,0.0485821587574333,-0.23653995781601767,0.6770585203774564
-0.6441494479220506,-3.2121744287691314,-1.3932744128966876,0.3881583139340817,-0.5159041859852984,0.16272226891011904,2.41638245461322,0.6784969703765359,-0.41472932065973933,0.6085898133211183
-0.14250834885361832,-1.8729779597439202,0.4511223971346846,1.642378933962177,-0.9518663742552036,-1.5030442654728426,0.28140859791736744,0.011559600457969868,1.02052970458182,0.4313292169341256
1.870877765977796,0.2719784037875386,-0.6767165814276956,-1.0752200433615626,1.7714920964150989,1.4163372132041985,-0.2848416553378522,1.4988984414274285,-0.005560320332682996,-0.3274637775300299
4.90060094285423,1.0592967561390707,0.5949657118975658,-0.1763180832957631,0.3846019771560754,2.1243709546935685,-0.16209215274666414,0.7354335889524567,0.6567202004738482,1.4368812252994634
-2.2582954321602107,-2.928871776880849,2.4607988969587513,1.1244199219273983,-0.3799754035004026,-0.2319649482701204,-0.2460155143359478,-0.7746926382002223,-0.4377772728115562,-0.8859567139304024
1.794895610431369,-0.334408870507025,1.6966631552041391,1.5911169092821749,-1.297401499647975,-1.9275839073500947,-1.1750190214784888,-0.022878112175732296,0.6038018945316637,0.6417435357621262
0.6484326197201544,1.011022401899676,-0.057695647394077565,0.27661230890269217,0.6311247753175406,0.8274271060180035,-0.06592626169383595,-0.019265029953665847,2.2830118162853457,-0.13773230551929452
0.9073960321330584,-1.1743865193447571,-0.02357886168492383,-1.1554861754932308,0.48491106890707225,-1.8599152114108415,0.6807741667608391,-0.3422826071915942,-0.6277409297164729,-0.24835133783558186
-5.27684431173462,4.251772042239002,2.1267864939779404,0.2610536903495205,3.7386754490896013,-2.744376603384841,0.2756185741424552,-0.9731610396127833,2.4768235239578202,1.1762506121119034
-1.1465705829894202,-0.8793891737458492,0.4610629468598176,-2.7178393568561168,0.05468046666012786,-3.0641992982223756,-1.2068094771279845,0.3325831137035394,2.452534338363861,-1.4947872530863355
0.2066434850250281,-0.412667740257659,-3.1576650806386453,-0.8105694371518001,0.7546037461851458,0.9965105192623347,-0.2590557222317973,-0.5235061173393516,0.45319821874074523,-0.6605675873650773
0.9750169093156383,-1.0236641874473758,1.9036585016467586,0.9292954856367351,-0.01542150280348393,1.6530520797574606,-1.6542195499050294,-2.956361688291284,0.04809476114155176,-0.5040804648875964
1.1841590329465426,-1.679595568815004,1.4544469393194333,-0.6663082743408193,0.04827815526750728,-0.5491666551672262,-0.012871047426100015,0.3120662901116498,0.3868050314221351,1.3563558685368922
-0.07088028799204726,-0.6491303597681367,-0.5227470114011624,1.527701701021181,-0.9100087592599236,-2.8381918281815746,1.314366281912174,0.8288707327111029,-0.6272404404846614,-1.0344880227606643
-0.8568616524378844,1.3131642899589813,-0.5014813264899622,-1.161381703705136,-0.7924567510060161,0.3372854226874481,-0.7801876600421593,0.2289790497802719,0.7067690400128241,-0.06156981458104793
3.3261131378490445,0.7023863948051933,1.2062520675321742,-1.5455845065748521,0.9844305793344347,0.24439879119528263,1.4566082974241328,0.002361017083730201,-0.19517693202975597,-0.5131306017062721
2.273448066683264,-0.058944005947379155,-1.2171329387423582,-0.3418606910928333,-0.8237391976893331,1.6834687181071983,-0.26524324136680144,-0.4136970588225952,-1.5149068065780038,-0.13363389328712402
-0.4592615596169496,-0.01650498646079451,-1.3112345024378445,1.7366383078636998,-0.9559849537421939,-1.917444640844276,0.7957795512318543,0.39800688311530397,0.36843901163804244,-1.4141857295744549
0.9170675689340143,1.577856017275457,1.8291589055170872,-0.6266482344976324,-1.3501451026233573,-1.7655494397246527,1.4044104741388446,0.0726903574208112,0.8362169160647585,-0.8076506031786507
1.5794063382077124,-1.5998206610704284,0.32713887062156627,0.5684903683395653,0.44127981234457736,0.24207002429992938,-0.6169099037894595,0.6426257679306334,0.05169882019817535,0.30499766916115856
1.3848985275985455,-0.8017286650994518,-0.6726772417357259,-0.8787523878787662,1.088770809836604,-0.03117255116927581,-0.5620996443487661,-0.4551483256602162,-1.8490732812682715,-1.9570194251276
3.3359417542636414,0.3560995088417148,0.44747137414080573,0.030544305201644938,1.336672496057407,-1.187784857660051,-0.5163940011492391,1.0245768577916923,0.4858588036677147,-0.5968163025206394
-6.130185066818643,-1.378344010060271,-1.1569202282559476,-0.011434727948881302,0.06068780093676327,1.6920656550970408,-0.4547217041044299,1.075098552739,0.2682531847428516,-0.8940856535450947
0.6152529422219866,-0.7136029691912478,-0.9507586263296937,2.0965190801829587,-0.009838908360616115,-1.974957897779071,-0.3760164168430613,-0.6777468661964295,-0.9576307201400186,-0.6590188398360595
1.2464296175947296,1.7026036071463948,1.3497438669496358,0.555146069124011,-0.5092345880199856,-0.36266541623448667,0.22100213761332713,0.22002137045123615,-0.026976142862050228,0.4451229855860359
-2.026011575588168,0.2863865071446507,2.386864825090135,1.2069977388953823,1.1059220890403474,0.21919702596355567,-2.5894496888448635,-0.09992235675293694,1.5689583429464298,0.09541389732966563
-2.732452149117123,-0.6207853399308427,3.009791409208907,0.11314460520816222,0.023830255551312483,1.541036898835337,0.9869727462685467,-1.2421128388878107,-0.9638361707617167,-0.8341992375560022
0.895471108397457,-2.4497726160613347,0.8170107984814708,-0.5352269658617552,-0.2447317845034141,0.7893192664605204,1.2109749462457868,-1.024096304689041,-1.6240094948771806,-0.5681816237025914
3.4916918490854947,0.39804386708513084,1.3715390487430257,0.8900166358033895,-1.202034442833722,0.5272066688549224,1.55519142784516,0.6342489869062939,-0.9482368944870437,1.1276005507920186
2.717399277880526,1.159773981869516,1.6741298448045279,1.3263103273290135,0.9939306364125136,0.7099327854594518,-0.611137648451574,0.477166971435427,-1.7273884156092536,-1.0091268883722266
-1.4052729175098488,0.2632956135012948,1.9657357024699402,1.1204771916185727,0.5496091541402334,0.6079729918531277,-1.2183376480704966,-2.6702960560596036,1.6913803529338256,-0.7396790339980608
2.6666015463738977,-1.5995164992030704,0.1994435605975045,-0.4312324345704509,-0.34192544432544064,0.2535655045587391,0.5858287777486428,-0.6767217469142564,-2.323872912496384,-0.1617502945707327
-0.005069396065115501,0.16543277313874907,-0.4825845607493848,1.5744885042767527,-0.06696684230948761,-1.6889036007556415,-1.2729262368935341,-0.0725292013486579,0.28201616348197883,0.07186705016065258
0.9699006418981585,0.4231569819275506,-0.1505491189597538,1.0181465046047102,0.7333110462934055,0.008671406013979425,-0.678739912461758,1.0864044098874903,-0.730366642695225,-0.4728206011927189
0.36388482410298084,-0.5862850191618308,1.2789303377641978,-0.5430492308807955,0.5024467742085102,-0.10672390414472864,0.3527940042987185,-0.46108326666006755,-1.7783493499938525,-1.7080101438614117
1.2807785551345163,-2.1951662001997785,-2.8395135724764398,1.3517211334000196,-0.2109014213675893,-0.4223011988461342,-0.550208133194905,-1.1954024966121943,0.167195629415301,-0.020510040999656965
2.3099225548379354,-1.5225674645617413,-1.6517701866124865,0.1776756749534094,0.12199001354926134,0.29328527618185163,0.2459578385887574,-0.5252658112341669,0.7692206059366964,0.5802632014263405
2.2817521728631065,-1.7529053513595307,-0.7096723543346958,-0.8233644273315911,-0.44023495120069744,-0.777101625169076,1.0977763163096432,-0.3634512012030156,0.7261470716900718,0.23376905757419358
2.141648201758768,2.3211875066303547,0.7343168698276866,0.9051334570090099,-0.31874108853199773,0.37720190340903637,0.1604703629588776,1.042170366166297,-0.028682276672169424,0.5821486007711835
1.9576550161485575,-1.2313209674145391,4.270416398758571,-0.8781414495223411,1.0464317444238236,1.5660763639859863,0.3779625715594302,-0.2888201265510744,0.5148057853217529,-0.054645592675148166
1.3044985086936995,2.339362429205217,-0.8918967801654553,0.6267443672944194,-0.8900151538429406,0.09093059932922203,-0.27126435833955936,1.0555270290513519,-0.32568755955924966,-0.08907588547803817
3.0583465559375242,0.16113993442684363,2.4976136138670446,-0.9432934249107311,1.6147817120833723,0.662328368038136,-0.3960315522737367,-0.21860376534858783,-1.1671291040525722,-1.6752304393085307
2.462823379118768,2.2333771995015614,-2.1693305985018365,1.2630321662177721,-0.6383905726207072,0.20089290831670328,-0.8418561472525778,0.46776002277166495,-1.1585633909805253,0.7601798332651234
1.8810828941351794,-2.084904278463148,-0.615715829717182,-0.5540557730156915,0.013856310375603396,-1.2906425811398,-0.4668208026927841,-1.4811556677994313,0.4543103665025096,0.8645067723097276
1.914507403356121,2.20551500590783,-2.2172088892750055,-0.6393525708141593,0.18665814783351892,2.0179712957890383,0.7085675667432598,0.8083912667606941,1.4435922510199573,0.17988373923381237
1.4718186297492408,-1.1942305408366676,0.35512671268260326,1.7092015680861194,-0.025885750885268517,0.009981000877308665,-1.3705405910672328,0.7870842654112652,-0.6738515318020433,0.37652673599887476
3.8788738694966067,3.694233556137191,0.11297123588608952,-0.8023635995427864,0.044340880475063446,2.490737168293167,0.21908880743825537,1.0143333178030107,-0.3722828635751334,-0.2764383673446499
2.602317218887322,-0.7058099144901175,-0.5990524924664942,-0.8319781100214093,2.895646837698119,0.8476754485902418,-0.798261069901962,1.7262405751514307,0.27344081965236916,-1.0469446225450278
0.4908961655989284,4.692243159298668,-1.0116279401088324,-2.374376892295569,1.024869307986586,-1.0609529759001344,-1.1714240859778104,-0.2040883284451627,-0.09465696180145852,-0.31896201646141087
-1.3643585845700248,2.037661274036951,0.619356079019608,0.9243302358839078,1.38577684606152,-1.4619928065932661,0.7211007831423315,-1.9633754194067916,-1.1179799342860741,0.10720057691363184
-1.096224779752678,-0.6867052640051665,1.6399625131413624,-1.8216291092826151,0.10419435331079362,0.2636540709196111,0.10349735579627466,-0.8869415298328468,-1.9942895694889629,-0.8176394384761995
-4.018437152420634,2.53468390462411,0.7979012681222826,1.4447189425874993,2.850217463096562,1.0596237473572248,-1.7997180697804285,0.8458441372314526,-0.0012335239857084164,1.5408507712099264
1.2811297039843934,-2.555336226151705,1.1470047524275024,-1.491161554329375,-1.0428773097625212,-0.19116789953308969,3.9158660557084244,0.6557384333267826,-0.19933201358629907,4.216439428843011
-1.4076909948942042,-0.2758176467719779,2.3291651756821476,-0.6148919807680431,-1.6322135383666005,0.6245896865681638,1.5833349556749279,0.1375735912690648,0.8771467661974753,0.7821042706558293
-2.1590206643582994,1.487066213920863,-2.2897294608349696,0.5890698105665407,0.009893269232026575,3.147442894095346,-1.4598331279028225,-0.23358267814343633,0.5874078962332743,0.9065452807444433
0.9971387792253954,-1.077446586790506,-0.46678025956349384,-0.7659030930807937,2.1061763442358457,0.6973874147619568,-0.6022548614465609,0.6046887583622161,-0.4803324357791502,0.0360264216775219
2.227835245441754,-0.17070108595187045,-1.547910072374986,0.1772877068549768,-0.6864303403738472,0.2292309176088181,-0.02971614608255859,-0.8428951505981883,1.9040173110659189,0.3529659613043942
4.19690286097992,0.5846273599016051,1.073335427762363,-0.17943134829092727,1.375397771910602,0.0014535836089925066,0.6904551181888597,1.4831515700574165,-1.1496630758596653,-1.8438492650124134
-1.4236052289570156,-0.3272178594682903,0.2691684946099936,-0.5057263305286793,1.3844492191767765,1.7776779906968045,-0.8558395646726474,1.829943962405157,-0.3166700306270423,0.9634255875046415
0.5817746835157251,1.1353933814856503,-1.6291222688251452,-0.1884242209460533,-0.4788375754264363,0.7862249542446748,0.6417887255961844,-0.13149018164383833,0.12829037135863144,0.6696132495023509
-2.6748290532966053,1.2165572287980935,-0.9869494641310332,-0.24930602507343255,1.1915828716985073,-0.6720635559706445,3.19284024299695,-0.42806794785547764,-0.6085588391581994,0.8979082610138581
-0.171832690287976,-3.2123145050631154,-1.2544215849834683,0.45336712721909206,0.1567646553082594,-0.1886776329827626,-0.4514636840937156,-1.9340503810331122,0.22109801130178702,0.2137147643415789
2.749235542310127,0.04580127252116006,2.2394864036600866,0.4295627164107045,-0.8875263064671968,-0.4504652951609194,-0.10382548854857912,-0.7375073720916134,0.18994689113865276,0.2814666513832012
-1.7521229358039925,0.5939686157832096,1.6578305645825324,0.7793296082611002,0.10807035813995047,0.8694155427347587,1.3988903823090855,0.967895452009819,2.427452592260938,-0.09664619331037257
1.0644358872256943,-0.8549470087765804,0.07713980959895819,-0.5472341228342099,-1.10442275974851,1.096071825979357,1.4382065954630832,-1.7878097187506525,0.21012911350136845,1.097227054601389
-2.6781467248954005,-1.3720996772657306,-1.068187667244139,1.699905360008691,-0.32692218372123144,-0.46624599696065494,-0.050374115979752616,1.1603328434068716,-1.112459283593775,-0.8309321798755461
2.8371503985039364,2.0549898351512943,1.2333727377290002,1.2454405190015108,0.7033626805957722,1.7172891184872003,-1.19599127191749,1.3224804362723626,-1.6624336626126686,-0.4944366638412411
2.979003836482879,-0.9780912322059231,2.6616575986292053,0.24472677165438653,-1.0469459551111444,-0.6623915018267826,1.5066632983355113,0.4294678524048641,-2.0293051704456055,-0.6750198390933905
0.20045119116633392,0.015584300741583396,-0.5150493630458275,0.40376331810851834,-0.6420435587507259,-1.9374577646763067,0.8882236660097214,0.5469409446827537,0.2923158287586918,-0.7854018554789223
-2.1543768337710167,4.827943036663631,-1.3539198745515175,0.7582510670640203,3.6665524295502743,-1.2632512635774398,2.744417531408525,1.44179515657573,0.5337634404583299,1.626672702840128
1.3351578596773133,-2.1311489851968544,-0.07350538201321596,-1.7134031654481208,0.3508955717030393,2.2420669308381007,0.986208108779042,-1.9659153821732982,-0.7403093881443563,-0.3187345841140255
0.6802609693738365,0.15515778262111274,-3.5185245084716734,-0.7520866886620597,0.08517283172190097,0.272000456371054,0.3354864603391401,0.9815827532466688,0.35885152608066734,-0.7533988609720212
1.2265613491721932,-1.7397602000355428,0.5760909953384883,-0.6756844781856157,-1.4239755276319408,-0.6675463017360597,2.845761368624278,-0.17350029848198406,-0.2988478208699801,-0.03777213204985476
2.3279520872782418,1.973997313368426,-0.4754774094382331,0.7338604000831027,-0.4315143577553456,-0.9979429146417627,-1.1613843970959499,0.5040838280166474,-0.3193566169898162,0.5622695200759652
4.285699106851234,-0.016630752906334575,2.119831331532697,-1.9147790987278914,0.4455842899480223,1.9829968018129596,1.004635639104149,-1.085861832496707,0.16803569164038248,-0.17078157497272947
-0.4216167871672249,1.4226736549409669,0.0061681088322833085,0.8264764774275862,-1.8588894826901492,-1.397493581137302,0.40458694949381513,0.7863977351235606,-1.1499636939562148,0.20140566623367143
-4.6974652044628575,2.65300846374653,-1.7904214583356222,1.3631354881737978,3.891684873625944,-2.031716242043649,-0.6955008699947732,-0.9791037460299902,-2.5194102597894883,1.6506544846452709
2.927540495278703,2.229920436855327,-2.421246028111936,-0.46025066320031216,0.21924518714405966,2.5050407345830825,-0.38656629684928834,1.2686864930665436,-2.1557353638388492,-0.003800047449941576
4.010994565590821,-0.7308349746018122,1.179558396081058,-0.633980253160901,1.4014087805365103,0.5720223974501619,-0.5366586342263435,1.0550222779175782,1.624496616331601,0.3290375399911515
2.1612983361279543,2.772482273794276,1.365490713122717,1.413091303607979,-1.4214426676829124,-0.32955530530838073,0.25555418960648996,0.01029181457590264,-0.9982380865348944,0.2179088139184249
2.872623935089527,2.851495475492858,-1.9085062726220792,-0.932366845425736,-1.4300231799638454,0.10369207178761167,1.072897109934477,1.134010347025058,-0.6171097202012689,-0.1455269308366292
3.1081936035096493,2.5621957343765276,1.3611265542960878,-1.2042678208878008,-0.9771698062013574,0.6962552691198807,2.37840890198927,1.2467959876391053,0.04373221389111005,4.393783419904437
1.0312560859957653,-0.38420393136158515,-0.38045531140363154,0.6658180172164314,0.9453735591156833,0.13724530879043845,-1.3950344552875058,0.828344802908611,-1.6444618273694795,0.27743590537261215
-0.8306293331500632,-1.056485076718351,0.4730300515487045,0.6941091581127757,-1.7160213364229517,-0.09707682723395647,0.6758141771620148,-1.163476100926185,0.573663171883844,1.4080509041065186
2.6222698776121405,0.5987896459164201,2.3203772031835603,-1.8266062321009648,-0.6362762872935044,0.7564875245964491,-0.143372461078678,-1.5976254692717122,1.7198439158311964,1.039495195484839
-5.626399360459544,1.1398260531980946,1.1042859554512894,2.1320578310585434,-0.2293473165593956,3.175106829681028,-1.5331006335157693,1.493982337627244,0.8695669648672583,0.7055049175139715
-2.1021598483233683,-1.4179264216109366,0.902475919207714,0.992611433904674,-0.8751190276967497,0.8032472717944612,0.13906980354968787,-0.07863056787772403,0.9651742348674772,0.768320731530098
-1.520002039978228,0.8744303934502078,1.1041303131236642,0.2956881822812829,-2.270134256020709,2.2413085442960536,1.5931978402147409,0.7271546848387023,1.3774082297177905,1.6377703961370764
-0.4094892533564784,-1.5854075888826806,1.5068922137339582,0.6575542723451407,-1.439221138539677,0.24731195644176324,0.05850174102712749,-1.3910650389076011,-2.421894871823122,-0.6798668853165634
-4.092905074215997,-0.9193694164907941,-0.5965060853962292,0.8777973592753847,-0.8179816707415354,0.17223891656789944,1.019452654182959,1.6171895774926717,0.11646133779799858,-0.8396525182375416
-4.278181576601807,-2.4467142451216457,-0.420922379691655,0.7544660735974318,1.408830773242371,2.04876318207847,-1.0465346153886426,-0.7359301815943724,-1.507991193858426,-1.846206669994117
-2.03634820376741,-0.24934786299209166,1.5769478495407219,0.46043609010110964,-0.5867771942252672,0.47293831445007667,0.9979423528267718,-0.09069281113403865,-1.3321468131306982,-2.189121000515129
0.11489692995193658,1.067024088084903,-1.71046384220287,0.3181223879069328,-0.08412212163138778,1.9272165637419822,-0.016773405265191263,-1.533541154713291,-0.19661485873679138,-0.6756799265607123
-3.449335891007641,-2.499059191726635,-0.6638567692318419,0.6182191010035311,-0.6629487299753908,0.2494603469715446,-1.6965423443437084,-1.335631209905892,1.3836770849844728,-0.31519962770668086
2.398653076415284,2.6174441183859103,1.0117112638542678,1.3584201586459133,-0.11204855628188715,1.5605574503433817,-0.7809999753758012,0.6646188963626344,-1.6156315867841986,-1.1119082684559936
0.8986663354147703,-1.394996821808244,-1.1946169927955739,-0.25060436396455105,1.0364871054106126,-0.7905899601715423,0.0910666559634203,-0.7796072032958061,0.15564477190630108,-1.9903679256793683
-2.935045332365423,-0.8854138952835324,-1.4987932371296262,-0.11421314559208064,-0.5431107883225771,0.3399833614699335,1.891223989527582,1.0471794521609996,-0.019530256812083806,-1.0607208793702816
-1.898155042490325,-0.6104220315973676,0.9005568616428488,-1.216667831268129,0.3834852499619405,1.3829108053180343,2.4205517587173193,0.23872374642083674,0.5702403565220012,-1.069506873718664
-0.7216274499312928,2.762139794255285,0.41277902457903065,1.3730449378534528,-1.4306391878969598,-0.29521535284653055,-0.4163103338695879,1.312021227259917,1.4193238139171314,-0.2261545413742311
-2.7680573016589403,-0.37674842651484747,-1.3444285447714368,0.9074380185022687,-0.08665398033163184,0.4414811661384953,-0.6020577586155919,-0.24849218145343635,0.6460239894015276,-1.0720505000054716
0.7933721628866032,0.4160631208643689,0.33176576672258007,-0.7655171242727132,0.4171030915282307,0.22704191537486348,0.2038083669248589,-0.5308797573575625,0.7632997926127372,-3.086966200855795
1.3902868255205814,2.6534035724308107,1.7574475068020976,-2.4852794086250807,-0.8987781485801872,0.35952735405980357,-0.33269425571452466,0.13296926272505935,0.16424835918290834,-1.53082654406254
-3.604952481247497,2.0435757793436538,-0.7998665834017203,0.0498642294586054,-2.496403021431182,0.6052372832192124,0.695203428105532,-1.0445401547670998,1.7301061234288073,-0.1817857330173319
3.6573638331782914,-0.35866139336640596,1.0000416220376716,0.6020782118503853,0.33862143118939636,-0.4197705065608053,-0.5647495127278984,0.3753649909194101,1.1687445806275758,-0.49266545313823834
-0.6651510502194282,1.5674139628327355,-1.0127123262915374,1.460466449525743,-1.7471755463552772,-1.191151347986509,-0.3301199731606356,-0.31654554331732926,-0.3451759067755277,-0.43967860798951847
-2.877387700748626,-1.3298341675221796,2.286913250837744,0.2685463723531196,-2.096700668981486,1.5755346582038081,1.9147308274020962,-0.871923566982123,-0.9956313753279015,-0.5869083104551333
-3.334274710470304,-0.2490030447641912,0.6609449823890291,0.24157361971369995,0.2402436877699679,0.5797272121720228,0.6049815911495353,0.6696024918673975,1.6602003620402637,-1.1964674390684684
-0.9654710961982138,2.8501533705013165,-0.3137189683767847,-2.5625635246387044,-2.311598768203145,-0.32147785409151136,-0.5149585580043997,-0.7639974224979702,2.228106833042647,-0.5907258326220503
-4.120842913712667,0.5438363330171777,-0.04955744203577428,-0.1348331679635995,-1.5263704566693213,-0.395830736039781,-0.004479992966635412,-2.0361919905346295,2.2392679796330857,-0.7495913270626707
0.4779380345539638,1.2244839745918916,2.3320254994453546,-0.45712959263010505,-2.4284850975995704,1.5250037316048937,0.8921654685853281,-1.7394366137618897,-0.24118708323568183,-0.14529784961465744
0.6468821847616744,0.14269530230627417,-0.0949580162912327,0.935339575567847,-2.141064871910224,-0.6518461152355904,-0.16632952064296733,-1.0079079763717305,0.6799348230811352,0.8295767829483721
-2.4515447332271987,2.989601462278791,-0.29053562510042064,0.3151707474901889,0.19596310071320686,-2.91161105717536,2.138578216472073,-0.2773274735020941,2.04760431907097,-0.9008495594635548
-3.175322772804092,2.8396328322965467,2.1854111599359576,0.16276703448428556,-2.01335373749487,0.9722578812455679,-0.6686792410065142,-1.7500893682085867,1.209597729618819,0.02211505038590512
-0.8969532415156478,1.1666355441741345,-0.7269416268792264,-1.1979772710609988,-1.1922674528244135,-1.8840759276302086,-1.7606946024532133,0.14675128204144497,0.9920102111640605,-0.6955815972637878
-3.408777487694527,2.3340680169767127,-0.7979194775139349,-0.5909246066265208,4.880287065489341,-2.521362315030266,0.7379459725292635,-2.384599530528378,0.3633451205701416,0.5330542837223706
0.9507667225438086,0.8622893967879898,-1.0426825287225916,-0.3009827363328586,-3.0877836804684606,-1.158173074503423,1.0664755238492303,-0.32713001383705753,1.6675955905624917,-0.029609708227422135
-2.177043095781224,-1.1770939260089754,0.6949580649207543,-0.1194002016920905,0.6408613092971008,0.3883057259106337,0.32449777396743185,0.40475099156999034,0.3999358337484193,-1.3663120981550319
0.6628588262717972,-0.4225882880291237,0.7459669635155661,-1.7624508235124206,0.09517259383425133,0.16441809112110733,1.0527663201385216,-1.1738548841977585,-1.8969655666212493,-1.7165278639260741
1.5647602355618047,1.2368769823641845,-1.7382403017898327,-0.4793837116776552,0.06664183932707178,-0.10755267067831323,-1.7612324670677986,-0.6711790669340703,0.5957172697530719,-0.18661569604940914
-1.9141568981155772,1.8652386148907751,-0.6836071937562683,0.1247425739404468,-1.7533918246656062,0.7447151542328077,0.10104699235316575,-0.07490630473330913,0.5778703501722534,-0.12707004628118762
-1.9258097556366667,1.6002785854342554,0.19392406047445426,0.8351202277275716,-1.7551185419343662,0.6832901642587106,0.055715655979517414,-1.3929300641961553,0.3658499639983142,-0.06119240701515707
-3.9730383226009764,-1.497468221677043,1.0797347551012815,-1.6572609448343136,1.5426841271485503,0.5905535744436877,2.2917341318481554,-2.706668962508606,-0.6784765677265353,-0.6784173735124376
0.18857815685445847,-3.519570828184035,-0.14255535325631416,1.3790144290313875,-0.30093444677350417,-2.198871322068899,-0.5910511270446074,-0.41268011465777593,-0.4589718699655363,-1.8379821219570707
0.4721365334162159,-1.1841888736117439,-3.5054395759788743,0.6284260393554147,-1.8564054430472683,-0.4419708488813662,0.7262851794604781,0.5509120876346573,0.37952960294475513,0.1681927371762119
2.514825394718435,-1.5793996064014566,-1.6802836488846067,-2.366969719013572,0.519832695902442,1.7123770847765714,1.3780017233333723,-0.6861310229670592,1.388998735531178,0.36697767195427883
1.9964945334913964,0.8768876545531331,0.2802375872164546,-0.46898988006549375,0.4002103685298025,-0.2422974649031022,0.18849381463144493,-0.7116592592737865,0.5456523866141036,-0.3693699749500393
0.012876519181665836,1.5572083025657886,-1.6187016785691315,0.5293604233702873,-1.903916763713137,-0.6597568581732968,1.0122415695184073,-0.7382638630887287,-0.07688413218390315,-0.4730799125337011
1.530962925132069,-0.9092288222374018,-3.3643227354988317,-1.6568499847592262,1.377303975317116,1.4908042579154641,0.6557600788375338,-0.2797052811505108,-0.6823386207202303,-2.5205315626836
1.5148036998572438,2.0098006242362936,-1.44804543194509,-2.0663684487818936,-1.060013730775676,1.100312280645656,1.9857814870063726,-0.14329920690213338,0.4563305706783721,-0.8299145366463788
1.3629640292233993,0.4020163069802561,0.46063385723721423,-1.8922617305787746,-0.26934826700210823,-3.0849825608647388,-1.61162670313127,0.46826568478657754,1.110843969010605,-2.5375294627585268
-1.7137474765872447,0.9191543744370136,1.0984327975890513,0.5990923782430383,-1.7081091865603157,-0.23129373821566807,0.2545020715264609,-0.7935479229467048,-1.0704267198142148,-1.628789063179085
-2.526277723722082,2.277574262522312,1.9262408622283327,-3.710612193618495,-1.4184150863967178,-0.025953846029402896,-0.9430840360893279,-0.14763449659548158,4.908482156099383,-1.3286944334572461
1.964242529381337,-2.393374982172414,-0.6833106624831412,-1.314071380297289,0.06171645164624078,-0.7509835742652036,1.0991138784035803,-0.4207219637325024,0.3995490350038223,-0.11276152883780684
0.019438961251700537,-0.24475757607245544,-2.5966054485540813,-1.0267426205922248,-0.0665814638015585,-1.4579955657790364,-0.607906456575664,-2.246007749737121,1.9814497066940244,-1.7632211519361127
-2.0602595759998628,-1.0282592963010533,-1.7257906568992452,-4.201944951724412,-1.7718502420020137,-3.0485363832079377,-3.5375493811084837,1.5580873413598801,-3.179749378182464,0.22743499831559305
1.1992519872201677,3.4478954129020525,1.5500360885536746,0.37013659371988095,-1.5110754903820935,-0.012145000462424827,-0.1672601646897844,-0.08377588435703316,1.1198214963763315,0.23907312866249222
-1.0047360623124266,0.7858522860119787,-2.0546069638309166,0.9770687450522563,-2.8667383388848,-2.501882022429811,2.5549599122253235,1.225551092015578,-0.1122118185243131,-1.722469913124024
2.2071431137584527,2.059576954095889,1.501001779545355,-1.3147636692995763,0.0048917284188464746,0.856203306514209,0.24342458695911626,0.04723373778496229,-0.30161696444132335,-1.6627635071720464
-0.09344451083859258,1.701241097361853,-4.4239294416060915,-0.9144369740489846,-0.679602524327199,2.897086894584435,0.5859263501525994,1.0621058579302594,-0.03229616844575572,-0.30561889755621485
-0.35029816928821,-2.306847010203262,0.41904513590398573,-1.1343134314727745,0.385111767822855,0.3657479956069846,-2.5223069879505613,-2.782124936697059,-0.05460848821458608,-1.04063621094838
0.2965779747308358,3.579618774541752,-0.3942381274759544,-3.047948755510203,-3.1411948596135835,-1.296532136708879,-0.07549273684974235,-1.3095904489137182,2.551891501912012,-1.9223513878467835
-8.245657579626252,0.41599007295560697,0.5894067649719944,-1.2666001810689902,1.2902635338893333,-0.7147488417498927,1.381637783377259,0.8315078488943977,1.7488226658633028,-0.1583304703731819
1.1561559305113782,1.2337386114017566,-2.130154019839403,0.27457621656933445,-0.9814833770258014,-1.8481917572231,-0.3283142228893941,1.0709141023635613,0.005067000457109474,-0.7580625801059336
0.9728210050308036,1.2410123170936056,-1.6829323826093243,0.2697851993605023,-0.5480580666538012,-0.30698756768265645,0.21002690755489378,-0.33841685640201213,1.141502894759958,-1.1852103671052552
0.38376599847590187,3.9181814243419213,-2.4814078935350916,-1.9885220929326635,1.7235507901103935,-1.8194822488588243,-2.144686264664458,-1.4562715778565327,1.5092656996665788,-0.017892224025506998
-1.4652068468293589,2.4933715502077374,0.866786715447977,-1.3759415948978606,-1.9406346881127516,1.4515809986763057,1.5765644471687492,-0.5957623771949518,1.6412065017527047,-0.5383495568139026
-0.532676269674608,1.8374055286862634,-0.2967697737261823,1.9217987285970906,-1.3044889213716953,-1.0519826322807633,-1.9761897654266414,-1.1507573588815763,0.45333366314633033,-0.31317250642683686
-0.570275304894434,-0.3859285593614839,-1.8080876193631066,-3.7965141366172106,-1.364338178263066,2.0989471918496707,0.332394140607928,-0.14757723723153032,1.105367851672405,-1.0564151891567475
1.3221153407508421,-1.4913196434417604,-1.0291671849062665,0.46772805451945954,-0.2914701481397811,0.06203075766394085,0.11659553629137759,-1.6463313243414517,1.428372533028284,-0.07623351770888295
0.040400799088356795,-0.12458647962740295,0.49988008847077864,-0.3355547791764094,-2.5097304463416914,-0.030898757855475283,1.684140904677359,-1.8999120143372537,0.7723199832170824,0.04069399946677984
2.177740550382868,-1.168655457828356,-2.1244868985304133,0.9682549496924491,0.1642686075093804,0.3642691181401303,-2.0819107325999875,-2.392782981425969,1.230243055978163,-0.17602985788794767
-4.032801855500506,-0.8572879590552093,-1.0129904044443396,0.06279130544524565,0.7473877852062645,1.486669053669748,-0.26284390916532985,0.1579442165269076,2.126005632099975,-0.568102439375992
-0.2918336528952328,-2.055522972267985,-1.2597742987645326,0.9257336460379663,-0.6593854039962538,0.16143777031777592,-0.9051935343556309,-1.9525309255925691,0.5395857957242799,0.03601934519701393
-1.3026689617852485,1.510822686599337,-0.20741735739602277,1.4626950757419086,-0.6361313607147487,0.5933927750633966,-0.3918854774104771,2.1796258874926893,0.22638370117780388,0.40151281753072704
1.6291528270113056,2.108457962547788,-1.6574044676657858,0.11874286798446618,-1.1913492562578027,-0.5484330702109594,-0.5092114934911713,0.2762872492615415,-0.27221320171319535,-0.20683241171001987
1.4657058677753423,2.790808306894713,1.6760898191353024,-0.3853130259238571,-1.4980112299120836,-0.01906546783132728,0.4390964649601739,-1.5395655027205577,0.2222468699255193,-0.31079820812175524
3.328051354373535,0.48755892508847365,0.8748100091381206,-0.1524487010482931,1.4871757321513701,-1.313227542068648,-0.4711507921475618,0.9185190406492046,1.2569405472075097,-2.1230213551959114
-3.561962790139363,3.3767164971444075,1.5210535037408404,-1.073943748943137,5.115727988726141,-1.0959967451083348,1.3287661103449995,-1.642115790404014,1.1993991630722252,1.209380932226757
-2.512229629832358,-3.609546974432013,1.6942539762205082,-0.9783795640133751,-0.8265453658657742,0.04508956410012774,0.8328911766066431,0.4528412449587513,-0.6852558422182232,2.3819389235454227
-1.5579120804573918,-1.6562850125754838,1.470151504548173,0.09439541456760993,-1.0436147404142857,0.2664545399685483,0.7994404194280188,0.568752807331217,0.4167153221869934,0.6933888261399206
1.7072530688851932,-2.482851192154858,-0.740631807163638,0.29307752078890437,0.8152230223706741,0.24870625845698363,-1.0234384302648534,0.2845097018585226,-0.7268564084710435,0.3127350462738755
-1.2057314375288166,-0.1946352001416942,-0.6914925485491645,-1.940656544390204,0.35499425168610504,0.8690300032102521,-0.5881203287300181,-0.14896316368505924,1.7663352350369077,-1.2566709788040689
-3.2501941957625107,0.6157959200793793,5.926536239673608,-3.4185728205074826,-1.420740285458423,-2.534334066964497,0.2561610285672759,0.2609971250288248,3.028139075851812,-2.3747085718662073
-0.5066326795886431,-1.7985356913516024,-2.595726883434781,-0.9958580339659283,0.10470374419609405,-0.6141917843007643,2.329427347882479,0.16111462911652885,-0.41157926938115613,-1.1935837356393004
-2.947848658907648,-2.5587645449386773,-1.6032473920927652,-0.9262715541849988,1.3094822249369338,1.5455211672478166,4.345531692371225,5.1338296032759425,-0.04307145064484484,-1.6996984780342175
-2.989909332921214,-0.21445989133273355,-0.2783973410235096,1.2915497801373654,0.08402697262124091,0.31463159076658836,-0.7074514826901293,-0.24739819449733322,-0.23266016803906783,-0.18751207959196944
1.6561012883663757,1.8945810761954782,-0.9760662241005712,-1.5721314889853322,-1.4033626027554265,0.552368603981806,1.0217992872325967,-0.6447992768325103,-1.929930025941821,-1.372722400384366
-0.18559247543024546,-0.5335991413419998,-0.6769780399214554,-1.5048296668133705,1.8134413134159184,1.5516985301749664,-0.9898825697672003,0.8542939782950448,1.183327465232972,-1.3761366631211869
1.14549259352395,1.6741518019277657,0.9087328953695529,1.271576110523264,-0.1666093557817054,-0.30792636647116683,-0.6321958750553932,-0.5146110559585383,0.6638232700294264,-0.3151716740041467
1.6672697134383891,-0.6873630431500984,-2.1479373965991653,0.9805703828205399,-0.4940502118189294,-0.20219591115804125,-1.91697335691814,-1.3686495579253142,1.5651689606284438,0.060653939917377574
-3.1944673836959265,2.13998776927427,0.8571451292786301,1.3627832225828558,-0.8881447485020756,1.4175463099281371,-3.2726340969988277,-1.4843196084670132,0.8059367613980316,0.611496347506264
-3.430872508588266,-0.006298829877853786,-0.846999557814344,1.0609952853503595,-0.8902255928836155,0.13098721632500349,2.26805249285167,2.2208639173881024,1.240770105873255,-0.8851354863295193
1.3096692135151553,0.3611853922479796,-0.8543361642861279,-2.0217107684803075,1.0266378565334393,-0.6842427470786522,2.893667795939566,-1.5979860874624088,-1.480791211954211,1.1029583819940134
1.1032821203747007,0.5407458308898277,2.738746661154307,1.1990363475457897,0.09704671908582915,-0.315516949738247,0.11635466059003662,-0.0933291146172997,-1.7083788896998904,-1.016247656595256
0.29203150871287614,1.387066570781834,-1.780309889284727,1.4497420169604072,-0.54374061935968,-0.7244197868284377,-1.0628216017924839,0.707100703021289,0.0012089074202095932,0.46058031708419367
-0.4891018237361547,0.6573496408152808,-0.6145065079890373,-0.26016647773327944,-2.20064313844545,1.316472694142502,0.55052884027559,-0.5718543711254331,1.3238228673612342,1.2009767452968727
2.7409060208133984,-0.2728081914662817,2.16632127448521,1.4810047569709879,0.22100933797646796,1.4829694515598555,-0.7376593322150707,0.07169350442018504,-1.5541883979487494,0.3242272256916728
1.53866818618312,-0.9190088617428722,-0.832720620106413,-1.0391337030901726,-0.7656794652931448,0.9118021787485265,1.1945433000548806,-0.5109770148192202,0.7780502063961711,1.3568494404603555
1.7197468580773003,-2.2233412383494855,-0.8851961930563363,1.3122102024861222,0.27203550658350206,-0.6199126209944124,-0.7080517549333369,1.7021844506394253,-0.8622749721861853,1.0974403715937493
0.1936193364564413,0.4939945519025356,-1.6262713277604777,2.0700362373052412,-0.0374603455048804,-0.3043728073520366,-1.0829555136093514,0.03192834318183904,-0.22878468863845025,0.28365835746441515
-1.8651459640759749,1.6543324603339808,1.7039990893838732,2.073670148422671,-0.4390878088810479,2.1354020445206237,-0.7725442584882743,-2.3076802918215855,-0.0651087079580585,-1.0522249781214312
2.4481280606182696,1.3302584139395361,-2.1517260350009257,-0.3067514630520668,0.6342500318136912,0.5529347869800526,-1.4288894688742935,0.5145649696286377,-0.017021584660660328,0.646239931756685
-1.089803128207783,-2.037530962758605,-0.9958694361925775,-0.3174928885222608,-0.6924831586087844,0.6849576892004277,1.518489446629198,0.20978200050244306,1.2211213787951534,0.7193783033151021
-0.2780411985813218,2.40336874477377,-0.44630323915624864,0.36082200438571227,0.6215560783841453,-2.237938012373043,1.5868693094286928,-1.3723025666195823,-2.7508359552060306,0.7635387396954179
-1.3877653937518726,-1.600682103607263,1.2567311338567044,1.1508248758052813,-0.5240587870000135,1.1687976703146192,-1.541217765649063,-1.1157186663733711,0.5815613184325691,1.1366038025544787
0.7672026131732507,-2.870225598240164,0.3508947661102049,0.8764222640119932,-0.3506111472386637,-1.6800907518063206,1.2165237898366386,-0.054949261693182934,0.2899144684099589,-0.10416954567268348
2.1062605051282186,0.25616581763040364,-1.4347112770289416,-0.867651826067315,-0.008468341771224722,-1.3564011209494486,1.1535294968140626,0.6969174700464266,-0.1683615690468517,-0.39650244490881875
-0.847861054036797,-2.9939045671560147,-1.5429534573387298,0.25592001113596863,-0.4554625387859747,-0.04224487890858331,0.8167991925253839,0.08245524946097432,-0.11312014103829178,0.34697945954175835
3.8233364447109435,0.07722238093916065,1.7740788641945249,-0.7761015857371859,-0.9898619986482453,0.5048834598281352,1.6397412291552056,-0.6353233921830352,-1.4052456027236435,-0.1287588185181443
2.9504622646859975,1.9605706016915887,-2.633243471278928,0.7699873624281156,0.551883604244391,0.8128095389365126,-1.9642117521250797,-0.059849931276394215,-0.35938391621126015,0.649570479790793
1.0744231678483118,-0.050398118715016815,-1.8643652119132004,0.08368162494794407,1.0160687006027134,0.08371998393047786,-1.47651305271509,-0.974172948160838,0.29578890077160996,-0.3373824685850506
2.2820862138251075,-1.7269493485113114,-1.026762497951807,0.16711627376252614,-0.18814283132568768,-0.47666184279976087,-0.3076937099004268,-0.5810145530610413,-0.6705209928159007,0.012108891704139145
2.1253055917507164,-0.03470129853185109,-1.4949971677549836,0.14043685527789268,-1.1355824587955268,2.0577839168367564,0.8321496437456992,1.0798922484389446,-1.3226720087515411,0.015959030970157988
2.0743286494193915,0.542219969580962,-2.11438665199048,-0.38707889620132174,1.0704685202710225,0.570172908979378,-0.6312941331076242,0.5650419863060115,-0.3683210100207432,0.48448388216160015
3.4717663854996337,0.5597650406744737,1.560221322344216,1.2462651370741755,1.4296394924784546,-0.14053442137959274,-0.9522795599781797,0.8690603641344408,-0.7971723432195899,-0.15830768033315873
3.668035825528485,0.4301870221258315,0.6847800928592477,-0.7625298826945303,-0.6859034928975306,0.1609170566807552,1.212403955007294,0.9859470785498984,0.9932448009266234,1.0373272103777327
2.992901375272388,-0.3661571217141244,-1.1490654377755165,-0.15402228841221338,-0.6387332107044458,1.0728013510428724,0.8283896922602654,0.04456714615754049,-1.2940765146897166,1.13000330907061
3.6161713311026022,0.2555724965544409,0.8565291138695615,-3.1274571943712672,1.5909694418102012,-1.7763254477698156,-0.7848082309556154,2.1133649146264903,2.0335481664836403,-1.5554086461996102
-0.15676736805995778,2.1344922885645503,-0.5058008455293606,-1.153602073492595,0.8876698073328916,-1.6241566753177181,2.618865497424535,-0.6731846982673766,-1.9656026412461227,-1.0706471627148837
2.519890177767699,-1.5818990519249905,-1.2223431472509032,0.044185639296747174,0.7244737254509432,-0.38227365385105033,-2.809835411630828,-0.8729810217697145,0.3178203460153255,0.923103014321489
1.3565280799446713,-1.307158442775513,-1.5847555571201108,-1.4051261524495668,1.9442592345611056,0.7022929347823679,0.45541410036828234,0.22026674117166087,0.14955527469325958,-0.38280110875315804
2.240898625063836,-1.3863687656689283,-1.970141154828708,-0.13996092079890587,0.5912616995888412,1.4492399725819842,-0.31330917375778183,-0.19143301831884002,0.678522163068362,0.8877430301795592
1.5018360048372714,-1.2363625529772895,-3.9768047620921756,-2.3612254427451145,2.1707698958275894,2.180004689765064,0.8433913795188805,1.7729120379422467,-0.06785093829419736,-0.6816898194228992
-3.237746273045689,-0.4985608661173425,0.6854370067945962,-6.820770402329565,-0.8665607798833038,0.05680028218921365,-3.5170451615652016,1.0935608075284853,-2.1775476413419232,1.2790727480327662
1.522465993261366,0.22123284702475723,-1.5263504654921056,0.02308591728499207,0.869811550186951,-0.2565554021257451,-1.4832280104718636,0.689316254575131,-0.9879237481240413,-0.2495969903128503
-4.020011986358897,-1.4393234345978139,2.0298109015785974,-0.9582446903709936,1.2491788009707212,0.9630811443459724,-1.5244699332406066,-1.006575546899491,-0.6340011615027717,-0.586493887969045
-1.4645750290951496,2.0676945263670046,1.7329039309574221,-0.057592452334142334,4.76301723102822,-4.685329616293733,2.140727626830977,0.29050694815825634,-1.313168584398776,0.8813147886187174
0.2037575822155635,1.946442306943773,2.76241346994857,-1.5500127146166323,-1.5883529684884934,-1.9660831014428028,-0.7199558719339786,-0.365530838270545,1.15637872074468,0.05352519120292861
1.5493805170247135,-1.4908547467280118,-0.7258496135700528,-1.293573704525193,-0.4361576771468553,1.1035409266715055,1.242775833910842,-1.9422674970808977,0.37505652688153523,0.6645353628024364
-1.6603027373777142,1.0638508099648407,-0.01772132784561804,-0.5536714909005398,2.6074888609397626,0.590671041004558,1.686985123518639,-0.21802638577841357,-1.531146285757279,-0.5044636784215409
-0.4646741379903905,-1.141021926481343,0.0100001331693601,1.2677537092936146,1.3340698654189649,-0.8939587423716315,-2.9655271053997296,0.22283975826340496,-1.2761870311131054,-0.5155925315769284
1.2721986760329875,-2.183955426009365,0.8346442496896349,-0.20322731628067342,0.28064158919110477,0.6528246609843701,-1.1991550050740662,0.10208816029289974,-1.6124077979275953,4.152496869653573
-3.7489641395608357,0.8525201997033447,1.4309376135042002,1.260709580851294,-0.5506432180327193,0.4837254725363051,-1.1625519741335624,0.39705045042246606,1.4099623658720928,-0.6081872573697097
0.6903419435234279,-0.7003340072515546,-0.6534873150045182,1.5857394300655345,0.4217733363708755,-1.1450091868969074,-0.10097573174966093,0.5171944896984442,-0.7642894697816843,-0.7368850761559601
-4.594219485713267,-1.1472595230230922,1.185801204229329,-0.120517024513984,1.071655959479844,2.6168435490861914,1.4385379493698547,3.350601491151366,0.5411366648691305,0.12483691626141077
0.5381681034960942,-0.25796825215481134,0.588880770907991,-0.28400017565178376,0.3847080985450151,0.5246887598013997,0.20498664300852135,-0.7311838447551462,-2.6597349212975265,-1.0001682961517337
2.0656952636678314,0.8647562412354658,1.4536954223361798,0.5217012714317928,0.2581864199716436,-0.36823618106982875,0.7623301288148827,1.4754884495103027,-0.11714320279319804,0.2054755387092484
-1.6406092160239336,1.800015169390891,-0.16855783411378963,0.9098050187757758,-0.928052174519999,0.33729688991412765,-2.60027251396746,-1.2135353112286658,0.27244001797574596,-0.11670498770050125
-2.12553355588798,1.7578996614401923,-1.3652032595084695,-0.403136996317283,2.618824896384296,0.2587242789572049,2.7292241167788864,1.1894467655817222,1.3249112005879236,0.303001881838283
-0.661823659720019,-0.9616379456816214,-0.20072334261214808,0.5523811006373206,-2.415291356384715,-0.882897337247632,2.1108411802634235,0.27007800494457573,0.18046925843208847,1.003149043168098
0.9957058252636902,-1.1017936196163787,-0.40545043778390605,-0.1855238998960418,0.21357741154918952,1.1313673826903794,-1.2226989295144666,0.8730809203251184,-0.22313491076192765,1.542313912405576
0.5285241841561975,-2.625966264327145,-0.30171818899416275,1.3782965899966197,-0.96885629961038,-2.2181084473155037,0.6752048851193887,-1.6398868306085839,0.3344519012265641,-0.08823259149902099
3.5249395803055967,3.4255176500328193,-0.205487381324759,-0.8574329796662855,-0.8249263257888442,1.1776101922729516,0.7808453698566735,-0.7247996348814221,0.2738105943895193,-0.2556212933447877
1.1868100648573063,1.4952830104311972,-0.4723235888920486,0.03598156461982721,-0.6114205778824486,0.030651633169753813,-0.11392080049607889,0.4488014289060416,-0.49927211908617253,-0.6273340023965088
-2.6335975933185223,-1.5841412469915035,0.8314946517008004,0.22729374175729444,-2.3783399658459317,1.292233326264954,2.5511324137749356,-2.032934717529577,-0.895833694708705,-0.7008581735587225
-6.836445531283911,0.7157940740180856,0.8935901946721805,-5.863051944016415,-2.4588689434136635,-0.16743260090498643,-2.377464776056971,3.3186507009903212,0.2378150601514949,1.886122757408041
-0.58747228453557,0.921531720632872,-0.47565416179322284,0.17050241145428996,-0.35022226968971315,0.06751330750840427,0.008939886489688307,0.5353048767306,0.43609064164805633,-0.3477472904332154
-0.5991874106509155,-1.6336091635703904,-2.4329763266322932,-0.09418822652793918,0.6440900783370408,-1.2793272283775496,-0.6595960175836125,-1.3015813607116664,0.5831538961367357,-1.6114410933487375
0.6729131192645167,-2.4711198809419255,0.5877992214008008,-0.5530278228897143,0.09906813700230978,-0.5607877839889146,-0.3857746982449101,-1.309086652681415,0.2191522310901409,0.3501895095865131
-3.872543247317541,1.0288871064112635,0.05336292426494071,-5.9627360065127775,-2.499400396895041,-0.7016628498890086,-1.6486474083391467,3.5672634252079924,-0.6149080351408,1.4962922927265223
1.0859254484261618,2.3725892848169803,0.8215502749031185,0.18364171882743544,-1.1542572871274426,-0.5334678838788215,0.09928068910990877,-0.40665030351129566,0.9669356666488906,-0.4016796237934919
1.0964033668254913,-0.16084611924453673,0.51214187091587,-0.21040587201699806,-2.8008753879976944,-0.5699259567525898,1.7028993510858954,-1.7532425624266874,-1.6512415555426398,-0.8287643350215216
-0.4303333013493863,0.39424607329639355,4.2115706310219,-2.5614849819249224,0.28571730220596625,-0.8770186260495777,-0.6591481471202723,0.030342268823477122,1.0115702313148878,-2.522239153665215
0.4890509482550007,-1.8580881102812292,-0.08487777355684273,0.7904585138753801,-1.22888727271165,-2.055004262346924,-0.8474581980937612,-0.19838658441541906,-0.9794954411972436,-0.41265093631423894
-0.263195512026367,-1.597496669517767,-0.692800658696794,0.09754354138264698,-1.4549742046645928,-0.34334396537508605,1.3711785092376714,0.11010103851201611,0.37065217292223,0.19310045715531088
-2.6896604373384188,3.2306021735212593,0.9748235022614625,-0.04014555667622383,0.9066980175571957,-0.2838463275432146,1.2454779424577727,-1.7470562547017272,-0.18642608645627834,0.539343232963323
-4.49754582177883,-0.19234537880744573,1.0878144772504943,0.14906228021748816,-0.47014154787348966,1.6247882913436935,0.12031684268978086,-1.6384632634218097,-0.9425952741638304,-1.7864844366403894
-0.22584757721360502,-0.9561965017222499,-0.22599687499349896,0.0877868500302748,-0.4980486240438818,0.41337894974678385,-2.0163458507630745,-1.3754144092059404,1.1057897954445512,0.7003878500732608
-2.415967678118931,0.3899663973866315,-0.15358617795169802,-0.5911241085710901,-1.6782599957917044,-1.534948235747458,0.01424912192289778,0.4693952022552048,0.3937937545961476,-1.3354827793893933
-3.8798059710177992,-0.03812448779296407,-1.8484185372658084,-0.793208549985207,-0.3002866820542581,1.2838585067927533,-1.3444428580368948,-1.190489924033729,1.3011224387573332,-0.9861587315429162
-3.6355078161063457,-1.2710494870808997,-1.1953766511093546,-1.1282527679231564,-0.26035751195518847,-1.1442177870212353,-0.6888414077363099,-0.8044148323872166,1.6815985598844065,-1.0587057872151053
2.3170828831085246,0.8466619546178301,-2.7396673350186447,-1.1702975099319304,0.5640662567955201,0.48772302244624816,0.48361704299067204,-0.7623050824425042,1.5588971753188112,-1.42696143638452
1.3878889675317512,0.7046839713327113,-1.1232867944266485,0.06985478892652129,-2.236522179039035,1.0791547160928516,-0.08073931829870588,-2.3329154623232635,-1.1902825992725456,1.4234106700277955
2.6412852944632483,0.1874103454867377,1.5986496274203341,-2.0673027127347328,2.1654591206963585,1.9421033930260678,0.2902485653717697,0.37707845750455804,-0.40643226949682887,-1.623709195826665
-1.6276181992729828,0.8083904748419316,-3.11687110576207,0.051646648795625014,-1.9897478249643128,0.3732831030074537,1.4807785630927943,1.2002338521540932,-0.887944181920702,-0.9384635198538935
1.6358513632645348,0.42365657220956404,-1.9474843600240934,0.9385158587221544,0.6702399824902225,0.9817082976722707,0.7348476383053063,1.8251967837520842,-0.39726908514142883,-0.2760552587911851
0.653777587742737,-1.2576225946690975,-0.6367035224104352,-0.43100120237467515,0.2240621825589468,-2.86251108220511,0.7128875735447601,1.3247504701087107,0.47255604109771016,-1.6940230209439875
-0.47726953589835114,2.466342628727848,0.04997157823672701,-0.8866158216837495,-0.9153190112844691,1.5669607242756638,0.5887861342910755,1.2223353636945473,1.9073850231437353,0.5076824545481223
1.3429441009614607,3.9139950198239517,-2.109844911741693,-3.045660361303183,0.7580059477842742,-2.715997450383128,0.34570335569592625,-0.3241694428881003,1.8115667994580757,-0.7215401690548687
2.8535613845891374,2.6754740498427885,0.290806993826689,1.1484536735282038,0.04704623426662499,0.36799088954710757,-0.31993862151382124,1.3565389814536586,0.30231440647348173,0.17248812420316015
1.8780183122565886,-1.7937995113036092,-1.1223285481039211,1.0907596905969907,0.6425477924984373,0.23563384368123577,-0.10027515356381109,0.2763428260627677,1.696145410210791,0.4861385665811048
-3.3272890913874695,0.9874798041501415,-0.5251461714021678,1.3927417201674461,-1.6005726027312932,1.9062852459749926,0.39630462764587887,0.5925735951120599,-1.546182898076055,-0.3654928318654072
-3.375685535928583,1.816722246733658,1.4132640834139647,0.14623933557521349,-2.567627682663181,-0.6755120035386798,2.1213804001106635,1.1291294164390866,1.826943405758957,-0.29203848679881
-5.037802933963343,-1.4373278886379945,2.012968449957285,1.912509219755605,-1.5566563984300559,2.0153614892038894,1.84332295888871,1.2103996562815793,1.4048919347921494,1.4569129794571014
-5.9031575420793985,0.7150008104237179,-0.015204500217643935,1.2113002946729707,-1.1763769861289721,3.2851269610807785,-0.11785271519349409,0.24772418567601037,-0.814480948770935,-0.010962188256802936
3.341014951793668,-0.4512004110594106,1.5847878810491625,0.9588868483503642,0.3189014040672662,-0.6432933590477284,-0.8550559286874659,0.6616947326551023,0.8750513510261623,0.19251622820389916
-0.3079980867194877,3.5517250992848988,-1.6870130316411658,-1.9768705669311546,0.8644877756254951,-2.742150694622171,0.3485790955388075,-1.0188284891430845,2.398912778496687,-0.32532473191458894
1.2987960022759393,1.3295471964515677,-2.023842199916939,0.1755865347481019,-0.530062013666176,0.03741132388198895,0.7642328489635636,-0.015011926054342612,0.4635071446827459,0.13801558256672017
-0.09901346204518215,-0.003718411604098198,-0.8192424645435158,1.8356079480778322,-1.067444056468191,-2.539654192748232,0.3081653244930916,-0.5363961154886082,-0.25534462879691466,-0.7738696150692527
2.5083097924326943,1.7524223308166273,1.6246352361985543,0.36031034046611776,0.293819599498167,0.24902327010730568,-0.4731085299752305,0.5677322286985337,-0.9249197465477053,-1.2352200738492047
1.432071881442734,0.5530595129178641,-0.2517642402622991,-0.6308649030205346,4.2738432550461525,-1.997566732777298,-0.12883828280443166,0.45124304208181476,-0.41157543579999517,-1.0605511463544224
-2.31146884603611,3.377224695556528,1.0439595656582619,0.6236060379653617,1.3607794681236303,2.394005678469781,1.7817215822934362,-1.1485952478100296,-1.6649652969790545,0.39935026845892035
-1.0608723557639166,-0.7553944630913115,-0.7023950591535176,-0.8907859683714047,0.4548575430227142,1.314592018177967,1.1129890637873787,0.2759020713846928,0.29387417301509794,0.3190095522560515
1.755900173102433,-2.3109659149425874,-1.0225426859569602,0.8163231807136385,0.8365034067708728,-0.08292516215424019,-1.1707226264461092,-1.5804369021184617,1.125142654673711,0.0355435849898702
1.3549302158321685,-0.006370016085966838,-1.6472890750955014,-1.3995127040781767,0.4728476619531454,0.1329293463869894,0.9227741244920059,1.419380318883027,0.24196469502332402,-0.5312918978572413
1.6430880336589053,0.2159511814800229,-1.3673230588946954,1.4574090727234588,-2.2201725848029,-1.0412603307349644,0.9119663352347578,0.16271214572415107,0.6431369713710967,0.5266285156431906
-2.387837111053848,2.1699340993119387,-0.027036621926776642,-2.585942559214046,2.057812183353976,-3.5469815581737385,1.9304955799540708,-2.2403688603839607,0.4177368705634847,2.0299575981435356
1.06497201086136,-0.7950328118610226,-0.544844904261035,-0.15197121286720913,1.5452498890895825,-0.5509296097789173,-1.8671219804965093,0.9688804896056458,-1.0087957308257631,-0.6294107071226213
-8.344242233985247,-0.8990671770562216,0.48645292639497545,-1.1074745256894996,1.6310738643659237,-2.321499144358437,0.4181252964220191,-0.392612713663795,0.9239615632728261,-0.8866459783706562
-4.64658690889361,-1.8394039920974843,0.29510305410476323,-5.673822167576185,-0.9112803663237413,-1.971221381746708,-2.987940287177751,2.2265048554698885,-1.6592518865074684,1.5991733090587716
-0.9139103151725738,-1.0576341030132845,-0.2987705468477729,-0.8391444570036181,0.13478667884565107,0.4743488727817587,0.47889126341455307,-1.493281419519043,-1.4438975372852632,-1.85666611821603
4.42694996544169,1.847684663510301,1.0249948764970445,0.49326094929434594,-1.0458794457026044,0.4232894358694875,-1.2939576267080626,0.6366204533839835,0.6253644705325438,1.1997962670666433
-0.9343280165739688,1.2019039362649429,-0.8462502807756341,0.0625287488967075,-0.8618281641228792,0.2774968535055079,-1.711511944834902,-0.6871218648599655,-1.3590459329920115,-0.5660857122596772
-0.11194776036443777,-1.1435700479697755,-0.023351306192451585,1.0275383351646679,-0.9101578945792075,0.36349307358235655,-0.17801175415994813,-0.8566096127697302,0.4841144623398329,0.9615013227311505
3.568121343008157,-0.7877369461045534,2.1068400332542874,1.1145151454172701,0.3789832225515285,0.17124987412061138,-0.6793260573020897,-1.014210188580871,-0.14826911767087703,0.46837644689041025
-6.595256924333817,1.3231787104674648,2.2865374499955182,0.23977712901393156,5.942055036538889,-1.133188369489441,1.3724745357205017,0.6732196365259064,-0.3005903213702537,1.6930765025799512
-4.546046544276878,-0.023067977053918977,2.1760937703491434,-0.34662520501177485,-1.2149397094632193,-0.8630892163459386,-0.8851314689641753,-0.29271528389741064,-0.25985858789524413,-0.06254916293574271
0.37814284344586807,-1.4070263553594524,-1.0061892670242312,-0.1800542917784452,1.462821491493512,-0.40330837742727754,-0.5413650321653296,0.11730393121414348,0.0669201781549771,-0.8094223233075167
-3.108627293114554,-2.0100184153302383,-0.5912033170600071,1.4635666160657144,0.0810391956369712,-0.7042208407967696,-1.2133276107394422,-0.3115023186056298,-1.9250411295021956,-0.6797342531361278
-6.657823041634327,0.6481021195509017,-0.3462687396530321,1.0091890358853777,2.071796774436347,-0.3385594989425605,0.08218269885808963,-1.3318792372750343,1.1809556369848446,-0.22482995657798255
0.9628649874804022,0.15890209813742784,-1.4025916675015544,-0.1417987148219968,-0.10330026604221405,-1.4262266321808093,0.224210481068524,-0.9944105038737846,1.3996625075003313,-1.735158237198287
0.4515204878356,-0.2212171227515106,-1.4211802609869362,0.9772190363900427,0.20804040634135681,-1.5994511784998553,-0.4657869536700477,1.2253412948576372,0.02163592296083542,-0.9525487922619752
2.8269104265908,1.0393014165541763,-2.7808346741820853,-0.12525537288938784,0.40548036312797814,0.2425719648210178,0.7798598893329286,0.8470123915540941,0.5315202466814248,-0.4441935284457025
2.975922190010742,-0.7746353653548153,-1.3153665546528168,-1.5719370132336576,-0.3360085922374619,0.4347802078679735,0.841799999891255,-0.10098308545066663,0.340337155720586,1.3775448313367538
3.062408663112794,1.150000173711657,-2.598375200969411,0.29245873021776797,0.8608547845955827,0.512834026867044,-1.2171503404974866,-0.4668911454715786,0.7360080025484349,-0.5013501064593671
0.2929916331992539,-2.4029045560033504,0.41430746020304066,0.9046463686959436,-0.5196503948304101,-0.6996884821483156,1.1451308293041447,-0.42177390868576303,0.17076742852145588,0.5359458425460039
1.4520080279371745,0.8620090280776167,-1.0143382065268098,0.7773713453042577,0.15386950355364568,-0.8192526931110555,-0.549822023346148,0.14466510604426835,0.34129876021429467,-0.03981186635510037
1.1076515911176026,-2.100071698050052,0.03608096858421945,0.012814005935842086,-0.7403657902831895,-1.3373205907637389,1.030285938296391,-0.7762560925396951,-0.27887245072572553,1.191475710909375
1.4479543576653366,-2.8006789788916744,0.4232367608708381,-1.366552248522201,0.2482263095948799,-0.09915668606938348,0.3640867909262052,-0.9528567366866351,-1.8750011946822238,-0.059062029516623586
-3.0309768921141615,-0.5008738681070746,0.5526808579812255,-0.1534977710861162,1.8216636692023938,0.8430218812488854,1.9860513514924834,-0.6768290853988793,0.32003789988524756,2.073123897272093
-0.4760190662091881,-1.925302387074832,2.4290368013236185,-1.0763135281531337,-0.6348254269421163,1.3404736422068937,1.122377051335528,-1.7416731306218818,-0.45159178327406113,-0.15090074595637237
1.645715320141105,0.2651108902337505,-0.42642719458847883,-0.5751789404985957,1.0731540878037538,0.046088720688268726,-0.22991795258032022,0.9878093829006397,-0.023778401285897637,-0.6372006834056863
-1.4764547654782296,-3.6342417075588895,-0.7127541473818243,-0.30019487607971695,-0.4314994669984953,-0.31031600135134213,2.8106064003036892,1.2526300967365815,0.21183324490941371,0.06924000194243768
0.8595588534750688,0.1815470982438682,-0.2539423463505373,1.2546869179944866,-2.3966559066012922,-1.5948874933962394,0.7817385212781002,0.36888652386583926,0.36012178810224327,0.8025192839838561
-1.4953144452379714,0.29456698910235196,0.1450651024904826,1.5941823424666672,-0.6898742759208173,-1.2658715034271408,1.3109585256723493,2.548704499521625,1.1592331748771403,-0.7535095044119756
1.105170831881321,-0.6998240727648128,-1.0318243738265809,1.509315860797557,-0.5547866371838033,-0.3270492173739565,-0.7984232318158926,0.7394869650084616,0.6210679314522355,1.2354247408523675
0.7178747707486658,1.2183527859636318,-2.3427743189800254,1.8834760727505404,-0.6104421963610701,0.6232978753888102,-0.15900484349138444,1.2017730754810165,-1.0853442458685223,-0.3484605421457807
-1.0009107638887544,0.30413465361550185,-3.1656868797487676,1.87704847281095,-0.4121090356689449,0.12098603686738821,-1.4096472675780825,-0.8681302134579082,-0.523224751133599,0.1974916980754893
0.4632390697389864,1.0045779992698387,-0.5107715643791194,-1.4750142820008345,0.025096888044135002,-0.7399965196077545,-0.9921856962887126,-0.7520538940990321,2.4643932459279014,-0.949406141914951
3.136289096822874,0.16815257859384544,-3.261115284562579,0.19906417475100513,2.0374088840601883,0.2801306365259625,-1.473087133507484,0.381458775350898,1.4895680248849665,-1.0253653275776227
-4.72527150280449,-1.5326378252423516,2.9701758541789047,-0.873655645816427,-1.0381142956150209,0.31552051257095853,-0.2816549034606369,0.11799871522104174,3.778700084687194,0.5053982553851788
1.1228849603380051,1.795871167565788,-2.2281746902396344,1.4699804778626997,2.4831784731502626,-2.3782766295992435,-0.7378143695955408,0.3439910845602584,-1.565470299166724,0.786425289015888
1.3823846309974757,-0.48986767950553056,0.841478394164989,0.6604091020401143,-0.2682315493424541,0.24104982158748786,-0.727294295442411,-0.7537577963502073,1.208568609001309,1.3218481686795687
1.8945024008072937,2.0323855842291927,-2.5452841231250867,0.531940620678195,-0.3486866994661758,-0.026099639713468764,-1.6563506179523646,-0.32352551213601993,-0.19606773446174394,0.7624348793656335
0.598731947753506,1.5657258674029064,-1.4619704414973964,0.10592708743508672,0.1727343097065171,2.5982853813978646,-1.0274946690170792,0.37810353319256956,-2.102052602670416,0.12869760992134013
-0.5585684865582967,1.2030677049063703,-3.656550889839158,0.20327669923297867,-0.5899282305079113,2.0325072855180077,-0.2407513500912126,-0.14517036746513215,-0.3980972408356922,0.4050139872172633
-1.4170343218209693,-0.12027422257193351,1.3329171767586958,1.5760591493460647,-1.7036463252429568,-0.21901105298800158,-2.1318753408023663,-0.2719728142788328,0.21234707055485466,1.1063542223661533
2.2943613963502782,-1.6611350498015847,0.12896938824077994,-2.4950773697677975,0.7232180286235534,2.750930027305093,0.508628046598288,-1.3728352966433086,-1.6914186353923613,0.889740364361112
1.2572754021641332,-1.8288422960065989,0.39716227740268345,-1.1729374770599938,-0.17808515526238108,0.043973131021191235,-0.07110096012901161,-3.122799699127995,0.833739034904228,0.2952038021173342
1.6333662760664838,-0.7666890317912242,-1.478315431765092,1.4603925308288117,-0.3624315001067429,0.018033134406566717,-1.2467229799965118,0.0792484596233647,0.17933959340090916,1.568574021764853
2.3777661454894408,3.2183438093417576,0.9401931194571281,-0.032605625703154624,-2.2495739714280933,-1.8352293183469337,1.0495568611821136,0.3895822857046823,0.5128751705063402,0.07950250799024844
1.519673486358407,0.13767922346181008,-2.083966276980823,1.7068674977622846,-1.8826183177506768,-1.1709796157895342,-0.46391719596269404,-0.39388505022215053,0.9676181485032238,0.6988717224858405
0.6162914272410057,1.8817973685042904,-1.3558227083605803,0.46509535947668185,-0.9843644243046946,-0.028300750654627116,-0.7397820688585021,0.8013576315698426,-0.7681123204130408,0.7512198184197014
-3.789933369125641,4.144537029874097,0.5814069659156489,-1.20505683364635,3.8314275322443874,-1.3799672978804518,2.109439873418988,-0.0950925294730195,1.6336084249937113,1.160299543124073
1.6037474511514676,0.5072285127602691,-1.5827227483768789,0.624768050761677,0.7848595502006508,0.5754174057904473,-0.5524200229179091,1.5435247056152375,0.04250785702563537,-0.9830300806152886
0.9115854210051039,-0.37656608385549384,1.810831661794482,1.0521276436215568,1.1043085890146347,-1.5001446877134628,-0.8612960258625182,0.21818311120206105,0.5168383284453807,-0.5312696333733747
3.2826081051377525,-1.6652204391977719,-0.9836385177705808,-2.5151577080380547,0.8472183600828477,1.5675130305505793,0.8937141994296282,-0.677655105126635,-0.33210166772992705,1.122060837948559
-1.8591429497981362,-1.701059650466909,-1.6319978101201125,-0.22373094190420692,1.4716524525366557,1.6594843894723992,-0.8247778234317423,0.21475540879281735,-0.3768785248623468,-0.20377693686657777
1.4393136743832542,1.3287399514759264,-1.6969997895045135,2.1511963743327387,0.4753673081239244,0.25607065285287706,-1.037796862554444,0.6199289503235362,1.3038173273099452,-0.2883999555823235
-0.5556862712970013,-0.6500345110063553,0.4275855983016995,1.487599799941476,-1.8877480150828154,-0.5513748011626578,0.37837811809095073,0.48655334850659593,-0.32588078504437545,1.3496113513658974
2.97660404134522,0.09766624730058521,1.1428281012624888,0.09772461905040224,2.0621212351742937,-0.24154673727180906,-0.3217935920761843,1.1739404801789948,0.5739839184697256,-0.5994190586676532
-4.34969983047993,0.7576166352096269,-1.2223828677226956,1.8998256655457209,-0.9758090176357218,1.8762453032208843,-0.5506789602905495,0.09275017276818219,-0.5243949569673684,0.6736129192552713
-0.3391236693465407,0.678089112421288,-3.3379444559141525,0.3216151779347842,1.0512670723103055,-0.7181110807550527,0.1234673293247459,-1.4436744663872583,0.4728140880080945,1.6779082713462554
2.557937612355079,3.1234986403353378,0.8103540031206696,-0.5289003578199205,-1.648446135687451,-0.9535116746064337,0.8834021073553255,0.38666691027202726,0.64876976491281,0.32928085216232167
1.3639083162317163,-1.8075963806165123,-1.2470485857439981,1.258999914746428,0.11676979771227004,-0.2922513900246889,-0.7787072633310955,-0.5006293012605356,0.7635025439760819,0.7548746225285603
0.7133063330221363,1.008953770451365,-1.9218640049314408,1.708818882057578,0.0416942678837924,-0.2900804071239008,-1.9889991071247184,-1.4737019879840856,0.5117256401208886,-0.42072759908384716
1.8555829636970014,-2.2741002521515985,-1.0559925748942276,0.14316139453551238,0.7556546557234038,0.04768510512935987,-0.17599265708570813,-0.967336374338618,1.3270577001424557,-0.0234185286655791
1.4440045368211558,-0.7458313217230205,-0.9083619378203268,-0.8488617836186426,1.2979692841760209,0.19955481479570517,-0.38327253580680404,-1.0276089591155426,-0.5379028537442295,-2.1690898005301347
-2.5996618729927916,0.9135424043039574,0.8060270778839276,1.1068343082045036,-1.1443125263971838,-1.2557298649596818,-2.040976582903616,0.34515312897879347,-0.28108823752549084,0.2659557456555524
-1.724906918937815,-1.2852630494090427,0.3433342585319915,1.317849633277161,1.5377129400070721,1.0267988477420897,-1.0873664894375843,0.7423348279012124,-0.3762110781963393,-0.5335026799789513
1.6637598774336497,-0.5758680603515494,2.340982674969611,1.1213091637756172,-0.5304432313675549,-0.8890835282441409,-0.7651126704853886,0.43125370461233253,0.49145124393125295,0.6918696637023308
0.7233934795449898,-0.17511694197691233,-0.2432711640091266,-0.29448501125314624,0.585159016679846,-0.4377967599611413,-0.5051741921610077,-0.5972997638748477,-0.34432301109699603,0.5950210390740603
-0.6024497887610343,1.2352355225003813,-0.5270449044011323,1.0209215820931266,-1.4803398126888394,-0.22730855584799836,1.7718083835411158,1.3870801782980064,-0.21490346809398828,-0.0667916889647322
-3.1394807940426426,1.2161028091744603,-0.09185013993871836,0.19282616252312781,-2.7361676450550285,0.8947995668887474,1.5193023494730196,-1.2452030134516803,-1.798611002167182,-0.6736819146023344
1.6182509376948109,0.8220757193265372,-1.965236621944356,0.4938589656217607,0.25582128158141093,-0.11684603545910009,-0.1761824175095869,-0.5407773214427676,0.9100724144659028,-0.4363734964242298
0.9165463104002023,3.238557671762188,3.4709168416518734,-1.8960034695985837,-0.8197777826507209,1.0808120323457695,-0.5093353052747902,0.7378627665054744,0.8667074019604853,-0.5097006236638677
2.07806908288605,2.346137733563295,1.9205254200730058,0.6226497567982007,0.236603100587734,1.9239863953536553,-0.7714035958573149,-0.987008639901237,-1.1230453716313025,-0.5940182784918591
1.4735344832237882,0.4909763766256299,-0.9376304088412817,1.7080475710912748,-1.1382338036297321,0.6186174088270976,-1.849284248454872,-1.3681220955087952,-0.23583380952549884,1.957498811931305
2.9194980393821766,-0.5514529193462586,2.293733823294817,1.155722682652825,-1.0639814436975932,-1.0753583910946998,0.45523799271266097,-0.130882420072811,-1.0086142798604356,0.49144764745825525
-0.17064986570977808,-2.075010267857865,-2.3427883190763525,-0.6608769756366556,2.6612155438934706,-1.4914363928010088,1.2487052257383855,-1.2773334118650808,-0.13971002401081614,0.7471185471924044
-0.1816089515690588,0.03262634473267095,-1.11508914648709,0.7167347804118381,1.3617498919235913,0.7082689094217502,-0.025950418591203558,1.774434725346512,1.9263287033494447,-0.7199492184764172
1.05132803650114,3.138640488040619,0.03074007244315232,-0.2646596141665176,-0.7838406784200738,2.4400039396721764,-1.3199971372318884,-2.4597435437113013,0.5336227850278965,-0.9144617997695308
1.4562783835564577,-0.5769071559127178,1.801099507063309,0.1628232557615356,1.0747218742717364,-2.341088853185304,-0.47717386558016367,0.19652066285166403,0.7250751478149989,-1.1323697119136358
1.350283480584783,0.7060283469762673,-0.8895742494310357,1.3056191817985847,-1.5628911870185298,-0.3398334674860383,-0.8288993463057505,0.30926037838116816,1.2173759961408408,1.4869956749404178
2.8025940003793774,2.5424963776858007,0.05506367864813578,0.7621929225209227,-1.0656762381485303,-0.960412383330304,1.0278331004243202,1.0219854377833792,0.26192687427543704,0.18415060074775344
-2.364451466762097,-0.16183388551481187,-1.739745325987481,0.07357090600256527,-1.0092847905422377,0.2531398732716845,0.7803276184189011,0.9140777430448385,-0.47140095641013724,-0.4162211266252694
2.7479755987786803,2.784726654086671,-0.38948506375931174,0.13590302558025277,-0.6497700113710674,0.4729880606515913,0.8899170097699749,1.5239124566362214,0.3335305542615477,0.7059920034579328
-1.551873024560581,-0.24671288875155134,1.0095672510606335,-0.5217502858539542,0.934904019522168,1.2700211708794351,-1.224050816559481,0.09932052891478488,-1.1789309244555577,-0.6604570012175361
2.171517697040188,0.24719750817223463,1.1727442035793338,1.246420357889059,-0.7812110059128989,-0.13065734099727072,-0.9636926375087739,0.14192301124441725,0.638024798926194,1.324558980279453
1.1429423816119189,-0.8198424221065667,-1.68708593995002,1.1307611187237876,0.9580792778128021,-1.6306019414001278,-1.2194542094034382,0.38073078702370844,0.32903431242410475,-1.0354110810401116
-0.6302899058334824,0.9459745991427634,-0.3111739264922464,1.7107795950570712,-0.21247731440043993,0.829400036591739,-0.6157781112818159,0.36006563367186717,-0.2680296242403405,-0.03159206834827115
1.7388791202633382,-1.0884026254274297,-1.1118754632982653,0.6173338873726791,-0.14906435085690153,-0.9051107018307656,-1.1479222520101138,-0.6746673807439779,1.0595616140768573,0.9045572176909239
1.1853287709776437,-1.4060073243924953,-1.1682291507809879,0.3013995329805039,1.2341614191205936,-1.8379666500941754,-0.0879490968612811,1.462676408421898,-0.7278061588905079,-0.48226843946400344
-2.2564536867718172,2.083095610143201,2.459904781558528,-1.1825390350450462,5.243194532103763,-2.270405412574014,2.1652910961577776,-1.8354110427157355,-1.7029642234066955,1.5150974672835247
2.0674152755683646,-1.5278297719581098,-0.8319918961551653,0.7268299381962481,-0.13426606480133185,-0.4369319004008315,-0.647360114204483,-0.030079132556036534,-0.6771806555949953,1.2376091342933833
-1.4015974319867135,1.0857581017631384,-0.02061864479106069,1.5154014660865938,-0.5838408903875225,-0.1699614987904396,-2.37907727128494,-1.1757974290098292,-0.7663269716492439,0.6757061406307528
-2.834972677193121,-0.47530681744571496,-2.2683500860382177,0.17125203606201883,0.29851682256867507,1.8238201284051059,-0.740227301390397,-1.059941873320053,-0.04771416750970332,0.14729653233532583
0.40110134649018936,-0.5782658722502613,-2.0097775154902475,0.01488990494475605,-1.9560003099534746,1.313149988518228,1.3595143248762436,-1.2727364268331818,-0.924014709769415,0.1060698511874558
-1.0889277536919857,-1.4206237593741062,-1.3832704248447456,1.0892146741742925,0.7864007604805922,-0.0072119617103992536,0.0018762803487746172,0.47586716624383646,0.021895030500925037,-0.8346987394389195
-4.7166116492913295,-0.07323489187345367,-0.6478842258639987,0.6753301305009503,-0.8030802794864323,0.7331819723605589,-0.6144210713396302,0.38588839620644166,0.9247260427291933,0.23575369926971015
3.0852385426237636,-2.0849391724886894,-1.1068809279529295,-1.1797444129377452,0.5502120106194819,-0.7712829049021709,0.6411501929950434,-0.6692227486158713,1.8313337251678063,-0.5960357393084892
1.907176257043654,-1.8361433096656792,0.261731334726707,-1.4336868315617692,-0.5123951637246882,-0.4831754100033734,1.5787616639371185,-1.3302836349214189,0.6473824924974636,-0.16979137812528577
2.0440089944446425,-1.6743578476161738,-1.2123919281380957,0.7004737312943731,-0.13364939735077883,-1.383009681979105,-0.8612857303289744,0.6112812800944363,-0.025383290532546166,0.8307069734789474
3.68239943602321,-1.3043403469588573,1.5576230938930906,1.0792892599131143,1.208521059973207,-0.3101792855740711,-0.9307343510363255,0.7378125228184309,0.54925559936078,0.2674982820774306
2.10735579552656,1.029313325611404,-0.7632115358122443,-1.0891331388643886,0.10620794740923203,0.9532340353174906,-0.5228261824694362,-1.4210498991767198,-2.13688719599377,-0.6648284129587453
-2.102838423387786,-0.46925202514279807,1.9690999271005674,2.698476333851881,-1.734307341560163,0.5411940840695032,-1.7764171742777595,-1.3526671561028785,-1.3094754224280434,0.4624416254435568
0.32670164597365486,-1.5680151977661432,-0.07553682106700164,0.6764030123979353,-0.37007978361617694,0.6414290646345289,-0.7469327800725168,-0.85502731100102,-0.024135410512847334,0.8036161495381501
-1.1340005736841965,-0.7376454480041829,0.2744593884326469,2.437938507460765,-1.588244613162905,-0.5164810678254096,-1.471320784796423,-0.786802804533597,-0.21291106976824895,0.5911640187318761
-1.6901769385164602,-0.8790025434091712,-1.929538903110354,-0.5123299639252591,-1.0953574151494314,-0.6586546368020351,1.5068375172562891,0.17830825236481113,-1.735864658141988,-0.3831606131735206
-0.4797685403065904,0.6359722632484158,-2.733343689959689,-6.9053376402359525,-1.8715866709047553,-2.5816299369660602,-4.130563673512009,1.1054288840161035,-0.8169198542538346,0.6423522600397686
-0.4050784364644851,-0.5221100969539504,0.01806403539477642,0.5178736829273957,-0.12064558261575288,-0.4323005697029882,0.2706617623514367,-1.5121204585934074,-0.7155407526977741,-0.8035571189012413
-1.950517852802275,-2.2078051116555617,1.012223908405989,1.0115345560332127,0.8157658409033097,-1.0171044169272339,0.4604040036031427,0.35844147651046576,-0.23183766910072556,-0.43253864945420833
-0.145991945611941,-1.9534443148804448,1.7901324235796023,-0.5134390979751634,0.39121464270974143,0.257679777329701,-1.0412976811655874,-0.13448641565028033,0.8863632086971928,1.0028386679914196
-0.8707597679299298,-1.5053102724673135,0.8807058665614715,0.08150831774314148,1.9747420039649555,1.0408295531269014,-0.373677821323929,1.0545175290129774,0.40831368051836764,-0.7150229529154605
2.487617954710314,0.9739846428637315,2.3307183533190168,-0.9784102439398803,0.3373133922968135,0.5170486784873306,0.6728312357394818,-0.9704783245592085,-1.2667385090251109,-1.336866163863629
2.9297766948051387,0.29279984725298985,0.6953731920532507,0.8924738889918383,0.35428351381274864,-2.5018665829843747,0.6753325813343372,0.8027242697716828,0.18179994289492693,-0.9005039462457768
-0.20165370897712595,0.3345276483463608,-0.7751926725616681,0.053440902390418626,0.8405510239884447,1.234190973258051,-0.5604155470593929,1.1155242643492842,0.03019699766531315,0.6415129582190887
0.18525087656949119,-0.2072115486898786,-0.11280927163406047,-0.44394573008471094,-0.316743392782071,-0.2903214719450242,0.23356013805322567,-1.0267255607047658,-2.604961005144256,-0.4447111840477586
2.2785148794689674,-1.4452339109542593,-2.1821180370407336,-0.5532075907068682,0.39681520267151477,0.1565432698351413,-0.714871282375912,-1.0180026441998178,1.7351751236806494,0.7157346644385738
-2.440590537706234,-0.29322983989876283,0.764350328409742,0.3142990103562901,-0.9454617359618476,-0.7865862081359944,1.0235567677421462,0.05262335674557767,-0.06118771903740882,-0.3722584321954189
1.4078545214182316,-1.6697863727766418,3.970814846317569,-0.8379261344732323,0.05362331536657926,0.7585273652963448,0.945305969257948,-0.20966061928919927,-0.7134504886426353,0.06086140478864541
2.310803568761323,-0.8580817462052218,-0.45622840957946337,-0.7540468886592582,2.8810288737208496,0.8615335268036585,-0.8172352883787969,1.6906805733519688,0.12587940759532257,-0.9550851515913866
3.8503953549711762,-0.5029727736192755,2.0765504726322,0.37600294602715817,-0.14607911633378953,-0.33958832848078285,0.4523805513592341,0.25997258696439274,0.06988638020059382,0.26416559458170047
-2.748727629737752,-0.8461106729811892,2.5368419445888755,0.015255400563173949,0.48135985188749936,0.5324970614624464,0.7090879285202727,0.7544184845212825,-0.1880958085621582,-1.7234943488894412
-0.5720639517184883,-1.1414079498420666,-1.4770621700889541,-0.08678764710754595,-0.761843157899068,-1.428163833572256,3.348864823204146,2.6995422698126967,-0.6350537867894502,-0.9636799779704621
1.2942091795573327,-1.5599491887566772,-0.7051732647168234,0.34269491918994505,-1.1942753520113054,-1.4721425536671864,0.5894695188489103,-0.7258238902495052,-0.3645579688257985,1.2406726703791997
-0.557296672581634,1.6396696092053673,-0.05624766643665708,0.6642510508639521,-0.7727118518651485,1.668625808833327,0.31183243783555686,0.1612547167500982,-0.9001267039501262,-0.5650908175835865
2.66966979210067,-1.9366098093855761,2.999167462986014,1.1986555449872511,0.9450611685565757,-0.14386702897346132,-0.9203034751014916,-0.21492012387540152,-1.289272561897838,-0.6905765690817062
1.7866843121547025,2.491358050049654,-1.6188116701624986,-0.08676124065426169,-0.2549005997618823,2.6533895973667474,0.23151259899888743,-0.8602893863499516,0.28699540021036235,0.3410842921747018
0.7429484848515865,1.6122194719842402,2.3156798351828902,0.3258712896772019,0.625906799528278,0.8679290455423131,0.6056782446964067,1.4017051253492583,1.6868046188452004,0.3313655374033215
1.716336871302856,1.053117835268446,-0.9952946885028217,-1.034583365871566,-0.999769983125402,-0.31463634551061753,1.8833532679041614,0.6200099415990694,-1.6872734303774908,0.11747144901478025
-1.0442910174063351,-1.3801289945870265,0.6123572226594413,0.9415189323153929,-0.0657937451440299,1.0203950833585855,-1.4976779958007091,0.3867241615733438,0.019540966524001946,1.221183542090056
1.7617248226838715,0.8978648949196324,-2.10952973250087,-2.3187661190801636,1.0746231207063577,-0.7847035592442748,-2.488288319422292,-0.26227454585186205,3.2910887180987145,-1.2175328871031046
-1.957198427807801,0.18691122796967932,-1.394267196900699,0.985249859699564,-1.1849847291883673,-0.3395540225031177,-0.19016587632584558,-0.12667473382453004,-0.1235289817394583,0.06516705994084905
3.9405425011968043,-0.9843806318591721,2.097310241192317,-2.1158279823789043,1.2597232713125244,1.0694509721753114,0.16264328387747187,-0.097257091128861,0.5485525327545748,-0.5781129219670135
0.5338413044620306,-0.3114215002685414,0.21468118719582047,0.25454928996121295,-2.0733367057233574,1.3625098894103698,1.5485560885067096,-2.20350807409929,-1.728136832511411,0.4157940126929205
-2.1391368632661685,-0.8890505061449709,0.18377465422627431,-0.1738426849548812,-0.2067850553655508,0.9103980321882058,0.05209250097468167,-1.6427562172310546,-1.8899622001065661,-1.2655355018226937
-3.5743743331685853,-0.3565145830219966,0.43814513510015224,1.0955197183536527,-0.3517102924389271,0.7520531561966165,0.9727195814583958,-0.1768598066832308,-0.07964719317427764,-1.693728036524591
-4.56522091802965,-3.017385730332799,-0.2043675002637309,0.7152984645555148,0.9952532105337016,0.6950605887547614,1.012911314226818,1.4623254442850617,-0.8982999694401554,-0.6722366865595556
-5.130330751462769,-0.7960497950823096,-0.5350679392373106,1.049099385425194,0.11876673871723543,1.5337140034969174,-0.7520775359859192,0.9498734269063591,0.2115574636634808,-0.2052777893799719
-2.37506810836297,1.5997382926021175,0.8678963398973621,0.814166194524561,-1.5198581340583743,0.12205962876819357,1.7945081452089748,3.3364435285954124,1.156171725343811,-1.6119241124535046
-3.7211619056798484,-2.2573505407226993,0.4605196312511115,-0.20581992767128957,-0.6417573854732332,0.653593448404529,0.21803062658136788,0.2480293505615524,1.8689584302866147,-0.31706895685498043
3.009727283179798,-0.7036614968090342,-1.6133848102263395,-1.220350078771441,-0.9332640804394164,-0.08490885600593123,2.1457290205712996,0.03863555525244473,1.1251483639704165,0.49571805038160055
-3.913291059930655,1.7406947250410554,-0.24293913023829444,1.511900490818841,-0.5930499031307699,2.668176643858502,-3.6387083987358957,-2.6516052641226993,-1.9484604329438489,0.5216709624848078
-4.419449374900516,-1.6294121797490415,-0.17643486434474576,-6.165006645203615,-0.9822463796921471,-0.5227660781578009,-2.5031311105717373,2.9622249033020385,-1.983155332052025,6.558888000221225
-0.7670859122481649,3.4069667024765753,-2.017137646468536,0.3021727094478739,2.703715679231055,-2.148700363479744,0.6119558803794959,-2.8467724908974485,0.6338135825725097,2.8378412016257153
-0.13389982239255677,-0.31167662491589293,4.024191420511694,1.6269201555221047,-0.2404665475030761,2.174122369183391,-0.6634411173133414,-1.5233600360387214,-0.27837771267373196,-0.3340256584304783
-1.3298351046157249,-1.8423182906566455,-1.2773158987101492,0.19416795802002346,-1.7786916777785136,-0.40936237369899137,0.9767516949067424,-0.2910475181379707,1.003372665214566,-0.054514542864652314
-3.1392331780940115,4.196500347156674,-0.24035223061297706,0.909823520047344,4.078415928556235,-2.290869058035347,-1.15857240264409,-2.1498344374982876,-0.8986555456923389,2.114723289378458
-1.9901005508570118,1.100109800281505,-0.13668038772327712,1.649706234842501,2.3810844203608084,-1.5144959129476743,0.3418808569192328,-0.2420053931903012,-0.5822545877450431,0.3565356001243849
-0.5187094533439309,-1.32812576640571,2.488200327583115,-0.44303363061499573,-0.645237561700314,-2.0417283929684444,-1.743683326624737,0.41434006805835394,2.1724632576668506,0.25972045187863724
1.7397739795165554,-2.5865443399857386,-0.5794860556610568,-0.5411020111449028,0.309164628429864,-0.5834405898910634,0.24229373377948885,-1.0120057996867817,-0.02466284895863451,0.035032748008634186
2.7782843471684826,1.9478811880445153,0.44244578550025504,-0.5507103103852995,0.22989443684076824,-0.06678940251029418,0.35324288086187555,0.6915072196112937,1.0485091045489343,-0.9106953743631399
-0.8742567306595235,-1.7781641925541647,1.469730140824933,-0.49862710715607145,-0.014931943738516973,0.3492786650553567,-1.0154890966983354,0.5198446520180187,0.835451198367257,-0.09553420184161603
2.174727586304942,2.7835313026629107,-3.5907845324886734,-1.270314083520671,-0.3781032574250105,1.7935945290409474,-0.6718737552858175,-1.3791793274920732,1.8060419897379327,-0.2279492144156512
0.08127390646697702,-0.9872705227980487,0.2908396683754914,0.7169325531299992,-1.4626682381898846,-1.140589438812363,1.1266323754278313,-1.355698916272672,2.5808464687958077,-0.5932916903717328
-1.6058704392174128,-1.3368371946230888,-0.3847720231923212,-0.13029037343443267,0.031874517964631435,-1.4177615899317522,0.8399405459931537,-0.13276731141732379,-0.37697284466324116,-0.8820713315330657
-4.309781347195089,-0.052058346494673106,0.33000269814835637,0.14938935174246903,-1.5489057132082436,1.521280806620199,0.7979788141342854,-1.5454406763689919,-1.2971284020308258,-1.4307935139207333
-2.0595400441161793,2.829834827838434,1.713146289583572,-1.287673200504596,-1.8482343307717488,2.480434822250521,0.28901954508830063,-0.3804060218009553,0.9353370857099352,-1.4644239170068907
2.042530472248387,1.3540607498591515,0.9233923141898206,0.12230785948974547,0.60929205652607,-0.02667581774104753,-0.19010378377412626,0.7813476747920092,0.514587113893275,-0.8286673415278762
1.4181324906056616,2.3108386473243967,-2.2252548379369954,0.16557672999527343,-0.691632578786637,1.1754225071913345,-1.3013294916023195,-0.5156744209473658,-0.7226336952039313,0.39387519622060874
-1.459021152745523,1.4860056140227034,-0.709576274931422,0.9042793704111228,-1.0170397730485778,-0.10121494596637211,-0.4781303754621237,0.27829899210878384,0.03294678112468556,-0.08410772933278395
-3.9458265429007002,2.1255449269929003,1.7969241116904595,1.4285366563954367,-1.92957575180319,0.7081233600957608,-0.02593113603909318,0.5007760583707284,0.7234842699933643,0.5861359646222938
0.21986397165108756,1.6051469600418504,-3.423215399790475,-0.9989721778270104,-1.4769699990542817,1.8364035779216343,1.9165132507693827,-0.8751824964347651,-0.6124457643094697,-0.3491728772172281
-1.643147315785618,3.3006929579771795,0.9100260259907648,-0.2225251583321351,-0.4832642479884809,-2.029395826628464,0.45760861508933837,-2.17208795859297,-2.883465602660838,-0.8719738767358381
-3.4226976577016046,2.392408864168634,-1.7342116843510018,-0.302753826995426,3.723434096119487,-2.2674324971531172,2.471167050776643,-0.5168491879306634,-0.7063719360602518,5.284711586363258
-2.318943458915649,-0.3377236157017608,-0.23939637963942356,0.6053839248022974,-0.6705018936473262,0.02811211632874779,0.1565204903821273,-0.6434881072582515,-0.2926060347943723,-0.9479417792521511
0.19569736855593722,-0.21577567439186818,-1.1038550225565182,0.9863670392059043,-2.4574590307309343,-1.2936343998111806,0.2993808070641333,-1.1232423362400485,1.123943606040306,0.15728172762282003
-4.565366196464812,3.8301426871640563,0.2420112603662289,1.1424908312760462,0.8767054838386743,1.2452049527678732,0.359726618524511,-0.9404008399320813,0.9318499778518601,1.192696230310864
3.0880494510170875,-1.3533726666052548,-1.432918263704658,-1.3903869717375297,1.2212815367734127,1.125124830095098,-0.7464739640249295,0.2666882223765656,1.2744078801639296,1.1347590432485422
-0.6273061658118336,1.0353218279499097,0.18489791180011464,-1.435749041887862,2.861300723439885,-1.8206639648613128,1.0279159111640568,-1.0112096284015644,1.5095881986901034,-0.18445920065316562
2.420443627193851,-2.167662069518232,2.7120815887985246,1.1897325893276236,-0.1633643718689499,-2.360987627540179,0.5507962970324554,-0.11262856967446076,-0.024906498472420314,0.04855746734234963
2.746934642573688,1.8354371763472297,1.8493142940107425,-2.0416137870241955,0.5864059107968632,-0.27053702286292525,-1.3029587302019823,0.8717784759012723,0.3019453252118317,-1.8294513104676904
-0.6811730430891698,-0.6800796285956132,0.08083221062707517,0.5912561883686693,0.6135152602093112,0.7840987944392647,-0.6015008005409824,0.42437610716184243,-2.6120815038161576,-0.5972626375700458
2.688395999187008,2.83173119151244,1.8391888851706177,1.2359873780029875,-0.7168886657294484,1.0176639252297157,-0.055151545361681355,-0.4653460631229368,-1.6035643635918626,-0.7095256634671239
3.1537443258688507,0.08345299935426655,2.308735560253305,-0.4831957212125869,1.5201733487065539,0.6221893167763931,0.08766628495300316,0.038132109623928594,-1.5659019800353846,-1.6130140828104866
0.12708254222518592,0.09594567506050622,-3.242968996350836,-0.08105775276520985,0.33161245639928966,0.782192684322482,-0.4663603713666405,-0.5859339534304757,0.46912883448897735,-0.2456840137897255
-2.7734106868336617,-2.2152475916183954,-0.966167691165618,0.31505221875887063,0.6055408938440182,-1.4210472644028982,-1.446736201763779,0.04916661732184531,-1.1529068591933023,-1.0278376722723346
1.5701220721042153,-0.4315102615394418,-1.4764312075791637,0.19794995280082475,-1.1891894332399324,0.42907535885828835,0.8402345374318291,-1.3966580239353035,0.6576760116418782,1.1711502155692168
4.45600871987421,-0.442053833362185,1.5371153582438366,-0.10687278623201368,0.7394196615385531,0.3327487931356653,-0.29916790400513105,0.25060518977372664,0.6617532543338029,0.5271885681518065
-1.9392350662282203,-0.45081509295092104,0.6974521010507013,0.9866644724666396,1.4766615153338398,0.7373454050224953,-2.927479987007995,0.394991827393904,-0.11772420632199668,0.472813046019613
-0.8391369876782753,2.7693183213678783,-0.9510043996810907,-1.3902325054290299,0.8676559176980619,-2.4997177438184437,0.5266264612009101,-0.46226162083296735,-0.517853574350937,1.100910133230631
2.4460651384784176,1.0322537318294671,-2.226763687916373,0.38752762128872364,-1.379186365163898,0.4818333688109181,-1.401726669387732,-0.5662363897571393,0.4263016088275206,1.8966914612809724
2.6011323073010373,0.08067406319624473,-1.9759595972033965,-0.40106342543667867,1.6916005737633328,2.2665592072941028,-0.05801625038582569,0.2215012264430222,-0.6376853357929212,-0.3615191776816458
1.211630174531361,-1.041157369407625,0.14849847789273543,0.20479720801016263,2.319768434369403,0.47014703487186,-1.2921675904566523,1.5848395145497218,-0.7113590995530206,-0.6758522083062003
1.8982805115531545,-0.8662561630928691,0.002956529589889359,-0.18502883878186716,2.372368415297963,-0.0523885107811283,-1.2918952723745993,1.5350161378342553,-0.10636262238597667,-1.1420359363313337
-1.262227678614414,-0.35671665518678247,-2.548324977483581,1.2679567234906044,-0.5980360028505141,-0.4996427567621625,0.09708487692080031,-0.7972732096701951,-0.36870977184118103,-0.5319524148259122
0.2775834878690946,-2.2715936740909854,-2.805202642204194,2.528405602329972,-1.020358538738686,-1.6551244206220037,-0.9966506994892218,-0.9005535024910193,-0.018055852729669575,0.27722722686623474
-3.3942677536071733,-0.00961692397051879,1.6422094014442368,0.6695754754030008,0.48428847834001115,0.9186020251006242,-1.6533458058887507,-0.5416668909975518,-0.7501087013430563,-0.6923570127776849
0.01427790658228962,1.3767839320372526,-2.772357700572341,0.34182597854675895,-2.1822343784389497,-0.9937332473125949,0.18283985277526557,0.057878724542484314,-1.7281111645417624,0.4120950602111805
-0.6028908629631897,-0.5481899663809927,1.836645991307945,-1.3491308289113038,0.45578807692002304,-2.174470531639914,-1.9388126642806158,1.101646079716873,0.5785690890079963,-1.4317684441695349
-2.868049227168314,0.06185370082164974,-1.0933664022586937,-5.8703419331203035,-3.085678407972437,-1.9308893526955289,-1.7994274523917206,2.239417564965049,-2.8219517004283445,1.6002065176497395
2.6414888864817754,1.2919884697246664,1.13037341212627,1.4504959796942325,0.8592114547658353,-0.5718691301386782,-1.211602952387927,1.2908469725579057,-0.13577131967374137,-0.3393327070212022
-0.07919764820697835,0.030158909244065227,2.7524372950614264,-2.307902114150774,-0.256116465355001,-1.444591592658871,0.6193936145421342,-0.43322600957846985,0.40364864989580934,-0.9370652123913068
0.5091678069100122,-2.0764463078138213,1.762532694774498,0.9947695519283314,0.1978977780049024,-0.4566222628060865,-0.08665430212527594,1.0027296669188297,0.4600875558464518,0.7621871785399883
-3.476810622278268,4.4941989771671675,1.5550486222633182,-2.0636668110991834,3.629260252888539,-2.6311486688006016,0.3110378158822781,-1.2801474481309894,1.1595677279427596,1.567300662763622
1.0579132615289475,0.33813340595020136,0.13819074717676574,-0.9927360400041463,-0.39525708585308356,-0.7275480417329356,1.2029281136125227,-1.546560094541823,0.4436477571378103,-0.8057633119954685
3.637094071444566,-0.3004656430973826,0.6478298017770096,0.14249013971543728,-0.2471480942769095,-0.9787156174216586,0.09582512917584414,0.39584662267365317,1.0617002988958968,0.5296633838251372
3.1936006373070507,-1.45438307868336,2.675902058402547,-0.8258449450263065,0.3807031203775402,0.08745690229212291,0.013124983658640304,-1.3991912235782225,-0.7882465418379199,-0.7599428300757317
1.6523448814140378,1.7396897071795603,-0.8019647851497428,1.056385671694068,-0.6196718369397913,1.1522429451763025,-0.959278761668417,-0.9173819488497379,-3.161064240182591,-0.26828550553809977
2.5272321031333242,0.4657124520815577,-1.9176802509645334,-0.2790032277316708,2.3014531118799564,1.9015350534834101,-1.2146449794505858,0.5282204117261292,1.894501151195416,-0.3522484154359115
-0.6236048147396137,0.221984295054472,-0.9118661585256498,0.2808483222541638,-0.38974647856118066,-1.248378522221074,0.30127227137302587,-0.4792434426014639,1.3857208689950593,-1.1420937226766017
-1.592859167045301,3.34903659348751,-0.9403540488901679,0.743772974070906,0.5524494057045786,0.3947384798346219,1.2208911868945516,0.004294931472011067,-0.9554617535044738,0.4980504198026561
-1.0425910911310787,-1.0382554104002315,1.7645588251033528,-0.5175690963598785,-1.6273471746957204,0.7690375702254988,1.7153235176452963,-1.0841484486734179,-0.9500970811261912,-0.5281677065241364
-1.6993501510945201,2.5384066705119532,-2.498867624318402,2.0318851355005196,0.08584354939425469,-2.4150703478350635,1.5180942764451089,-0.32624632238342166,-0.6328717805343228,-0.35665559419943
-3.6578772915255855,0.7727214496121415,-1.1732580063740936,0.9419954141336742,-2.6319814964123265,-1.564930714373701,0.9200900681857337,-0.5455108707238053,0.594588357598372,-1.165611008653552
-0.44229447635704544,-1.189415290407739,1.1294217077468103,-0.7773283940601443,-1.500505022511523,0.9601280511142621,2.0456124076296907,-1.7223872937119291,0.5164791059338373,0.32069904690008183
-2.780279476014643,1.7109879348672603,-0.7776061053057978,-0.9932529587141896,-1.5393001693341792,0.6419535702464716,-0.9875601854134314,0.14804029420712372,0.2581311693485889,0.4122129467269304
-2.629247540998827,4.327731218899717,-1.1083834656779719,-1.2393424578121899,2.988071710746163,-2.3442597672236376,2.7547543877758174,-1.2292223457833351,-0.6866879853998793,1.2500458671465147
-4.5304360085128526,-1.4825883736681937,-2.1317960330696444,-1.5869714294858137,1.8720250251338528,4.247901281281612,-1.321064138277505,-1.1389638931078783,0.8731558401172658,0.2922229577338428
-5.279720746553131,-1.7397659674622283,1.7747755470990612,0.9333913478044511,1.2782274683690436,1.2076359157473724,0.25629233027054615,2.1101716396357997,1.3253139091461918,-1.7867747547253179
-2.096795040371931,0.1410284641197116,1.4102863190254558,-3.112243278134456,-1.0931316259391681,-1.600566633079645,0.03854643738892511,-0.39237658596080166,2.576660763670907,-1.7256238019975458
0.6562126496506943,-0.7910571161965269,-0.3821918143665632,0.32247599119047016,-0.7056907025827681,0.3540777292930807,-0.5042051080135134,-1.3055639966770836,0.19303142406508156,0.7562115163363504
5.043937334555173,-0.7707747883611721,1.100739947192024,-1.8190863747269288,1.213349743716904,0.7096149395890131,0.39664292388531397,-0.1513723592580983,1.486946685355421,-0.25180331153141716
-1.7781439360706406,-1.6718431647925565,-1.4167807816376086,-0.2528805462744014,0.858627668564668,0.8451854834715901,0.5411579068636982,1.318591291678613,-0.415440490197953,-0.552859844432526
2.112023102571797,-1.7555329457220008,-1.4394691436357123,0.5354304316472288,0.009698900375324965,-1.0690947689694528,-0.11574056873651246,0.5328565246771912,-0.01904303542839853,0.824793334918511
-1.8494373367321661,0.7799258397793343,-0.18505023341962853,1.3134080642453996,0.03108340903139463,0.7162665237785586,-3.446983638003225,1.1359499071894636,-1.275662597980411,0.5891166375193689
-5.921750532520627,0.9466025631905814,1.6613983162691837,-0.12215966225690911,2.451411637348257,0.6938190204490848,2.291699906033157,1.575523959226353,1.0295056047787705,0.7338031916737691
-5.701279481215376,-1.3606472753686207,0.716534888335416,-4.347288873357688,-1.590907540699844,-1.5686339744340818,-2.9856053752090794,2.6000482925110258,-1.9034472503313662,0.6512288521777753
-3.602459102625153,1.467714474005687,0.09902330039482563,-0.6325986164516482,3.01318004105773,1.5746474316603338,1.3865142444098217,0.6117535850363686,0.14822484004404476,0.8981208319946765
1.5552731008142209,-1.4810236039852898,-0.7294495256739699,0.696876358053702,-0.49317188284996766,-0.2892933085320708,0.118103054489128,-1.3601595697247448,0.34895941324579494,0.8263228578478379
-0.22879863788312432,-2.721679565028026,-0.9723683917226296,-0.9059164501433079,-0.4557326140547699,-0.35895569616126166,0.4545184179864766,-2.32518067198357,1.003523770388805,0.5319746681935568
0.6770532402126488,-2.6766314188095004,-0.1470510552773385,0.677815918663344,-0.8778311519132626,-2.455354627905501,0.4471041818830039,-0.9655373891666728,0.22567810967865495,-0.1599616189245534
1.6926957530751934,-2.346779081382508,-0.9382605450368994,0.13173845362211473,-0.01873056910030555,-2.222777675007229,-0.05728437730198611,-0.08141897638989716,2.053421174759602,-0.6746533391196546
1.8743591136589672,-1.4926958140906634,1.2651275945254317,0.17354104010339103,-0.9694148415376198,-2.2728157690568693,0.29476783221506575,0.026945746057441683,-0.25678592167429626,0.8189377354120949
-3.3047155150525573,0.7554401581945586,3.0074549803595203,-1.5185010259758844,-0.38462702159845585,-0.8097734201142003,-1.3262542672637672,-0.6362327656853254,2.6083677445461166,-0.23007847747850382
2.59704807862546,-2.161654533443699,-1.381850134943723,-0.652100155297147,1.1295682628639758,-0.06569817409497129,-0.6616822091484303,-0.7492312353468847,1.706368156125908,0.13663234583621756
-0.8476969983246728,-2.230656027818884,1.9681891549440886,0.20092239411998725,-1.4190950075302629,0.20329182752621103,1.3494393313575912,-2.5201832961010466,-1.5370104394191446,-0.20836026993862589
3.5048525280855682,2.676432928525571,-0.45888778003936553,0.34445097286005893,-0.2817483366341047,0.34854594712021164,0.6718371162654159,1.6857960542448174,0.19258323530269905,0.5732273689160967
-0.3664902514319981,0.1754269427871241,1.0728894193667005,-0.47110132338518496,0.5951720333244386,-0.20100818959381517,-0.3474537881115646,-1.0651906073343824,2.5470067340034794,-0.5343804154376852
-3.649218404883275,-1.8261160260955773,2.5583923064581517,0.017423756261577952,-2.4696889393005312,-1.1439254876965355,1.4612106514201197,0.8471713269981396,1.214886345910236,0.5388090536139852
1.8548794586872153,-0.3349689818354374,1.6259280120843274,-1.7257690140209676,2.3311421606952347,-1.5035937678260738,1.0807955162435559,-2.43962251292396,-1.1511557032909108,1.496727972544951
2.24105555160445,1.6606117573640706,2.2631250055297376,-1.525522454835754,-0.6133490968620691,-1.9159089002806895,-0.4586897528823031,0.12930152245697626,0.7486893005047109,-0.5607875737790554
1.2643808102977987,-0.8804902867540733,-0.9912710386550728,-1.3498839181436886,-0.8679496015790965,1.4737319648400553,1.5267203891761187,-1.765248018029736,0.370299139520713,0.8398671308475182
-0.6321925529107212,-3.5601245631340834,-1.1568883908010694,-0.010831208712767508,-0.1462750029866995,-0.9945984506198113,0.3139279026521527,-2.0584262742746917,0.6471368713555677,0.3121452999946257
-2.0345623004459594,-0.7438582674490719,-1.2408597472436933,1.2338859610840267,0.22983430264895766,0.17693404142217037,0.9149007953992121,1.9637093846613962,0.2631789933032629,-0.9715248305740345
4.875387359552205,-0.9955451431585377,1.4577216546588037,-0.5270465981090966,1.5511101940591903,0.7472161024519903,-0.2574815270027563,0.39730004825498644,0.8305803901931512,0.5316254648999
0.625612211760533,-1.5286245152158302,-0.5127594010829635,-0.8735633891672968,-1.2165900627304276,-0.03909004682441037,1.1039515127995192,-0.3342433760579218,0.1940740285886359,0.49643638115437644
2.07049303904113,-3.204419290285189,0.1553900642360306,-1.8501483195297284,1.0662795053653984,2.4585287609549837,2.9461562338879936,2.482394360883612,-1.2359560721522977,3.7659709805409034
0.32435706186398694,0.2518975098001091,1.1880634512351906,-1.3501963379119575,0.23265007284529557,0.7100359089982964,0.5324385036126479,-0.9056858973994305,-1.236339371210122,-1.1673625962500327
1.1384172335775264,-0.4554259566388608,-0.8949799064061893,-1.8744764188885912,1.105864201317847,1.635806817279021,0.5785775873983674,0.6197219609454035,-2.193305642413246,-0.22236821355142636
-0.6065390298724479,-1.1236919426702974,0.3415935457573817,0.837381152066066,1.1217197763661069,-0.7753807055087392,-1.7047095053746268,0.588201394080592,-1.013922381518418,0.07437104374817163
4.616171389093867,0.395046887449997,1.1845853692384232,1.5876767442332231,-0.07014384740915355,0.26910862413595904,-0.7561313836405233,0.2784029707999811,-0.12100984206837355,1.0269892069240585
0.5924235727936898,1.3364232054143113,-1.8148301784234473,0.20481053272139293,-0.24054043673760478,0.4189073218981435,0.10311054040084641,1.2340141165847611,-0.24105146228639,0.5048750213790539
2.248355649953999,-0.1663288771880617,1.5492598088471974,1.5211932906057326,-0.12326532969345905,0.1850883533614619,-0.8000300137300618,0.16926121595139046,0.863253825738347,1.2025118654043245
1.1450723188288725,1.8183935849447073,-1.3123827349277815,-0.9287084132204094,-1.0939761980476812,1.1241939722609755,1.0067183720985726,-0.261902653475409,-1.7343463103583787,1.0714536876656775
3.2734044984744477,-2.2117596914573414,0.7141941862559055,-0.40071848235192475,0.9322804126144377,-1.1104462631511132,0.1916089654833087,1.0128021967122305,0.08604960978979646,0.5753510760436009
2.122814968381931,-1.2977765126854317,-0.2679453650828701,-1.5791164195179037,-0.16562945755314837,1.685788642160993,0.9360246801804091,-0.6877013624250453,-0.757585817935852,-0.46152555541000845
3.3977515314351456,0.6421559525083977,1.8150639540696996,0.23537245835855275,-1.453864291959998,-0.9605296337502152,0.3715675380907459,-0.7148769898410887,0.41614295091611686,0.8758109339204126
-2.022974011475479,0.3858636410831219,0.06129759748094567,-0.555742714411344,1.8270357826986552,1.051222686282473,1.0035507535415404,-2.173123910312289,0.1516682603258068,0.9093709426200511
-0.3496775621440158,0.920443617025384,-0.7295054849094041,1.1448851549127697,-0.22282594137983333,0.5857204084142669,-0.7515710319103707,0.6027398687930051,-0.27113605533916496,-0.25414615566723675
3.2294338017385096,2.6473903953411324,0.857931523483043,1.3489122479510987,0.3720938359842113,1.6295781055021394,-0.8525433654639624,1.0449023661663561,-1.5502785595195767,-0.5566486966379309
3.2350636624473266,-1.965105639217405,-0.9717428275628602,-1.9671214690713812,1.5773283441266654,1.9785133941717288,-0.5911261143364247,-0.08606730394076892,-0.9824351508785477,0.050848796564893696
2.5706723725419773,-1.607125033815318,-1.5068079084022812,-0.27453022272867345,0.35687163869586064,0.11135156776214625,-0.03695275281862834,0.2237254396635365,0.05877661310411532,1.3277328340900914
0.7100765939372747,0.6759121826818396,-1.4498952924143522,1.3067853391334943,-0.6219008282952345,0.2309986592247659,0.9721677899237622,0.7913293839897597,-0.9725637601333733,-0.22933556165221197
2.2605325903559534,-0.23632592233759828,-0.7292993798382682,-1.3443638151158606,-0.21325104545549114,1.9491993649879074,0.7882474446613895,-0.1018260067878994,0.6685394169578114,2.289483760519486
-4.558457569750138,-0.9346685622093329,3.471648626950409,1.7324845292430064,1.8257085562322037,0.6540105077040987,-2.4393090153191554,1.05758906576515,2.13800404655224,0.10651834995062706
0.46994263818448645,0.36004526300554074,1.9054114210693056,-0.71174765043713,-0.5158820365561863,-0.09996870218077136,1.474820409155124,0.7476301521012978,-1.6725516825339388,-0.7889142976246118
-2.0455544845851867,-0.7196137413326025,0.8037023230269192,0.26205409591749756,-0.2600789084174238,-0.7744699770363939,1.4120564839737118,1.8903152888077204,-0.4972575920611019,-0.14737713644935552
1.7838094310220811,0.13857040881150431,-1.869907925850347,-0.6613089332850451,1.1137032841802166,0.5548437142074515,-0.8863165305940387,-0.2954130002600035,-0.7022784973835936,0.6347504404938842
2.5381805486446467,2.8751038256893735,-3.11603760530684,-0.5046704316645799,-0.3879789700434327,1.7239497454609407,-0.3267478468167757,-0.10245622129437575,1.1979985202329837,0.3608839618072809
1.8699523280482162,-1.9671284808832359,-0.8364096662646716,-0.32804104884211743,0.5022616894734561,0.15108361087554958,-0.4871678038554518,0.15702456791258101,-0.19664803546353715,1.1190529014907924
4.1784908352607095,1.7867098338685834,0.5452273398908681,1.2800373882630285,-1.596543169473429,0.6649563538979582,0.3149663244475323,-0.44929445221198355,-0.18503432381193236,1.0938186008473212
-1.5266802982704106,-0.8396083667116305,0.2535558576425832,-6.796068607890914,-0.9290121815877872,-1.3731048735305582,-2.4638790525409253,0.6380269251176629,-1.9333093167863167,1.5738263852876042
-2.0508730826286667,2.8751480441325206,1.718168859378628,-2.6973645830762285,0.9614013811551121,-2.1846657570425396,0.4481203615378663,-0.1316973863196771,1.0250943089717424,0.38616006210466386
1.3487313941279127,0.819119426060407,-1.314795563360341,-0.08991197100862128,0.2882950517932442,1.307745182959878,-0.18891797433321747,-0.5039413082061837,-1.2339752564769233,-1.1260563517417181
-0.7748150646453726,2.144826508135833,-0.004191664218816355,0.5741866701304312,-2.509911823912462,0.2499829091452398,1.6508665460893606,-0.6473165433448422,-0.7446948204201984,0.39913799475775397
1.7019509823271184,-2.4287198069529974,0.6297083207252603,0.6213628271220542,1.2584910638592153,0.21103410590790536,-1.1004410737795534,0.7754175900778063,-0.2400908412054843,0.11234994226401879
-1.8831923664358177,-0.8102713859271699,1.0182228163386624,-0.6264950323474967,1.2063354290200268,2.3953770253263005,0.6407205558696148,2.207626551502008,-0.959383907221909,1.399507062833757
0.8146378807210782,1.0951935536936785,-2.0330136379960138,2.3932475660658707,-0.8851559696513623,-1.5944527375486872,-0.8608037641576394,0.6425172445792833,0.17463486804380407,-0.5954606210463667
-3.1434712250455057,-1.94969590078054,-3.0028290817447347,0.5188605813858985,0.7821783995177025,0.4793804759494581,-0.6910089556177433,0.317260475179659,-0.7846456858759185,-1.0803196348244466
-3.258491973685527,-1.0578575521482463,1.8742524479685574,-6.2940181210307635,-0.874621009143979,-0.4318390767496634,-3.259981650205985,-0.2868442014352359,-2.8862835065779815,0.7792363234826781
1.5913260975440429,-2.2842210518241215,-1.2412777823897783,-1.3573616175866512,0.11796694598235348,0.09088380820305281,0.9620155808686832,-0.7964086422576324,0.9118395243533498,-0.12797495756594704
3.3368668645436674,-1.1704601100537666,2.1216158504904796,-0.5342770305558054,0.1869348393960866,-0.4400735422482491,0.4073193161503792,-0.7440167515287032,0.6197325701578735,-0.11374556728020113
2.4652119063164157,1.0605660360637743,1.4477330506749186,0.03596231494500668,1.3022479212447151,1.5084267888721812,-0.3735974413737385,0.4425774859605726,-1.1527124363566326,-1.6053034558261416
-2.2068340463241083,1.2830383664774565,-0.09701279859183744,1.5302129503265423,-2.701229739395422,-1.621999449414466,1.5600840520179484,0.17195091496338039,0.2023730243923956,-0.7135918118437887
-1.0366183001421077,-2.4551862030178535,-1.4834424610508108,-0.781988922280067,-0.8362486673452213,-0.26851160975444366,-1.3786882990831848,-2.2420463412505707,-0.46086982101821405,0.4155844837564769
1.2217337090607967,0.3160370798152565,-0.31689224974956576,-0.8743489283355506,0.13975318766794761,-0.4200848864558115,0.6520906917699858,-2.5300955203539175,1.4296443536391297,-2.1385351199618987
1.5872632068849648,-1.8949093076168164,0.07137837106860877,-0.24855781102565497,-0.03650371375392709,0.8091978190035927,-0.07567445999484206,-0.06375315028167629,-1.821902166761187,-0.6852210186458891
-0.35746133231511273,-2.177181331149936,-1.686568833811954,0.8158693584249757,-0.9508349509988379,-0.852316031711108,1.1242532222212427,0.028209941357683926,1.4476288680372125,-0.4570001038740642
0.6270073648128769,1.4887763784495887,-1.4586551634803366,-2.051309070967774,3.5702324573544675,-0.1923999952451251,0.8213907182392141,-0.24613960504469837,0.019393812280269106,0.4028462353447709
0.7291171939326766,-0.26425797509826665,-0.607840965151992,-0.36665546480219746,-1.7473282016700562,0.4465659995443429,1.7071260164703486,-0.6271799564523513,0.16879653378403092,0.9821839540068152
-1.0981079894568786,0.23404430021814937,-2.258748522495352,-0.32537009243307335,-1.492051250146321,-0.26663273651776986,0.6902765089430026,-0.8767349279616145,-1.5756451843777814,-0.07159217773817929
-1.614966746792399,-2.75224005764205,-1.5690060020787913,0.7187423832298832,-0.9743896670527232,0.024336143383945723,1.5199303250561367,-0.41984626026792243,0.18721563986594947,-0.08564277216479967
-4.725109285505298,1.7059023980939843,1.5089632296900806,-0.18117938457587088,-1.9158995782820119,0.38476452945807016,-2.210387177938803,-0.3996961361577708,0.8507173056907363,0.19815589566872271
2.473880870564713,-0.16690417385497086,-1.7727986324614597,-0.2560260812069286,0.14667128277144195,1.4671058284487233,-0.816846737133477,-0.9932969872659558,1.2844001964537008,0.9644199947430707
-1.7046066613754907,2.927277897359541,2.99005210001692,-1.1441117361753506,-2.1017324883539024,-0.15832948555831033,0.26504938734138445,0.27466738666888246,2.377318498642297,-0.05794222415033395
-2.9189425389274053,-0.9080033049137466,-0.4995251715413695,1.9006018437407004,-1.0695288790469188,-1.3836830392203132,1.8088542647984482,1.3564137289954368,0.10064236560973087,-1.651762667830123
0.3780776794359528,1.3315971483880922,1.5095578422469444,0.176160471916379,-1.2109735398997343,-1.3332855740573777,1.4255320650487096,0.04709379657470929,0.3871562551402696,-0.821478697556016
-0.050086553397345586,1.5479330924458043,-1.4104336560661532,2.9990071794539634,-1.726516214594164,-2.3673059743616927,-0.9977440633754053,0.9598381758629722,-0.510427558906561,-0.8411390314856739
0.6522446918520447,-0.38609717830471335,-4.248684135366313,-0.34326218802233555,0.3248673424780739,0.3917638641598428,1.2357467137831653,1.8553560911852078,0.35692184012887324,-0.9680892536986722
-2.7998609551127123,0.21811001048878859,-0.11977532417126015,-1.5386119097991098,3.0056895565838477,-1.786045020427763,1.7393525299631567,0.8493403944652376,0.2595786278381607,-0.5308666854144691
-1.8929046202712356,1.8505229777222354,-0.05284606622818583,-0.44611126491615094,1.8820549842790328,-1.6522784900951615,1.7192585754093985,-0.5560102407700631,2.092434440407133,-0.5976949255094799
1.9577313812047121,-1.106989311322364,-0.14679382181568879,0.4062516178441282,0.6083549620411419,1.186074240286501,-1.3524038699623184,1.0116127043750829,0.101913313012154,-0.1098577472418136
0.6005864485581656,1.1084935541977448,-0.2988903638779262,-0.6893716876546,-0.5667729931202434,-0.8569215017499157,-0.3169748424195059,0.5574202783888561,0.22247662868896734,-1.427612953803173
-4.301666467398041,-0.15012844055066482,0.09291924990784532,-1.5465265989257908,-1.0437686557765247,0.3792127919493188,-0.8801449989366701,-1.4554310155716619,0.6038209054079436,-2.1061762843130882
-1.0409246983474905,1.8925623832290095,-0.9882721893679616,-0.7146575421465389,1.8458500272129301,-2.2304639403614956,0.22719343036387896,-0.0232813997922178,0.21284057849531263,-0.03874041576366411
1.292756770178088,1.007199353423811,-4.32402140834196,-1.7021917944261793,0.2907346209776451,1.040653059617798,0.30811488443508256,0.7140668522381265,2.2750766341910498,-0.8033500365223912
1.2412456674966634,-1.8890813851943307,-1.1429182400777484,0.2891121783226908,-0.11474177755829634,-0.8795727960766919,-0.2066244733951614,-0.5321956101774314,1.7267943746773085,-0.3710412145691384
1.3175056434712005,2.1565821683504556,-2.245146984391923,-0.019434974187837503,-1.1376812163846524,0.363008917483403,1.3314671138788032,0.4465603942835528,1.2071654309108668,-0.6700832159343013
-2.8792683356964255,0.5346523019888908,-1.684001721112129,2.812704837474128,-2.5450656782055314,-1.4811121565616763,-0.03619790168418069,-0.5409278386243891,-1.1036723677063078,-0.7159193292709022
2.6059829364512974,-0.27025050771629067,-1.3531431998778285,-2.195072284290678,-0.6189018181525958,1.7318938996232942,0.38633085079901297,-0.73067665033422,-0.4195307850822856,-0.30465636311882677
0.04652333846489392,-2.0490831332697317,0.09183583807444161,-1.9518815603732977,-0.4951809088397989,-0.8752395560832638,0.31778790916890254,-0.740044957223968,0.992680712271094,-0.026847657450026877
2.0448400648288416,2.4144271446671812,0.7870437955222328,1.8547084189640168,-0.5035845105859673,-0.5231473463460764,-1.0300434338037985,1.0138033714338337,-0.08523436383831032,-0.7379222596521905
-0.4047400158057162,1.3677556928500256,-0.7661971072832376,0.4760246329003541,2.811405709196474,-0.3401299288968477,-1.1870856543155412,-1.579027654939038,-3.0405470116873143,-0.5632162793292483
1.0237856280459547,0.10363640163455017,-1.7456170131577926,0.7154894507744493,0.6535726253882793,-0.04833239061541327,-1.4485757912199975,-0.29845483661127103,-0.06300078724883604,-0.2645965761847285
1.0138789501786205,2.2620103922530186,-0.9977730871916736,0.9375249675559908,-1.5091804775654118,0.1419964379350001,-0.8564946771934254,-0.8112624723555221,-1.6160715011310496,-0.07687576279310196
0.5150992150339813,-0.05748643122369305,-0.4959065530435681,-0.8210525013675901,0.16909421352531118,0.23264427645300848,-0.6148310798750011,-0.07525456148826279,-2.3443956315811847,-1.453215107801287
-1.277920851058373,2.0760010300770753,0.029324796206685617,0.9571193126318112,-1.0552880657574253,2.0083254579542693,-0.753444867525488,-0.0334014061247751,-2.115755049524011,-0.8418955985635744
0.3146754696897092,1.1483268906005681,-3.237970545163877,-0.02208120519450379,-0.8367666725571946,-0.8081486639942678,-0.7472669663941255,-0.9501507169422191,1.5791083678736464,-1.511532672797556
0.7079185892898902,1.9298254924423714,-1.5617601108128913,0.6888742888123783,-1.2946175926708798,-1.7713156608787632,-1.379653655413525,0.01582543115450869,0.8987607641234122,-0.7621082816830042
-4.121539403638511,0.9482079245672476,-1.6763759666229856,1.508466750135772,-0.6407243513955079,1.9428991297542662,-0.7176744779793195,-0.17602732249306188,1.1981023084501643,0.0882016776940387
-3.5427072965027953,2.477198309838784,-0.5510343521131261,-0.011472536341484802,1.3802847764259942,-0.4493123495190216,-0.1923862241632576,-1.2805215227952558,-0.2761753401085693,0.7711184122095541
0.4369426819820838,-0.37696735592329467,-3.8152427453179443,-1.1318858837671453,2.3257140571956376,-0.5966309293769052,1.2865255786710772,-1.5298490421158,1.6991673756637409,0.5628642403094618
-0.9002910111775053,0.4135055195160061,-1.6398315099174063,0.428349195753461,3.8897845952212577,-0.9414624626149197,-0.6037795219273555,-0.9897315154155291,0.23957876906644143,0.43873627591936293
1.676589668321827,-2.076697181814762,-0.5423690302012502,-0.8743814805694136,0.19692248990743466,-0.44356005148976374,0.27403293883071567,-0.31485366878290993,1.2925026831397823,0.22404336705897362
4.636068213047447,1.0356722859686054,-0.4607971648524549,0.6249134864756131,-0.7393177735529816,0.08861288145678967,0.5827589455645158,1.281333618728529,1.017102258892239,1.0173690651580896
2.783179409398415,-2.6273258751285162,-1.4658959903889712,-0.06857447190902718,0.6808699040538959,0.031252266723807084,1.894911304727391,2.0082372027622357,-0.0737594066090413,-0.055852418719476396
-3.4101986696725466,0.011758641564528124,-1.3781820102572078,2.3671693974915327,-1.1758831650318584,-0.5286946244055957,-0.43431839777628084,0.9514828535055603,0.24562591997754443,0.03871810577499872
-5.901964978754516,-0.9102524600601668,2.3471179368995365,0.2702853896209265,-0.0840719906942767,2.07544669316369,2.6057037060355874,3.0779528298858447,0.7009079644121822,0.2917103337293043
1.1391892413837186,-0.33319984040206957,-1.44849654129736,-0.4580757583516954,2.0132670456672614,-2.5349918985909095,1.3128252185337372,-0.391694357233787,0.38395870653003555,1.4307613385195441
1.4020471291783554,-0.38008875307567613,2.500232191122416,2.6932806142252264,-1.5724943801739806,-1.8195932846748268,-0.025154590169919274,-0.1740737600005802,-0.19685822445015827,0.6427482801913439
-3.552191767337028,2.5096851022392612,0.8146094301483213,1.5472798699678676,4.928215551702094,-2.5428315019638092,-0.1499223524984196,-2.8995155599252636,-2.0407281673095694,1.1558853683244004
-1.1257675040102257,-0.4107984608049271,-3.0420505232630797,-0.25567653607822394,0.771800921830459,2.4975182923676043,0.17034017678011287,1.0552248878853157,-0.35965360452603584,0.0845684230097505
0.5083773221698653,1.1859634078559291,-1.7774501195948422,1.3582236797202327,-0.4621143715073259,-0.8098122100215867,-1.7969560160292162,0.1269891108925421,-0.42170793543460566,0.7952308033687799
1.9109710308338084,0.1253792164396407,-1.313202042662245,-0.045415612420998876,-1.1214938390931188,0.5580078963822052,-0.0447951394866073,-0.6663873101952462,0.6024982619477759,1.8395594774783623
2.2647339547158065,-0.8551477498644534,-1.4887555933381271,0.39561144271133036,0.29034956803362005,1.0180437470786599,-1.9068834747550787,0.31322099604223913,-0.2675333955745945,1.8496218153181208
0.9131885481936025,-2.9876695827945374,0.20176284471374098,1.6096199641727704,-0.13726327950639258,-1.3220192831882553,0.003515989978715517,-1.0171559459929411,-0.60766586297765,0.23183342732810508
0.31245903621001164,0.959207813263919,-0.8615580989860631,1.4482287182823477,-0.6310825617527882,-0.925991640007568,-1.2899389012208817,0.5188040332248696,-0.14105756814093232,-0.3698440778660261
3.778609643343014,-1.7302920705804912,2.4563115343830857,-1.083400840664042,0.43523643554149855,-0.05674561980387963,1.4200674622986953,0.06264681020374167,-1.2179879133209164,-0.962810358509489
0.9878258462827721,0.29207544672240815,-1.349289674793079,0.5768511198730054,0.3292801959295724,-0.4321699373829276,-0.6527223945257278,-0.010629223980412083,-0.6333873268505918,0.5552538175917862
-0.03843774347183455,-2.2512174110970795,-2.0165151521220483,-4.401264349492646,-1.5265703030494493,-0.8602829583507023,-1.8519647095321559,1.4236444359176958,-2.4699936667987994,3.0425357402772346
-1.6562617422724433,-2.470013504958331,-1.2986943244071436,-0.00048670555614880847,1.7077311722382775,0.609487238459689,0.568623886326256,0.6079548770641839,0.19012280364071898,-0.7035999274105784
1.9430324398857044,-1.6291820715534033,2.259318199986465,-0.4873642994905008,0.7163923954343702,0.15451856523401813,0.06459729367503866,0.003892931166555389,1.0729897363900982,0.8356969711329771
-0.11192413718069012,3.188895324046857,3.2144329462969057,0.6173393546895312,-1.3776702246245072,0.3941588938765091,-0.8173346243560601,0.6994760830151654,-0.048669759684845396,-0.630096705348945
1.3667768071603006,-0.01039875592384731,-1.5863440934111825,0.8660986129503506,-1.340709876193868,0.740765714621869,0.624130152902157,0.10388639251053311,0.7203901933411859,0.7906792060719339
0.0017286875734281507,-0.8138444246079459,-0.8523940004645723,0.4526139774618874,0.11598353106697737,-1.752481070882229,-0.5783260005107758,0.3385971077715308,-0.28144368621674337,-1.701161402082154
0.9250032424243247,-0.4863518159131562,0.44598676378954205,1.2074311410607794,-1.4131955826784433,0.11717696715385026,-1.3044305959825413,-1.1473248921185821,-2.076188414915891,0.5063378325710176
1.2803616739271462,2.284241499117913,-0.4076267773745417,-2.93845674241224,-1.69914152259602,-0.23886140512680826,1.0089873068056099,-1.3707060182930015,1.1380922887172615,-3.0237195766542326
-1.155396466593937,-1.014348935559654,0.24850965917822337,-1.3913202712933939,-0.30392069112713854,-2.3312739494127177,-0.7749887936685239,-1.9465993270616708,0.8389751462414048,-1.8834991834186618
-3.62650321239334,0.5902110224586565,-0.14824083126572607,0.5736065892664012,-1.0133937239609156,0.2787023916727715,0.4754815922458735,-0.251333371090319,0.9355021555934021,-0.6348208657225085
-0.7472660632941348,0.6593719407871104,4.961892678089257,-0.5890251069517554,0.2399507123916789,0.826487311734121,0.087388956485542,-1.6058886757312776,0.3693452144964334,-1.9070982964420238
-0.20524878462105312,-0.11826067049497718,0.028250837532645227,0.655861209672177,0.2754868518121628,0.9056843503004391,-1.1321376013011293,-1.9799360557357464,-1.4140316635120307,-2.2757943056174956
1.1508740046077823,0.5703086943211134,-1.1060245939065174,0.3695009905574975,-0.737502189685931,-1.974931191274416,-0.8971691257664094,-0.32931361733696424,-0.5001872566952668,-1.026147185889343
-1.815752329063379,0.47066371732392603,-2.1370124738494924,-2.774589903755779,-1.0148175963963464,-1.7260703571388187,-1.3944849615232557,0.6266533728115161,2.6838912300523496,-1.741773130638235
-2.0131763014654593,-1.0718331342927987,0.16119627074215237,-0.17124514802142465,-1.1375578526504397,2.12822358275334,0.22636199426018574,-0.8772992354141199,0.31792389653149844,-0.7925783050348743
-2.8867721638745083,0.14697376161896897,-2.2619870899351904,0.5348989264527612,-0.8725796496154249,0.25095396897679556,-2.1334216900785012,0.15331398144301095,-1.2247233879541324,-0.374599511599025
-5.608198158362496,0.7215342029282968,1.6823964145871628,-1.8407041193105713,-2.7737531103706634,0.32820359882163624,0.27801864860494185,-1.861382473978567,0.15167412865358434,-1.8631557760076742
-4.388140972812992,0.016590269656667243,-1.4955945250530447,1.6330268988419725,0.04217849018370085,1.3708548123510107,-2.0304611264306596,0.04167367451840347,0.8703806906963221,-1.4050892667907884
-0.5952671036392937,-2.0946442065818798,-1.7466901154181456,1.2007130396323575,-1.539822912393179,-0.5939591486713399,-0.013154666608987077,-1.3543073980991553,-1.4908138181569028,0.42749451323991533
0.18724465232837811,1.4571177656994239,3.0112351967701736,-2.5087499339098134,-1.1740883331662941,-0.4852107208087203,0.4206954101531652,-0.4420360103817511,1.2445227332071094,3.3876607876120683
1.1801866729320243,-1.0165959154506194,0.016236313792799273,-0.07218669935708853,2.0874231650155792,0.12482261414692981,-1.147589519541975,1.2174684556015882,-0.33728671936836835,-1.666884160056826
-1.3019926660131482,-2.2959080156351845,-0.12756935365346542,-3.1538828288342344,-1.3197877711019173,0.21085713852137505,1.8836366106527564,0.0024725987800746792,0.6628247182035104,-1.7047696996393809
-3.6358590194944345,2.1002040012901686,1.112134438502058,0.18892962344704187,-1.4253289147155055,2.518769602949261,0.7373120810294019,0.11238849102309177,0.44439511845788526,-1.0313209703202526
-1.6513133859064313,2.000907128545588,1.0336728311710612,-1.8920840578253544,-1.9668350640462915,-1.365097446068485,0.147073440939549,0.8323963827783971,2.1699721715084763,-0.7141377231564793
-2.651954177126087,-0.7282973720478975,0.8933101245533462,-2.825630714782638,-1.856480166648094,0.40927897975715294,-1.45152150170553,-1.9821269464399554,3.337090642408708,-0.27120238307089234
0.9462745500068069,-2.1525892686530352,0.25592567180638226,0.17335300681316018,-0.6211686951767685,-1.7704480327482959,0.21131720111211694,-0.2582512477053445,0.28304459827075823,0.4147072766204144
3.3454544893371447,1.0368567816422185,1.5911970142976655,1.6120379284970476,-1.5069688285600211,-0.44313549865168333,-0.07696757740271729,-0.26723257084230606,-0.007652387633710997,1.0785788280645754
2.511092286668451,0.15765292984227533,1.660727230104704,0.4841567117335843,1.5216677910110996,-1.227964612539035,-1.114868679764437,1.2312166044182244,0.4063392448143551,-0.9244223861474195
0.1752324901232088,0.3756350522143998,-0.5538215494095067,1.0115045361629322,-0.2551302979998685,0.42162008735242373,-0.1996232277505544,0.2120526010421971,-3.0984811379040877,-0.3589513161517652
2.6643995666526834,2.7650659324369458,1.5525247169293706,0.2921910990062069,-0.9915950632672886,1.1734703821896717,0.6881822814638201,-0.594914948728097,-1.8565146937251664,-0.45160177150063274
0.8718207153859725,-1.4201390796086804,0.13866797783839083,0.7380758078737326,-0.4631380247753164,-0.6059140440438503,0.0887900618915732,-0.5523104544239211,1.9031152391401123,0.17764169479958256
0.6771717796614491,-0.8052576281305371,0.28628953915159033,-0.6466398458537824,-1.392315912844999,1.533659387072866,1.1058461423365276,-2.379169772744161,-1.2569571326526148,0.2681831787445595
-0.7595815878552374,-1.1810352350849758,1.340540679465081,0.3312802165863731,-1.3883049864430452,-0.31967062403898266,1.1397013675828083,-0.12842161861924567,1.642610591770871,0.8187063976617341
1.3166582050525766,-0.974638677012759,2.190087102523479,0.0071956413064380755,0.5683715460032525,0.23631676139050248,-0.5489141938551684,0.9415875365472223,1.93912815376478,0.7392897474319918
1.6906642916714179,-2.518729735085248,0.28669315964303715,-0.07876437960669448,0.21326858685799774,0.7508229849792389,0.20338833963642947,-1.247678266796205,-1.5916225048612749,-0.980714859724611
-0.8435196515368371,1.7437604520646899,-0.6703525010265569,2.072971332915171,-1.0163951819207122,-0.6215345221416748,-3.475884687733807,-0.03862698007498324,-1.1926664910079694,0.19832843766107133
1.5013039053806063,0.02960704630867495,-1.2847121447456444,2.0455634369804914,-1.3597313366445025,-0.00750047832801995,-0.712885618868131,0.07874573573087194,-0.8664997662298183,1.6543099015095941
1.565502790169638,-1.0613782529371059,-1.1943003166729664,1.580636202323401,-1.4562137941920417,-1.3739321012250572,1.1810205290032805,-0.04491666959910979,0.3689246163286695,0.3434797651951491
0.9747486246831508,0.7431617511471175,-0.8674026688973461,0.25183576520820555,-0.41944679269177976,0.8867758023213023,0.421763398784882,-1.5243384930471293,-1.8095188237912125,-1.4085801694011895
2.0360952042879514,3.123404914332667,0.685597289899245,1.3566608003196736,-0.8148632381385709,-0.014522260326460815,-0.6101104519845086,1.3131211187161114,0.19375327298312428,0.37758506234636113
1.9101272546312567,-1.3061843178874628,-1.5323548753526661,1.1181578185240937,-0.26243574447487694,1.111442365870531,-0.17666005566119672,-0.19413163288046045,-0.33447139400579057,0.8663777448728488
1.5428052358784006,1.296425262698493,1.0189222981590342,1.3097929296778816,-0.7054311859222163,-1.521394068324967,-0.13653304828406507,1.1210426360552361,-0.9512922125048158,0.4000781352928934
0.40318380357461825,-0.14329950165025707,1.2842432201219949,2.8085343633910305,-1.7172145593812627,-1.3097728039178116,-0.8713459930150191,-0.9459243613493371,0.4018719009577202,0.9780926587586263
2.91911986977135,1.951922695188725,1.5589449690275157,0.20480695611446292,0.3381431256217518,1.1795433315448243,-0.7729971826487907,-1.2623147661165968,-0.9404679019452377,-1.7651619511038865
-0.5494378697699394,-0.28527231207720277,-2.758642870545982,2.5035148659743056,-0.6611971610642202,-1.7381446608715003,-1.0250169687498432,-0.47201987333771267,0.2480741251161876,-1.4868580255900938
-0.37253493884359395,1.1999963563126854,-1.8360986555324352,0.8798571936321746,-0.7576035464783603,-0.4143999487829934,-0.7331073052190071,-1.0518412630935778,1.1856092156785027,-0.4899662041551451
1.3792460542854588,-0.33454987611820375,-1.1846178770028006,-1.5314201499435502,0.9273221371897578,-0.4232885495824909,0.015471665725536233,-0.2106401614511348,0.6624187852137114,-0.7056060983884069
3.0245202484451457,-0.7189511684755331,2.387722238778052,-0.6189379308514482,0.6912035919383162,0.9846400679888565,-0.5206285223912419,0.16503566845403805,-0.12805071158470419,-0.32140279636333763
1.66490103501661,-0.5333551160199613,-1.6552829954351533,0.33690714029839464,1.3415327445524696,0.6510545525651034,-0.844779535978718,0.36444640537353407,-0.479911900087054,-0.6526550343631149
0.02170718044074677,-2.1754801702563453,1.5521235964893114,-0.1361953565379242,0.5665409088633228,-0.36553578356289246,-1.1081188782070381,0.7154716786873542,0.873672239529398,-0.029621361207888636
1.871398960789246,2.349036488119701,2.024801514834725,1.7990339301806086,-0.47718974068260406,1.205401141335768,-0.3567634173660925,0.08900726881180006,-2.1856165720990464,-0.6425679075122627
-3.6104259541786377,-0.9928207877560227,0.6061967382199994,1.6876216753579099,0.455174045751979,-0.5207532825317815,-0.3869042985946128,0.29185283132163,1.5309895918225278,-1.113237291424019
1.5792373828778132,-1.208376162979263,-1.392277665916398,-1.1615740092380198,0.5100041921262108,1.265008641393571,0.9501976567537318,-0.06661979029064327,2.8840888005238545,-0.530351748875731
1.9169521483978618,2.359205267366172,0.6262418782758546,2.0845418612860622,-0.23403751500326322,0.38902057916097244,-0.9287371077022034,1.1710536684040855,-0.5203389000085897,-0.23541864972391455
-0.39526591158070185,-1.0103020317482065,-0.11118550446186184,-0.8580274961284357,1.3179208279839085,-0.40854747976720807,-0.6378846766293265,0.6950609015328846,0.613780351497083,-1.173072294564352
-0.15835041131470431,0.23298274817348238,-0.0055510528426233755,0.0060285412655880655,-1.8501755427290614,0.8855702273845109,-0.776691008023609,-1.7386552907037685,0.5124265978499822,1.3367315306587824
-4.694473535830164,1.5286162212181342,0.21664489020804023,-1.261863780329823,0.887295951207285,1.2953872508848792,3.2262542018319116,-0.9598629217263985,-1.2874313392576695,-0.533803315519312
-7.224777157346583,-1.8898738204567656,0.07091234763483134,0.5230128835731231,-0.15558298192726233,0.9583605931551059,0.2592462882837998,0.4139049420043155,0.2905047503522636,-1.2547808007518046
-1.6192831509126713,-2.6848378287204127,0.8934520129133766,-0.14217045810705456,0.10160199554463965,0.23608129513905185,1.0266215521745343,-0.29145499526282986,1.6220457295849244,-0.3815778696481145
-3.5991861938473515,-0.050056348555758474,2.5365269999668065,-0.48697357348618114,-0.23313213788579512,1.925767305203868,0.8683630880281592,-1.3283891444637652,0.08491959386133788,-1.6671460688914868
-6.196432345383029,-2.9614298816137024,-0.7399248554544038,0.23761203052308563,1.2213351199372848,1.537372980380235,-0.15061140038412843,1.9742611838940192,-0.32363028671842936,-1.3886255588671388
-1.638340518848446,0.46407081841374026,-3.2074122423431795,-0.743589145089769,-0.6638666905827472,1.2167819709833188,-0.49790171343752465,-0.40545129026375004,0.21691087985063365,-0.898325138696063
1.25551948717277,-0.7894154344100978,-1.149881192819656,1.0543810953510415,0.42863884785542955,-2.296291331498104,-1.2252131993160253,-0.019588318590061122,-0.9499362114292471,-1.1550051127136989
0.8329513079993345,-2.417113963223454,-0.10861491098131512,-1.587938545953782,-0.14299752739922553,0.9596578311051204,1.0583122034445156,-0.6134706480529326,-1.7496031830961607,-0.2712379792733704
-0.5166458182546323,-1.1575608521394727,-0.06910274193621113,0.8342803441250801,0.718448690969112,-0.29249488726115647,-0.23033800205099011,0.8340329724147395,-0.66895284693994,-1.7394142154246977
2.715758177895548,1.8985304607333158,0.6319117659206855,-1.7598063574458858,0.5086773842059791,0.06743386184113555,-0.1338328169160215,1.012452468251545,1.5202545095020428,-1.0226603376231005
0.8183087452950277,1.6492168621197592,-1.479850790560379,-1.8439268809913507,-0.2394932685237229,0.3061308159007394,-0.4721065157634655,0.4223785209168782,1.5791194736657743,-0.20006675092126863
-0.7263703516725655,-3.0469329395377414,-0.7583558901681601,-0.7735254470865519,-0.6926971032207683,-0.7358722998583364,0.887940215113412,-2.5262454921475634,1.0447471016251864,-0.39465995679429955
2.5442510701148295,2.061098849143667,0.35973478215094945,-0.82331956726705,-0.31102815503423364,-0.11655575469559788,0.988755057168867,0.2998754543440189,0.5796227760467867,0.27826764409486515
1.9109370311143283,-1.1896001004500867,-1.28500333435607,1.703190498536719,-1.5954328726006188,-2.2421410728553153,0.7950583424772636,0.08959664400256578,0.15455642398196967,-0.08500931028954231
-3.8483730152312807,0.8298925142527104,0.2870691710815056,0.5817951525462484,5.755386471665074,-2.888656338929621,1.0644408843222157,-1.0795148620499058,-1.5451672090418864,1.1398943350802584
-1.2818045340782882,-3.4196935642925568,0.7664363954839154,0.828633826217201,0.48032854956360094,0.21617099506493645,1.1779899653975712,0.3211559191481719,0.34821965721362363,0.6048252576811627
-0.7905709898453118,-1.3753907759382336,0.8238463262376643,-0.2863941413673255,1.5941002061997955,-2.311104215380778,2.274775610960398,-1.0099640900577926,0.022600908076262857,1.0367924633087051
1.8767573249636271,-1.4594206215084384,-1.217873211989076,0.24163804805463696,-0.345120012940828,-0.8006542288337507,0.7156623467108498,-0.14158966632197856,1.086252406372126,-0.05855621879883229
-3.045621931759521,-3.139055141607772,2.8910984911138375,0.9277357021432011,-1.1625112400378872,-0.6529199337596387,1.9988107250604945,-0.15575898720950354,1.0943546625516163,4.856048003808053
3.124411310594411,-0.4206270402073474,2.2239251750795517,0.298220877063192,-1.1983316548625627,-0.10871560939211017,1.2157809519785816,0.1555317356510153,-1.9774710713712613,-0.34539460054384546
-0.4760605004663282,-0.6065290056102519,-1.331243184477502,1.3857673248132505,-0.5317082768981217,3.02873114650741,-1.1001594397700891,-1.6367356622780285,-0.4775808403614803,0.3341462066958552
1.6675749664921349,-2.15494327693213,0.21340682800605185,-0.12078805360590271,1.0928292057063147,0.5693329472007747,-0.6381517829530864,0.5038686354483455,0.34912683209346607,-0.5322193738377519
2.467022454173699,-0.4144459450451742,2.369017999158587,-1.0232966092174924,-0.71999977997249,0.7377024828268374,0.5670433279366202,-0.9306246317959123,-1.0316533709812414,-0.9838358863091583
2.359169280254404,-2.350041834743576,0.3378863101467154,-0.03932289798547371,1.652089140419199,0.3180853580349838,-1.6720734913593445,1.1849752589868974,0.06150695727658556,-0.13551496748983488
-2.8083051679795825,-2.6543582297987562,1.896970797967376,1.5956070342232598,0.6491747655227704,1.0818391135532373,-1.6937078033932067,0.5728878396923617,0.9833447717756681,0.256745069075038
3.0533024303913963,-1.7400274742967767,2.838949490573767,0.23583010765180848,0.8540143348590168,-0.6086294823959052,-0.7013345822594289,-0.2912150882654645,-0.5286509310493511,-1.120238141460845
-0.6279599274511193,0.6933705010311038,-0.21080379010484898,-0.01895083077557626,0.21058368478282985,0.7195521749613323,-1.3900320570757092,1.3373654881185828,-0.6343154048309572,0.2989629395440918
0.3451730455353823,-1.9260971513955896,-2.9268875583516136,-0.568887881119986,1.7693424939547098,0.7672551781988043,0.37427961892953177,1.4553902373008683,-0.6638690702265204,-1.0978894297176036
1.154693086686015,-0.23052063238881618,-1.3250644082674794,0.07290419928456393,1.328642582263956,0.23242327497551815,-1.649457175391585,0.2852760762407156,-1.141171777823313,-0.0005708973235148542
1.5827040234515433,2.475503220139329,1.258981920172107,1.1151843080934667,-0.9494681671452225,-1.3000255123769868,-0.7234931904592776,0.9220590824822915,0.2794949866125478,-0.15866174584381385
-0.19037165082913898,-1.2626959603298216,0.041227269692352526,1.2866347988654812,-0.9191146280500697,0.44585209650121777,0.5763528986759705,-0.22710687055274995,0.6035502190370243,1.0626302282315037
-0.7812556908786602,3.081266594638913,-1.1439277801211072,0.48284398040177573,5.154291049690099,-2.530772438567453,-0.38486595114641164,-2.5051938975667527,-1.4719280865152027,1.7145382769817894
-2.38958123165289,0.43024762700005237,1.119653006225174,-0.9643391729252678,0.2488891522924742,0.5661237656396657,-0.6614583065946612,0.3651571762746716,2.666095682960944,-0.3402905721928257
1.1841264201530675,1.3119059120413556,-1.1412800348498575,1.051311240712399,-0.17618947680870095,0.05483202866559523,-0.1526182095340651,-1.5362081249161184,1.0020502496850565,-0.23277080180708937
-6.975833118534074,-0.45332003567650736,0.4698519427905514,0.5145557645005419,2.0417314558381476,-0.07229662437253802,2.0168732064581785,-0.8905159125844427,-0.3033143934708378,0.9387815180828627
-2.2302225438570358,-0.7351489162305654,1.1165728292912889,-0.24807154395189346,-0.38476063329432797,0.516338753376816,2.159018933200124,0.3531204555059365,-0.719804889058658,-0.3253337715557478
-3.45949255330746,-1.2599226812652995,1.7553237149645553,1.4172846234976082,0.20083289061009885,0.13575227251804337,1.6836592959018126,3.1722870206941876,-0.38579170859995954,-0.7083130742889097
3.473314572511793,1.784489265575459,0.0033540778115661494,0.9819991629903315,0.2818767117099883,-0.6827063026627109,-0.01826468459103448,1.738780667571419,0.15311191669658528,-0.23748545923608436
-1.4150010686110832,2.247032120150148,0.6740262967119562,1.8658423471431447,-0.7721271627268625,2.249680080929324,-1.3910843913184097,-0.20488866093322708,-0.6513492707531987,-0.28661167040121643
1.8934829418923311,-2.3805248041716314,0.28211821746631605,-0.12508096852262807,-0.17113175184574173,-2.015626205927941,0.21191502458670317,-0.6977745178855795,0.09551408919052967,0.2985831640914684
0.837300162284244,-2.672767862907534,-1.3889194350774654,-1.317363771890324,1.3347229754149181,0.5720988615814113,0.852776378945242,2.305030902403299,2.2081937410031243,-0.24617760269862243
-5.850819506632898,2.060374144404272,1.9490775729181307,1.899517646665282,-1.1623124923942043,2.2399070156643903,-2.1485204742821202,0.17310118414219558,0.8056906675339552,1.541255313249065
2.5385542776125116,-0.7185382327784359,-1.4547499644395099,-1.2075197904564983,0.38386355527746224,1.633367848600114,0.5766341521633526,0.17944993468948192,2.2640860220453725,0.7618191563611786
1.1085841546513155,0.25384422579992155,0.08284513547203354,0.9424209249933179,0.9164946117494317,-0.36630792247319655,-2.0319636741497034,1.7535346330502977,-0.7416867431284934,-0.7519799242141609
-4.958520162728964,3.7677215679013436,1.3788419980364741,0.9165865756709436,3.8195466829728013,-1.3668530589948582,1.580439804642275,-2.385967179224728,0.043475956698137884,1.148322924920712
4.139935149842879,0.19349751559994405,1.4200554853426592,1.4281936454439346,0.1799283324777766,0.9465455611378958,-0.8530597029056105,0.5246073498787962,-0.34694469590984667,1.2529878022278413
0.2547773697931711,-0.23338209658814346,-0.7104430455447213,-0.13200990808327612,0.26486795026914833,0.8188892928258497,1.0698296497256816,1.2156050347084173,-1.328666935562356,-1.66880980757047
0.7654156554203336,0.7898550124560543,2.7795158855297295,1.131106680433768,-0.6971598144211021,-1.1571467341541612,1.513722607146997,0.8486805996864397,-0.741375310175672,-0.5373292039003605
-3.7048828747344786,-1.964269776976216,0.4521516907201345,-6.287075145000501,-1.7974504725131777,-4.241852610670854,-3.852552833285373,1.7634607539463296,-2.2696060018249833,0.4691545904441438
1.6404826640190484,1.5646771607076924,3.0255988060892065,-0.33580879076023085,1.3889465299674506,-0.34548511375665697,-0.24716700569626593,-2.2038913632968207,-1.4944369230478278,0.7464427518721047
2.063644027504017,-0.8860582386419101,0.10176194546053557,0.4818476262080495,0.35158227354497323,0.36667821448733484,-1.2700848551942518,0.9192952944488524,0.10562829549079458,0.23350944965927772
3.960393505641794,0.04793805090811401,-0.01767771018816722,0.24941444586161318,-0.5564308333549057,-0.5815182386420955,0.1430150947967308,-0.014291626931135249,0.13482323235826238,1.0538289177772326
2.5351071122356155,1.4096292673352075,-3.342890319308385,0.6238553865823856,1.0249253999187682,1.245845286857695,-1.2464536946396063,1.2030692627860988,1.0271158847825061,-0.2309583832035126
-0.22710028932287316,2.5266059057459866,3.8245544870285886,0.5673920219347616,-0.7102821086581304,1.8066543318191226,-0.13504316028063024,-0.2409226253693541,-0.36314644118862277,-0.28936617513681095
1.733359109206923,-2.2240010011586695,-0.8603099033662605,-1.802645949477651,0.508844821927649,0.6054405660752262,0.8669017478581645,-0.19855677069934785,1.0603311116043734,0.7457453959571547
0.2818085491316864,-1.7645874307843876,-0.8038942531251432,-0.09458300453858834,1.1815652787230393,-1.329380216690538,-0.4174346194061247,0.41890897736710003,-0.12472930290761033,-1.7763092732460486
-1.5903048877920674,-1.6481251078272665,2.0537607470258683,0.7018654747616946,1.0966868216233938,0.13030679642237186,0.45653006943483204,1.807837271801609,-1.053966115897463,0.025125190913286233
2.6841772842886202,2.260751534740244,-1.6981435150280408,0.7118809734641899,0.7031866864781573,1.717462775343705,-1.0419507808345405,2.0417091503638063,-0.27177663592657836,0.0049200579617858725
-3.339185516681821,-0.24022053917597114,2.5926590662288036,1.5225737815552518,-0.347589972322414,-0.14775133281068148,-0.09619336210512092,0.0010534428204265834,-1.4684690515823875,0.34975093056273354
-3.733121254092481,0.12655546987328065,2.0695139400186715,1.037619852729004,0.36294612897066364,1.9111935830366131,-0.1381185719970367,0.5422861127327124,-0.9510288095053493,-0.18673799353897194
1.952171477822305,-2.2666424034664034,0.07966448154377281,-0.4266758029961872,1.4131547091891792,0.7649729151244393,-0.5865280348321897,0.5727354403582087,0.5142090871160563,-0.5976082189066874
1.1939880107431644,-2.830427229492475,-0.9929879895735797,0.353303231533131,0.4708792313127465,-1.1836872753474947,-0.3291323268638826,-0.020269124673704467,1.5180183604451472,-1.0358953818352639
-4.358213682301321,-1.0362056993264477,0.38036735609862354,1.1715961358211417,-0.3508575724360167,0.7224359049341857,0.4647943962872544,-0.40691338648963266,0.29219544640892986,0.2012402416089643
4.222270070065601,-0.4911514528704901,0.6383581995894875,-0.4345806561300779,0.5838170112469755,-0.11135864755256383,-0.15362379501129977,0.2521460364518253,1.5280363996685293,0.649971592063595
-3.195122703524177,0.14406709887378255,0.681509539209267,1.0156407761208275,0.38992680246059136,1.4357260089672073,-1.0519262094305573,0.7984220630517606,0.6677864647641004,-0.1392872097043897
1.9031759614713961,-2.620415549571668,-0.40803789918817396,-0.2547532524934552,0.09390168076509076,-1.187143435886078,0.5415404755575026,-0.2435818278237013,0.34332727755139725,-0.06654157125069757
4.297574787703197,0.5912034131130401,1.3031534443000694,1.2565406727038568,-0.5322792246050675,-0.1596690248022535,-0.2862064237844456,-0.03547096003131753,0.18076704376889519,0.7618248249058507
0.08169413324270605,-1.5200803991604508,-2.197398149465375,-0.47083526328137953,0.10479320814839883,1.8854167516863054,-0.7118049335256074,-0.9379047511845198,1.1126132905694888,1.1138184601085164
0.5425925736415449,2.095289898907816,-2.0514307637032596,-0.5625745611936654,2.16290962468403,-0.8286976257935613,1.6107558800281505,-0.5521818504711742,0.044940454665674937,0.2863711975834506
-0.27683139205001434,-2.071534444873795,-2.370791947231551,-0.8407326418734619,1.0914417883098464,-0.29891420275365493,0.9070776704377669,1.1708062258133738,-0.453532404752142,-0.9151801285403826
0.76794959599152,-0.38976376419692854,-0.09399927930355488,-1.7122404427147968,-1.3840387909582506,-1.3074743504892836,-0.34352280660141526,1.113155134029558,1.5460056820031085,0.3164338491732544
-3.4189073658800164,-3.4852257543257044,2.660635333957148,-0.20141536455459974,-0.0018122090965512095,1.2423058337910324,0.957750175145442,0.6184336711272228,-0.43745639884179266,-0.23418100433088754
3.536900848631798,-1.0269140603657105,-2.625882555720039,0.4032028255356622,1.3707073395968086,1.716793626604223,-0.6256316423890212,0.7878198272278614,1.7899875666634981,0.6911192902948048
1.1478922442367423,1.9973590082799306,1.3222413993488118,0.6587305456297688,-1.7204660590963996,-0.8133313421105254,0.6783359761171696,-0.930748553081726,-1.6900417063603541,0.6933994779858415
0.8206031428830846,0.19483406244183582,-0.06601840974358324,-1.5773195190875209,-0.3655603356834524,0.7086593019391239,1.9576521194900989,-0.18329900625816778,-1.8733788644827973,-1.3937973485909163
-0.19787637889238716,-1.0399120227536938,-0.16982962536805066,1.2755671736953458,0.3080568597023267,-2.195669453299749,-0.6501463020813442,-0.4964306264108184,-0.8303744380712275,-0.15607335907081804
1.4416111069081021,1.7308532150785343,3.3507524833032423,0.5429708698205676,0.8695458744398604,1.865570475221782,-0.6349122886581485,0.9631300878609199,-0.3335825310625594,-0.43009101482536694
0.6036330802465655,-1.2127103617669286,-0.030452307846106554,0.01074854929653329,0.37634089057294473,2.438326372630461,0.5571903064671563,-0.3620760689013603,-0.09468980269489297,-0.11393812308877851
3.0694166224754316,-1.5288949128346196,1.9267464864304058,0.17760054633702405,1.0162380431730722,-0.7414765392747614,-0.5113893641972652,0.48449206581911824,1.0306364192539914,0.05590685616661105
-3.8534413416465187,-1.6982512393244518,1.9986736392991236,1.014694396691468,2.9188621943662265,-0.5013597976796726,0.6337761697349383,-0.08755884702944115,1.0980931407783565,0.6395009733858393
2.4117210086757708,-1.8857054688267287,-0.9882737378704124,0.07388288384187303,0.13987063262180197,-0.7902775876492423,-0.8025531677138231,1.5635415766350391,0.3108219494053296,4.903022735798132
-3.8660245146729766,1.5402600388039986,2.494068545770623,-1.2366270914350155,-1.6911559204613609,-0.5366353699257908,-0.06317990394962518,0.6074056780485029,3.480140514537142,-0.39961812475832315
2.437148307075557,1.1951605012459674,-3.5072565527043547,-0.21925388014772743,0.9741791878940768,1.4654091342862199,-0.41336483896907383,1.6564883565194688,1.1517020785721912,0.2006689703092495
-1.8211357600506204,1.8304008785244332,-0.6879766234165196,-1.0898623582959068,-1.6810103973724264,1.7387760838715258,0.4489328332490637,0.8901315798259235,-0.13785114085880684,-0.7288928221376151
1.8740571923850085,-1.684615613942845,3.4617023375381977,0.47437420133228514,0.04523313230194425,-0.5185022881507757,-0.05524688352764215,-0.885944545567259,-0.6505541187100887,-0.4620052930930822
0.7241388688400805,-0.8465914454140708,-2.702012949279537,-1.146782480676379,-1.0189776147639127,2.351367157897646,1.2080792406061855,0.0996710858787961,-1.11272793949613,2.3270451507876455
-0.08687625439608604,1.527730620924944,-0.7094074120684791,1.1951173743818388,-1.0645507032890364,0.7484632033509625,0.00446415503792984,0.6724349682118799,-0.7305400449778512,0.5200599888243309
3.1739065461569482,3.129745032092075,0.5668555298612888,-0.5414221020945676,-1.2397834924774538,0.10075492608079406,1.2344357156366126,-0.02276268672579596,-0.11221770933915735,0.16181108857944929
-2.891990287648191,-0.29085572192681663,0.8715952199229893,2.2210367120000827,0.8999419088384527,1.4543905603526102,-1.7051780922747777,-0.008123754440680794,0.47970324552973914,-0.010469341754541239
1.7011672459448504,-0.7201125081025194,0.12159702363374837,-1.277477597670081,-1.3181236384078063,0.8626715084654265,1.5381124993827255,-1.5684625518205377,-0.7725801642650366,-0.45905214559763
2.7102232322279822,-0.9063405253219836,3.131763842128783,-0.8826415984095894,-0.14338900310322392,0.5559620686928346,0.34583465093039883,-0.7602493038585869,-0.7675174861044577,-0.5400168685388556
3.7739614595611055,-0.9932999379058494,1.947855504465778,0.5759813767919807,1.311306276675671,1.4741850257500402,-0.7911878083882317,0.3317860611085698,-0.8788251669366072,-0.1366806694195137
1.6017530427029427,-2.2970437920627447,-0.5343249986666908,0.18885936367958617,1.0651601395202053,0.44729364515063247,-1.0152797019441042,-0.4293592760196887,0.13377699617805983,1.0083117917705684
-2.422787649049309,-0.795624877803107,0.35422796719866545,2.299255315193737,-0.26148642457893934,-1.1399572710519736,-0.46423848357814146,1.154015936373053,-0.7207152740846314,-0.7116925636553779
1.1263334506799991,-2.2039651677877394,0.9819764872886905,-0.9096196706360197,-0.4710152191928559,0.32246298434887066,0.6772612494637801,-1.9524645931310576,-2.2700137733963306,0.10997580832490762
1.1419032982186332,-2.4938198973557824,-0.5731743887367757,-0.13322236739995888,0.471438161224677,-2.0096514901612434,-1.9485432721497884,-1.6952177490554974,2.4827346927274823,-0.5948808020302432
-1.829864612507134,-0.4994647126183052,-1.5346210030205691,1.7294594227156699,-0.264245678605325,-0.10860712415099123,0.44701506044049166,0.5096896366933761,-0.2593895276363651,-0.3285151292527059
1.651352559944736,-1.0819524339135502,-0.7845369681688772,-1.5218782080737336,1.4993213487366264,0.2102377872689822,1.431023212963696,-0.03789355778325044,0.5450805405378242,-0.5167382908350925
-0.9364233069522977,-1.3266280563229769,-1.945276292208968,-0.0335521676109895,1.0612840377014578,0.038078364689972416,-0.6870692919577078,-1.1303359674395643,0.7080621733313883,-1.4330789999418494
3.274887863350705,1.0488539701408301,1.030463631582003,0.8040677440711768,1.3394822537788125,-0.7473511441960375,-1.5655856191969852,1.709053705920261,0.4098381783912794,-0.8067449816695698
-1.9313789470677911,0.4159736811406296,-0.21790563400458635,1.3065895195975932,-0.6416783811131656,0.8800334789774803,0.5673732771303927,0.5502990494272431,-0.39611838493580354,0.6007483083071761
4.540037482995307,-0.26950829678211663,0.7027410162973499,-0.7589890403710126,1.399227828001855,0.8299883587122577,-0.5841594784546278,1.1903823707032555,1.67025325532216,0.3289762134200388
3.342707064760751,-0.3644528402792677,1.0043207009650932,1.032030699727598,0.8896856417185253,-2.5646184859449406,0.4314923036498081,1.6783918752237232,-0.46381355489476217,-1.203586781687457
2.0272061373070143,1.6072095399004867,-1.836726082357583,0.30656843639473125,-0.991570445864284,-1.395558790827288,0.012435739818177572,1.3199068610726183,-0.7246652861749651,-0.06025297577206857
-0.7236860827176349,0.30535714811046766,-1.3624144112596013,1.7644870837715685,-0.3552387591264927,0.4132972374258615,0.388796765925626,1.6754703608616213,-0.9914822518873718,-0.4701142185093183
0.664203980589299,1.221824281612043,-2.328985787087648,0.019086852566566705,4.357757754253603,-0.39578706978625555,-0.8140949161979534,-0.8888370113381061,1.5174893896209836,0.28753200633290643
2.998491175817001,0.7492865064446977,1.5896399772881569,-1.0506294144366606,1.412940796163478,0.9899025328764228,0.5273308632636883,0.19879537822451007,-0.5841499976280654,-0.9945554483842542
-0.8089104278087932,0.392914977194866,-2.7762203428386747,1.2571893482359202,-1.7123621047970379,-1.3212701698119083,0.9011327493068874,0.38871494068333856,-0.7211607582837483,-0.6907771268570823
-0.2500586396092343,0.32943461417587644,-0.05403111133375842,-1.0041862900763203,0.9885134434149222,2.0925380482482883,-0.03196025547473793,1.8016677641244774,-0.20276668192287017,1.01968248501668
-1.3386548856107134,-0.7741714470538472,-0.12124223671681379,2.3031112453915963,0.15221186903996753,-1.3112087852355288,-1.441100685639007,0.2621900691074526,-0.27554652966368937,-0.11006578502187467
1.292254122962484,-0.2373386930944773,3.482860298943515,-0.7498134388307761,-1.1665551225095123,-1.1153486595604387,-1.162284417791412,-0.30934852844043825,-0.06875944427570542,-0.683745026845163
-2.150953506338674,-1.7815678887045805,-1.7990734280764071,0.5062217345007377,0.6803957574681995,0.6915217261668282,0.6512101442572548,1.8276534663758357,-1.079305403597276,-0.8485323770046236
1.5929876192459427,-2.398343638532073,0.5558913284866335,0.29205255930045065,1.2796552326608466,0.5269055265039453,-0.6343755402485078,0.6847691753689735,-0.02934868520011279,0.22742018734493163
0.8640606048882538,3.151656637540395,1.485439637807703,-1.1229595136234307,-1.5921067653811976,-0.9015863604356094,-1.005328142418812,1.172435564758393,0.8885434359726958,0.21618544351207658
-1.3182096615882648,-0.7190009021813198,1.4567279909040045,0.16531943960628895,0.10698105608519905,-0.14818980037196877,0.9186180851393264,-1.5824297322463976,0.02670513994774843,-0.5523855097622016
-0.9442321566579182,-1.9657853539577566,1.2659721562869908,-0.04175972422976365,-0.45119481284064394,1.6841528168770312,1.1911579079175658,-0.11295065581327207,0.4001533644217161,1.3673186790639003
-2.6733218523767537,0.04324896315275515,1.2320786137619537,0.5330780652137554,-0.07413402027671435,0.45131680588024947,-0.4716537497670204,2.43139831611797,-0.5844729468708959,0.2455718056977676
-2.2837968780166342,-1.4860940444422817,2.8036935900152113,-1.1034760678440032,-0.831873711338869,2.1451035993144645,1.0290884238610258,-1.217252657569838,0.11554914828041934,-0.020356132975865898
-1.0478391112773844,0.8018278608046736,4.581566729511295,-1.4216061683555232,-0.0728784750274004,-1.2572376075074498,-0.5046923148534803,0.36911539006468924,2.581436842247753,-0.17514859184763548
-5.548064260667612,-3.035692035940753,0.3537552455127496,1.019992311662223,1.103131219223931,0.47269036416523624,0.3696532167613684,1.5252844383347974,-0.19787776664148782,-1.0219357249479402
2.7311565743959547,1.0253160364571499,-2.6860191621557643,-1.1201457289425363,1.7907702996738082,2.2937057436777972,-1.4276628524681083,1.947231327999283,-0.36989459709995814,0.19761133138106834
-2.123375882739278,2.810944595432293,1.290455604547234,-4.865039451140963,1.7461043915381484,-0.5618755587137875,-0.4362538946690807,-1.4782739071098987,2.6686666532476906,-0.38152763352691643
-3.6785861199685415,-0.6355574382249619,1.8130490193148894,1.3864411108350536,0.5522440703314688,0.7389155391483122,-1.2371847050195066,0.09613508266856932,-0.4632353226393427,0.6339535233233718
3.0280327736587562,-1.9195863926527907,2.816921353608797,1.1728112791937,1.1787172377028432,0.0837738214386826,-0.7931436083142477,-0.17814094737797329,-1.1983611107311294,-0.7122611370850609
1.6136977426598997,-0.4880858777252678,1.7342693206524127,2.058014981480658,-0.6400553875754134,-0.8255945514911762,-0.9393923285740751,-0.7635965448980644,0.6973237825655055,0.9993904129040871
2.0178727606821383,-1.2336023139298067,-0.8412726942602061,0.18914235372519506,0.10701360829912446,0.31708073419298444,-0.05118778736485685,0.23849066848180814,0.2551778068509461,0.9284676128415691
-0.6586355805531483,-1.2834033689635482,0.38086848787113836,1.6648291998509341,0.669116967455766,-2.2181118718076074,-1.420379131739672,-0.5583671026979379,0.7413143656434326,-0.8038061036828725
-1.8642722989505558,-2.1342715313118967,-1.101413438863178,-4.686988846744888,-1.4740054590385039,-0.3852619758049145,-2.991348897992539,1.3318074788617233,-1.6606533411920867,3.2228101010156616
1.6619518462597067,0.1297893168647357,-1.8574029099224476,-0.06461385574645004,0.8089175321346218,0.43445608304214584,-0.857319102505394,-0.17628317954547423,0.18811536972587187,-0.5767437882062452
-2.9092857668178587,-0.6806654289437784,1.00976446293521,2.0053348005876748,-0.38874677010537223,-0.7639049824892581,-0.7597357112149393,2.125761148509803,-1.7310937278346343,-0.2752650722050409
-5.101591221354822,-1.1373845902545752,-0.478180680447508,0.500798290557244,0.8748061380097992,1.4940523334997442,-0.8617447297312864,1.9075118670814586,1.34790982826549,-0.9145182004664808
3.5842192684021024,-1.404389956469205,1.4923120443583997,0.7934277041273688,0.25760066524846276,-1.7428122965263488,-0.06248279052536626,0.7898971241561222,0.7958644501427246,-0.05218605131763216
0.8164507678154568,1.1418445549023555,4.2005214998103595,-0.6782435722818542,0.9204614536045949,0.707289324875851,-0.8636521724002709,0.6591008014782939,0.2634620798877813,-1.0679870987817575
1.6028057787013712,-1.6376759116526536,-1.057579882626688,1.9634426079431366,-0.5295273669701124,-0.649090134358907,-0.15244586155760312,-0.7936201901153749,-0.4460098735256405,0.5283636795039228
-2.168265647930991,1.2802959994660417,1.9744890317478383,-2.5132368499455087,3.2032246311020747,-1.047977296670712,-0.007935718776853444,-0.03281961733270707,2.7586835144856208,-0.26972701843853425
2.7068044365997443,-0.9939481233542187,2.7716801296732876,-0.14090849092499744,0.16660422721863757,0.6985130866727697,-0.06256302629494545,-0.9195865361859055,-0.8887417126304147,-0.5023355025505813
-3.7260023659711727,1.4275066177975888,1.770699836598775,0.5099859724592333,3.521322475753954,-0.0791426248853813,-2.0614797065155503,-1.3073231552542979,0.8476110110097633,1.106729132716635
-1.6583919164364014,-0.31719502065136956,0.45293679695187156,0.8719592895732464,0.8932140711597408,1.3903897204005324,-0.333874149992337,1.6878932525676174,0.2518555846097725,-0.3502539783794296
-1.2386752730261719,-0.39496150897368554,0.22809932098674812,-0.565062787087604,1.04670360931357,0.570008587785084,-2.075208860241269,1.1781061783647684,-0.35519160568458147,0.5148651729190971
0.10749077648032383,0.18699803965192174,0.034288883581813784,0.25510811895043084,-2.2635274795713802,1.2302214043023951,2.6349406368037136,0.3339525477118793,-0.25121657451101753,1.1454233596513634
2.847032307424646,-0.10651770425154991,2.1746814727045285,-0.9014662760499108,-0.23688656706871983,0.8718409289825197,0.14074797273643222,-0.2358186600256731,-0.1951400372806261,0.0025753655195303055
-2.702116750243327,0.5543098525736964,1.0881491232849934,0.6448775756082025,0.4413212364401672,0.5003119697517706,-3.969038569509177,-2.4377398355308006,0.9938720762509726,0.7590676839144589
2.3876915120034883,-1.0171233427646966,2.036567718198907,0.7525894180604873,0.26723379650505036,-0.616982787208952,-0.6091043969666867,0.5272249576946906,0.651092085705978,0.4415992328455404
-2.12624343156554,-0.3641498914173457,0.29714971204234725,1.2418341282186653,0.45741048152786395,0.4002972335523761,-0.8589349342480572,0.924969688164986,0.2606574731023633,-0.7737180249500606
1.8110644498236619,0.3692812687263152,-0.6052258702297841,0.8624058667715977,1.5243457889986831,1.0256900481607767,-1.349806600784581,1.8424777185746957,-0.7748225792663416,-0.249292387266058
1.4285246846398414,-1.2785108455494456,0.13094012804398142,-0.7957518788749259,0.7437426653554313,2.8273477619029674,0.7555599815910373,-1.095870727381347,-0.03904701351049061,-0.36226725001917476
4.488004887358451,-0.8668838615065435,0.43584401812657314,-1.5776040349742906,1.2963523456395607,1.055460298180104,0.546678775585335,0.39771647923975134,1.5022364624904487,0.9608246236345969
0.2062128530042371,-0.214143892548167,-0.02333156867268312,-0.5050608449100499,-1.9846213297024362,0.346539383534672,1.5562497677355458,-1.2171350782182848,0.37439054641860475,0.42102074353637303
3.0405785686771583,-0.9563652133800014,-2.0487852072778874,-0.48380904313364176,0.22107463283107484,1.5521907947787794,0.526468973015659,0.42963696029433673,0.43802887338846824,0.7621950881987053
1.4287253547153633,0.9361217400719043,-1.2756840038255863,0.8515828288964065,-1.0463591618488632,-2.0039785547260265,0.30959825034821425,1.0279070525836915,-1.1340994421879333,-0.15672388287219477
-1.0478570102293483,-0.5390597960397687,0.029140803683104382,-0.5709436652642782,2.7161078173873574,-0.3410995004553392,0.2836021896867037,-2.2766406119071294,1.626240655627013,1.4888226143864234
3.9019011277550235,-0.9527494940281589,1.517527861119143,0.33644702283598465,-0.0018395906215391495,-0.6027508725100988,1.3409355537337488,1.6016597888228992,0.2521218690983048,0.39749520095237123
1.6727106064007655,-0.680808469234543,-0.7206942371500006,0.9600701103297704,-1.3125518844993431,-0.0800570939662773,0.24161511302351613,0.42324056158283674,-1.4629673406117518,1.4552694647547286
1.5567831929566522,0.8595076152568393,-1.5716247567132444,0.09161349747874378,-0.2540799933339716,-0.5419007929288493,-0.5522163865292716,0.17125301081549774,-0.9969789426648445,0.6535911808870762
1.420324461989255,-0.06154227486292531,-1.8385210368116198,-0.4473747567578453,1.1833994392549232,0.5454258121325216,-0.280248690742393,0.18938205722316495,0.27415140626828377,-0.4519294180440021
0.10280688628460301,-0.4321004166846664,-1.1250453740034534,1.56028855609165,0.08336588288545183,-1.9110127104100791,-1.4439522388051136,-0.03009019781883599,0.14193974202072632,-0.5342672595235529
2.162641947419851,-0.10820329434937045,3.069110140102047,-1.4656747914191077,-1.143921422890702,-0.4890066456728428,1.251888037848995,-0.40393429426566124,1.0830445052760331,0.4151616080932177
-4.197827831564777,0.9610880445583466,0.8239263020402182,-6.434563749394624,0.6163849444317756,-1.7084890631098304,-1.743491133186813,1.1585272091109458,-3.4723235991397807,1.6133396479133018
-4.6889866584739535,3.5407956414827266,1.6139356946808958,-1.7149208748525542,2.7919899932366143,-0.9917864993273668,3.1215404617201865,-0.8430304565779327,-2.7771755916511824,1.248667531986565
-4.235304273564949,-1.9292140799963107,0.7441603121169692,1.539434567366844,-0.32809962490920913,-0.9327266314786742,0.5081979971895589,0.14555528382184926,0.2301681444754156,-1.3079145280979743
-3.007984637606993,-0.6646006893101909,-0.9230137319043996,2.1728692608161984,-0.33885871813031615,-1.1925551406187422,-0.9620567079708454,0.49152732335443244,-0.039392488127753936,-1.0991608161212894
1.1652614097898188,-1.92999911335469,0.010767327995714384,-1.5810743546370223,-0.7541894492209554,-1.762095118721141,0.4790244693760958,0.5328883258382844,0.47788320808907714,-0.30405107747516863
0.009598206663360987,1.8504373016141982,-0.64606090713354,-1.1770246770796122,-1.1364250486425111,-1.3324366826960343,-0.49153714347414457,-0.6938966536482721,2.728714638053781,-0.6859971195050218
1.2763532656088135,2.515065752957007,0.9918985044066213,0.20071350313431355,6.971330387137905,-2.2346816089613326,0.4977839322985989,0.21985372073999784,-1.0124069850375126,0.7942073387905095
-5.355457836249274,1.7790508577432032,2.4620851249902844,1.4162531029431924,1.590469963420896,-0.06372658448749983,1.132441715680856,0.04408487222159474,-0.1405409443647765,-0.3331678725681372
-3.146213536003201,-2.3037212455623814,-1.0029568164432607,-0.022255248313796445,0.48145414128548486,-0.9435585161415336,-1.2335902347990562,0.706283109375718,-1.5322577861530213,-0.6954221529762677
1.3655860747107835,0.8873606097900416,2.778282215920828,1.782899140463813,0.7447267987741496,-0.7607869410280449,-0.7286101860832587,1.0023566456099229,0.40218139091321303,-0.3756695175497454
-2.84519721526372,-0.8252109075060029,1.6738144624751428,-0.23305762224985463,1.770598254833782,1.9898088439948052,0.1875489876339805,2.2180522358979755,0.7125095713123764,0.17791735824600516
-0.8743279674931319,0.3544462024613396,-0.8469990575563351,-0.7486908522873731,-0.7455536900118916,0.8106438662161586,0.683677236810193,-1.0557171378537098,-0.3542608329878841,-1.1198172505639026
-0.2059160155779602,-0.5580234550076497,-0.9800173245551094,1.2712122102588888,-2.24614154854075,-0.9598194554293182,0.5495929292350857,-0.4720646715863778,0.2932432428332978,-0.20020572060630987
-2.9027874862088145,1.173977919182088,-0.050750287435045886,-3.638461891309945,-2.861278124944379,1.2277855351556608,-0.9526443181758505,1.3617138398061983,-4.592396751094109,1.327362570429651
-2.2889235123995837,1.9875504226747585,-2.1755262830598197,1.4536098202751946,-0.012380385198140869,2.511179658205265,-2.323538994517801,-0.9752277202974005,1.4347915513369849,-0.20927396145732202
1.355452432628636,-2.0408726720239714,-1.3235726682866948,-1.2396675982810157,0.1735118959894326,0.1688774200989336,-0.17293890431263853,-2.235963041480842,1.6904444088511377,-0.19256793231099353
2.2236951591213314,-0.41141209135753465,2.246204137214632,-0.5301910151954798,-0.5327992698611096,0.6312664762175295,0.7067336649285864,-1.049016823199443,-0.3609997354306524,-0.6122809302204164
-2.8409422414770615,-0.0544213123745321,-2.8475644204978483,0.6425016256230955,-0.6398992844468734,0.4140229985529384,-0.6961685958113121,-0.6198566915222533,0.305621784047208,-1.3809961020541053
-0.33677146078571313,-0.7103435080462156,-0.6392111218449764,-1.2064298733588492,1.1214888785383545,-0.25650026265995995,-1.2928911328172372,0.32478133336089854,0.9343676400717724,-2.174844334513944
1.8486906632846962,1.2791742106964774,-2.0598386996384637,1.281146748425929,0.5631076816504565,-2.185361411510496,0.7624637326383985,-0.3507991160681311,-1.2570933942267397,0.8760548438225527
-3.7406242135933967,-1.3637872907669821,-0.4231754386532021,0.34521410089853416,0.6424350058884178,0.7516334520798373,-0.5589980297432658,0.41494290563726194,0.8726018061516542,-1.0885756598555305
-0.16455011166421735,-1.30910353836872,3.6245537216526764,-1.7098864506109934,-1.5563776654753883,-0.9804453865918944,0.07851233399229755,-0.5601956130717523,-0.3205746130093743,-1.2138908550457446
-0.7428035976892259,0.5884155788878,-1.0176089066099916,0.8438577067006684,-0.3068263029688283,0.8352640788664636,-0.14654568145898497,-0.06402755377513294,-0.1529930179318809,-0.4212379032038491
0.9373865376733164,-1.8922570405370769,-0.3314375269663145,-1.188783397511591,0.19328951764280705,0.10956475419658221,-0.6774272058226825,-0.9807052176731872,0.7617573755839657,0.3568696920178112
-6.992840050317227,-2.5535940206173375,0.9066545660390947,-0.34647772004012023,0.1228215925363755,1.7390851900762034,0.8259685629468205,-0.6127077291634774,-0.8821196564754491,-1.7029253289127018
-4.635892058918088,1.8049924273484494,1.3621052278446806,2.217364032240564,-1.24254755425223,1.969350677225576,0.7154802326378144,1.683645361462406,1.6885025271433447,-0.19280377638356122
0.8975489231122125,-0.7581439183220109,-0.5465234946256964,-0.39159309309318935,-2.4998713711823504,-1.7464232396252162,1.9469924979143922,0.07327409638714946,-0.07589362042325644,0.24900550089623819
0.5296141089552155,-2.2457757552845434,0.7452356629848571,-1.0775879522977885,-0.3176039789134298,0.23180007279774179,0.24081810486609098,-0.45150567177582857,-1.2291730933936158,-0.7669401532045466
3.6808265827450746,-0.22108368014151475,1.7119149208340332,-1.1953524997295069,0.5293279443478445,1.5115537215685075,0.4626920752018415,-0.1954280002321559,0.017488644315329576,-0.07390371757987602
-0.4922138664697095,-1.6161787795852447,1.4198460618844853,0.4594493500659325,-1.0242669717095945,0.0766504012707807,-0.06349626096072922,-1.32803427898913,-0.598623743615542,-0.5550992548723575
0.21433262670456754,-0.6624278406771454,-0.8600366048833625,0.3494319957055783,1.2220936664735191,0.6684065900515042,-1.0247152388846277,-1.2793049170198203,-0.26935148841473644,-0.24373926485570768
0.5364954954487634,-1.7033418904689175,0.49210362478635283,0.5249394384725254,0.8593994034676835,1.5618046146380395,-0.8485478964041189,-1.488172905436165,1.5351703163793595,1.2155006490764901
1.071977077812418,-1.00973882506576,-0.19001254015140473,-1.526599563296695,0.9662608951450414,1.08968543606233,1.372508213632839,-1.2703919245694577,-1.955191079869312,-1.4310027349773804
-4.7980171099716475,0.048570095406759675,-0.26192837027444926,1.654316785920466,-0.9234442752443414,0.9707610975848097,1.062366982698571,2.2761039804046423,0.2988746151223094,-0.5079806662155366
-3.151577442352867,-0.7768040845722463,1.2461240542308551,0.31319070931148335,1.7674913348536958,1.2198561283483997,-1.0008726899167169,2.137991511138209,1.2535199087783948,-0.48350478202156055
-1.3642106690752607,-3.246474818264956,-1.1555443345358933,-0.6975621103135289,-0.054387660576247006,0.7177933483418806,0.27674832644772424,-0.6891411460804546,-0.8202885264990142,1.323703759179549
3.0096856329055592,0.7935273772562497,1.064980084620217,0.29455309467108526,1.6034392577465295,-0.13786984554595605,-0.8716838357088258,1.4886111359886556,0.5469609191093319,-0.4741687120712754
-4.555283476294029,0.7307304138012061,0.2898771417020833,0.1964246666923175,-1.1982327066389926,-0.49176223036044736,-3.093528470430669,0.32234875126243856,0.798790743145124,-0.25140061433147415
0.7361537624480129,1.4399342581054055,0.35103017920421736,1.0400576070539704,0.4075859777818145,0.3984307041081423,-1.2779180869192126,-0.12716343747426795,0.6680162715811464,0.35395465811524507
1.5345642936967379,0.18928975505126294,-1.4440943416027943,-0.20431826435993788,0.4931450585595179,0.42024329566697066,0.157659173745149,0.6996845802054767,-1.374246622311093,0.47684257401590385
2.8237838923403293,1.945424471996682,0.06589323176964539,1.050794888040869,-0.3344032171362341,-1.3848097606526577,-0.4591681660204561,0.2638046685923511,0.41783981723591374,-0.2604960178743392
1.0503219986487706,0.5562305408695039,-2.174651973618415,1.304936435485015,0.2644180302212513,0.7730813906894356,-0.5326431894330448,1.2176379532465411,-0.9770790661717488,-0.6174617400691141
-6.407928648386071,0.026719992847317728,2.183044057639082,-0.40965693321415586,3.987350748007779,1.0682246242036113,-0.4751601957404959,0.8627987442631917,1.3758230835309084,0.10494343313866689
3.2767241957541677,3.3376441410167286,0.6694700379945278,-0.5236148761352137,-0.6469647643806612,0.8341860060184079,0.030934172358585563,0.7577813755990207,0.20422814253701138,0.7472167326585669
-2.64642264379444,-1.815593381301764,0.808712427515757,0.5241269864526034,1.766820191633783,0.7059079273429008,-1.0293983016104136,0.5064959925140096,0.42162757697366265,-0.765305749871071
-0.19849380839372552,1.1283472354835384,-0.3600223108656041,0.6170899338304551,-0.24915693113417164,-0.0005834918105025194,0.3501496741451243,0.6427305958150654,0.879188243404765,-0.6051861823772076
0.39085052354086974,2.569767075912613,-0.42835412657782534,0.5367995117764875,-1.1003024659143277,1.0017004185122937,-1.1192937077410365,-2.6048371077403467,1.3346947784071836,-0.8541281167618254
-0.035968049426025134,1.8094471519995636,-0.12467616207408469,1.5452996652157511,-0.7560786589289273,0.4972262193822103,-0.5824699869683699,0.9302791067723996,-0.6055056995831519,-0.536369785818544
-2.6476328018760316,-1.4793425783716148,0.8990935242001001,0.20702016324478634,1.1974330506659032,0.6969754878988197,-1.2989166023359076,-0.7854065287373221,0.5115591644611257,-0.4386256602868228
-2.146966457996266,-1.2199516740528409,-0.37779560144228,-6.622820801334568,-2.25676918084808,-4.410603325288565,-2.1053796846721995,3.0902240808641346,-2.0837812961369893,0.668424206158337
3.107251487301976,1.600880881388243,1.433582289964569,-0.5379693248262984,0.42937760936448516,0.04257468889571378,0.5575072551175625,-0.11481608247708633,-0.5255575557924672,-1.3750104679540505
-3.1418700338055783,-3.6303721005419423,-0.7331264208079267,0.021884432790191147,-0.02538791744952768,-0.44315017786371846,-0.9968511804265503,0.5403617486600474,-0.37364154544552935,0.07073941942325879
-0.6738222922144264,-1.8471875370234976,-1.859548116305455,-2.4479771522438996,0.8946247762117212,-0.7486203326826807,0.08887525718204392,1.0580942182578543,0.5907230207062819,-1.2653293226147355
-1.5031270500761558,-0.778706172352948,-2.130560982217993,-0.4767214721978385,0.5592453757184161,1.6220250018665785,0.7197355629746962,0.02541884743242103,-0.21684287712118766,0.2563189257283755
-4.815527576196619,-0.49401222736347783,0.407630327422666,-5.731388410268827,-1.2031484041472547,-1.3673947182532156,-4.552598423085976,1.346296769019695,-0.3129813932229808,2.1519614480888967
1.776741008324355,-2.716948069388391,-0.36118286208651423,0.6587321614203198,0.3612644352724761,-1.1232934190426698,-0.03025022867203773,0.21036800968909544,-0.601783980822395,0.805247390522188
2.220943401409931,-1.9228667697844228,-0.6288783562512441,-1.3805503201782678,0.6974435989923349,0.9171618908892955,0.30872500818433607,0.17188619695810237,0.8411965290041513,0.18328613138759695
1.028684012896754,0.8484996223903076,3.302247151792013,1.0867294414330435,-1.2485004995296314,1.760989183037747,-0.9276462357536088,-1.847418533837451,-0.4825675858891982,-0.2603340560580693
-2.941185894580426,-0.2390728970576898,-1.3192761205900347,0.5100596632456434,0.5081631585855656,1.5422531892020037,-0.2453905842774151,0.4285194324171932,0.9879386510364756,-0.7639442275483392
1.1194566611982322,1.3906182466596209,-0.7553635612931576,-0.4275732494297977,-0.8241935950085908,1.213945182252913,0.4804784614759078,-0.527738843392639,-2.562744850827345,-0.9951931560864063
2.212465501792701,-0.9193811558936528,-1.1732355209472416,-0.1296643669882254,-0.7738875225389988,0.37751246765763175,1.0878019786781814,-1.863415629735343,0.2647267540725706,0.1409042684212509
0.8042399012484818,-0.887686582738296,1.278625299613882,-2.781036270153511,1.6916071469267144,1.4195978754936989,-1.8865093267350317,0.26067958896836435,3.359580241972583,0.3134234036726108
